AccountID,CustomerID,AccountType,Currency,Status
ACC0001,CUST0101,Credit,INR,Suspended
ACC0002,CUST0436,Savings,AUD,Closed
ACC0003,CUST0138,Credit,EUR,Suspended
ACC0004,CUST0261,Checking,USD,Suspended
ACC0005,CUST0489,Savings,USD,Active
ACC0006,CUST0785,Savings,INR,Closed
ACC0007,CUST0239,Checking,EUR,Closed
ACC0008,CUST0932,Loan,CAD,Suspended
ACC0009,CUST0880,Savings,INR,Closed
ACC0010,CUST0086,Loan,USD,Closed
ACC0011,CUST0291,Savings,CAD,Closed
ACC0012,CUST0613,Credit,AUD,Closed
ACC0013,CUST0898,Loan,USD,Closed
ACC0014,CUST0557,Credit,EUR,Suspended
ACC0015,CUST0419,Savings,INR,Suspended
ACC0016,CUST0264,Credit,INR,Closed
ACC0017,CUST0194,Savings,EUR,Active
ACC0018,CUST0006,Savings,USD,Closed
ACC0019,CUST0727,Credit,EUR,Active
ACC0020,CUST0762,Savings,INR,Suspended
ACC0021,CUST0809,Checking,USD,Suspended
ACC0022,CUST0008,Savings,GBP,Suspended
ACC0023,CUST0592,Savings,USD,Closed
ACC0024,CUST0536,Checking,CAD,Suspended
ACC0025,CUST0121,Loan,AUD,Closed
ACC0026,CUST0533,Checking,EUR,Closed
ACC0027,CUST0008,Checking,AUD,Suspended
ACC0028,CUST0385,Checking,USD,Suspended
ACC0029,CUST0671,Checking,USD,Suspended
ACC0030,CUST0211,Loan,USD,Active
ACC0031,CUST0705,Savings,CAD,Active
ACC0032,CUST0824,Credit,AUD,Closed
ACC0033,CUST0324,Loan,AUD,Active
ACC0034,CUST0419,Loan,EUR,Active
ACC0035,CUST0371,Savings,USD,Suspended
ACC0036,CUST0110,Checking,EUR,Suspended
ACC0037,CUST0159,Checking,CAD,Closed
ACC0038,CUST0437,Loan,GBP,Closed
ACC0039,CUST0668,Credit,INR,Active
ACC0040,CUST0600,Checking,INR,Closed
ACC0041,CUST0260,Loan,CAD,Suspended
ACC0042,CUST0268,Credit,GBP,Suspended
ACC0043,CUST0876,Credit,USD,Active
ACC0044,CUST0549,Credit,INR,Suspended
ACC0045,CUST0434,Credit,AUD,Suspended
ACC0046,CUST0579,Loan,AUD,Suspended
ACC0047,CUST0375,Loan,EUR,Suspended
ACC0048,CUST0627,Credit,GBP,Suspended
ACC0049,CUST0283,Checking,EUR,Active
ACC0050,CUST0697,Checking,USD,Closed
ACC0051,CUST0407,Loan,AUD,Active
ACC0052,CUST0774,Credit,EUR,Active
ACC0053,CUST0209,Credit,GBP,Active
ACC0054,CUST0424,Loan,USD,Closed
ACC0055,CUST0566,Loan,USD,Suspended
ACC0056,CUST0803,Loan,GBP,Closed
ACC0057,CUST0571,Savings,EUR,Active
ACC0058,CUST0495,Savings,CAD,Closed
ACC0059,CUST0184,Credit,EUR,Active
ACC0060,CUST0380,Savings,INR,Suspended
ACC0061,CUST0573,Checking,GBP,Active
ACC0062,CUST0569,Credit,AUD,Suspended
ACC0063,CUST0496,Savings,EUR,Active
ACC0064,CUST0260,Credit,CAD,Active
ACC0065,CUST0315,Checking,EUR,Closed
ACC0066,CUST0592,Checking,AUD,Suspended
ACC0067,CUST0353,Credit,USD,Active
ACC0068,CUST0793,Savings,EUR,Suspended
ACC0069,CUST0723,Credit,USD,Closed
ACC0070,CUST0408,Checking,INR,Suspended
ACC0071,CUST0754,Savings,AUD,Closed
ACC0072,CUST0142,Savings,CAD,Closed
ACC0073,CUST0876,Loan,EUR,Suspended
ACC0074,CUST0885,Credit,USD,Suspended
ACC0075,CUST0676,Checking,CAD,Active
ACC0076,CUST0122,Checking,USD,Closed
ACC0077,CUST0766,Credit,USD,Suspended
ACC0078,CUST0236,Credit,USD,Closed
ACC0079,CUST0458,Checking,EUR,Active
ACC0080,CUST0802,Checking,USD,Suspended
ACC0081,CUST0717,Credit,INR,Suspended
ACC0082,CUST0973,Credit,INR,Closed
ACC0083,CUST0166,Savings,AUD,Suspended
ACC0084,CUST0103,Loan,GBP,Suspended
ACC0085,CUST0220,Checking,CAD,Closed
ACC0086,CUST0521,Savings,INR,Active
ACC0087,CUST0411,Credit,CAD,Suspended
ACC0088,CUST0805,Loan,INR,Active
ACC0089,CUST0347,Checking,EUR,Closed
ACC0090,CUST0821,Loan,EUR,Closed
ACC0091,CUST0564,Savings,EUR,Active
ACC0092,CUST0629,Credit,INR,Suspended
ACC0093,CUST0714,Savings,GBP,Suspended
ACC0094,CUST0701,Loan,AUD,Closed
ACC0095,CUST0724,Savings,CAD,Closed
ACC0096,CUST0054,Savings,CAD,Suspended
ACC0097,CUST0165,Credit,EUR,Active
ACC0098,CUST0399,Credit,EUR,Closed
ACC0099,CUST0988,Loan,AUD,Suspended
ACC0100,CUST0652,Loan,INR,Suspended
ACC0101,CUST0006,Savings,USD,Suspended
ACC0102,CUST0824,Checking,AUD,Active
ACC0103,CUST0094,Savings,EUR,Suspended
ACC0104,CUST0844,Loan,INR,Closed
ACC0105,CUST0149,Savings,CAD,Active
ACC0106,CUST0483,Credit,AUD,Closed
ACC0107,CUST0949,Savings,USD,Active
ACC0108,CUST0615,Credit,INR,Suspended
ACC0109,CUST0446,Checking,GBP,Suspended
ACC0110,CUST0091,Credit,GBP,Active
ACC0111,CUST0066,Checking,CAD,Suspended
ACC0112,CUST0270,Checking,USD,Closed
ACC0113,CUST0228,Savings,AUD,Suspended
ACC0114,CUST0380,Loan,EUR,Active
ACC0115,CUST0082,Loan,EUR,Closed
ACC0116,CUST0624,Savings,USD,Closed
ACC0117,CUST0039,Checking,AUD,Active
ACC0118,CUST0742,Loan,USD,Closed
ACC0119,CUST0394,Credit,AUD,Closed
ACC0120,CUST0954,Loan,GBP,Active
ACC0121,CUST0411,Checking,AUD,Closed
ACC0122,CUST0629,Checking,AUD,Suspended
ACC0123,CUST0672,Credit,EUR,Suspended
ACC0124,CUST0534,Savings,CAD,Active
ACC0125,CUST0294,Loan,INR,Closed
ACC0126,CUST0729,Savings,INR,Closed
ACC0127,CUST0987,Loan,EUR,Suspended
ACC0128,CUST0612,Credit,GBP,Suspended
ACC0129,CUST0059,Savings,USD,Active
ACC0130,CUST0969,Loan,EUR,Suspended
ACC0131,CUST0793,Loan,USD,Active
ACC0132,CUST0840,Checking,EUR,Closed
ACC0133,CUST0180,Checking,INR,Suspended
ACC0134,CUST0656,Loan,CAD,Closed
ACC0135,CUST0507,Checking,CAD,Suspended
ACC0136,CUST0450,Loan,EUR,Suspended
ACC0137,CUST0011,Loan,EUR,Closed
ACC0138,CUST0207,Checking,INR,Closed
ACC0139,CUST0871,Checking,USD,Suspended
ACC0140,CUST0673,Checking,USD,Active
ACC0141,CUST0954,Savings,INR,Suspended
ACC0142,CUST0824,Credit,GBP,Suspended
ACC0143,CUST0531,Loan,GBP,Suspended
ACC0144,CUST0293,Credit,EUR,Closed
ACC0145,CUST0200,Savings,CAD,Closed
ACC0146,CUST0035,Savings,GBP,Suspended
ACC0147,CUST0803,Loan,GBP,Closed
ACC0148,CUST0614,Loan,AUD,Closed
ACC0149,CUST0523,Credit,CAD,Active
ACC0150,CUST0529,Credit,USD,Active
ACC0151,CUST0716,Checking,USD,Closed
ACC0152,CUST0238,Credit,INR,Closed
ACC0153,CUST0630,Credit,USD,Closed
ACC0154,CUST0174,Savings,AUD,Active
ACC0155,CUST0691,Credit,EUR,Closed
ACC0156,CUST0037,Checking,EUR,Suspended
ACC0157,CUST0369,Credit,USD,Active
ACC0158,CUST0245,Loan,CAD,Closed
ACC0159,CUST0671,Checking,AUD,Closed
ACC0160,CUST0001,Loan,USD,Suspended
ACC0161,CUST1000,Savings,USD,Suspended
ACC0162,CUST0162,Checking,EUR,Closed
ACC0163,CUST0089,Checking,INR,Closed
ACC0164,CUST0283,Credit,CAD,Closed
ACC0165,CUST0799,Checking,AUD,Suspended
ACC0166,CUST0410,Savings,AUD,Closed
ACC0167,CUST0362,Savings,GBP,Closed
ACC0168,CUST0686,Savings,CAD,Closed
ACC0169,CUST0405,Checking,EUR,Active
ACC0170,CUST0416,Checking,INR,Closed
ACC0171,CUST0601,Credit,INR,Active
ACC0172,CUST0206,Savings,GBP,Suspended
ACC0173,CUST0531,Credit,EUR,Suspended
ACC0174,CUST0016,Savings,USD,Active
ACC0175,CUST0755,Credit,GBP,Active
ACC0176,CUST0721,Loan,EUR,Active
ACC0177,CUST0071,Loan,USD,Closed
ACC0178,CUST0942,Savings,EUR,Closed
ACC0179,CUST0093,Credit,INR,Suspended
ACC0180,CUST0563,Checking,CAD,Suspended
ACC0181,CUST0292,Checking,EUR,Suspended
ACC0182,CUST0744,Checking,CAD,Suspended
ACC0183,CUST0850,Credit,EUR,Active
ACC0184,CUST0573,Loan,USD,Closed
ACC0185,CUST0937,Checking,CAD,Active
ACC0186,CUST0597,Savings,AUD,Suspended
ACC0187,CUST0357,Loan,CAD,Suspended
ACC0188,CUST0356,Savings,USD,Suspended
ACC0189,CUST0987,Credit,CAD,Closed
ACC0190,CUST0836,Checking,EUR,Active
ACC0191,CUST0284,Savings,EUR,Suspended
ACC0192,CUST0232,Credit,AUD,Closed
ACC0193,CUST0621,Checking,CAD,Closed
ACC0194,CUST0987,Credit,EUR,Active
ACC0195,CUST0200,Savings,CAD,Suspended
ACC0196,CUST0466,Loan,GBP,Active
ACC0197,CUST0953,Savings,EUR,Active
ACC0198,CUST0414,Savings,CAD,Active
ACC0199,CUST0589,Loan,INR,Active
ACC0200,CUST0005,Credit,EUR,Active
ACC0201,CUST0268,Credit,INR,Active
ACC0202,CUST0180,Savings,GBP,Suspended
ACC0203,CUST0417,Savings,GBP,Suspended
ACC0204,CUST0519,Credit,EUR,Suspended
ACC0205,CUST0110,Loan,GBP,Closed
ACC0206,CUST0573,Checking,EUR,Suspended
ACC0207,CUST0075,Loan,USD,Suspended
ACC0208,CUST0516,Savings,INR,Closed
ACC0209,CUST0302,Credit,AUD,Active
ACC0210,CUST0349,Loan,USD,Active
ACC0211,CUST0970,Savings,GBP,Active
ACC0212,CUST0120,Checking,EUR,Suspended
ACC0213,CUST0823,Checking,USD,Active
ACC0214,CUST0526,Loan,CAD,Active
ACC0215,CUST0980,Savings,CAD,Suspended
ACC0216,CUST0264,Savings,CAD,Suspended
ACC0217,CUST0898,Checking,EUR,Closed
ACC0218,CUST0551,Credit,GBP,Closed
ACC0219,CUST0833,Credit,EUR,Active
ACC0220,CUST0813,Loan,GBP,Closed
ACC0221,CUST0589,Loan,AUD,Active
ACC0222,CUST0257,Checking,EUR,Closed
ACC0223,CUST0711,Savings,INR,Suspended
ACC0224,CUST0454,Credit,AUD,Active
ACC0225,CUST0990,Credit,EUR,Active
ACC0226,CUST0387,Credit,AUD,Active
ACC0227,CUST0577,Credit,AUD,Suspended
ACC0228,CUST0496,Checking,EUR,Closed
ACC0229,CUST0789,Credit,USD,Suspended
ACC0230,CUST0250,Savings,CAD,Active
ACC0231,CUST0776,Credit,AUD,Suspended
ACC0232,CUST0348,Loan,CAD,Suspended
ACC0233,CUST0985,Savings,EUR,Closed
ACC0234,CUST0795,Credit,AUD,Closed
ACC0235,CUST0470,Checking,CAD,Active
ACC0236,CUST0698,Checking,CAD,Suspended
ACC0237,CUST0472,Credit,GBP,Closed
ACC0238,CUST0919,Loan,USD,Active
ACC0239,CUST0601,Checking,INR,Active
ACC0240,CUST0883,Savings,CAD,Active
ACC0241,CUST0029,Loan,INR,Closed
ACC0242,CUST0494,Checking,EUR,Closed
ACC0243,CUST0120,Loan,EUR,Closed
ACC0244,CUST0265,Checking,GBP,Active
ACC0245,CUST0070,Checking,CAD,Closed
ACC0246,CUST0392,Loan,AUD,Closed
ACC0247,CUST0649,Credit,EUR,Closed
ACC0248,CUST0808,Credit,AUD,Closed
ACC0249,CUST0226,Loan,EUR,Suspended
ACC0250,CUST0694,Checking,AUD,Suspended
ACC0251,CUST0719,Checking,USD,Active
ACC0252,CUST0236,Checking,CAD,Active
ACC0253,CUST0820,Checking,USD,Closed
ACC0254,CUST0324,Checking,USD,Active
ACC0255,CUST0423,Credit,CAD,Suspended
ACC0256,CUST0979,Checking,INR,Suspended
ACC0257,CUST0362,Loan,AUD,Closed
ACC0258,CUST0529,Checking,USD,Closed
ACC0259,CUST0549,Checking,CAD,Suspended
ACC0260,CUST0010,Credit,AUD,Closed
ACC0261,CUST0718,Savings,CAD,Closed
ACC0262,CUST0853,Savings,CAD,Active
ACC0263,CUST0270,Checking,INR,Suspended
ACC0264,CUST0255,Credit,USD,Active
ACC0265,CUST0295,Checking,CAD,Active
ACC0266,CUST0096,Savings,CAD,Active
ACC0267,CUST0409,Credit,EUR,Active
ACC0268,CUST0690,Loan,USD,Active
ACC0269,CUST0767,Loan,AUD,Suspended
ACC0270,CUST0841,Credit,USD,Suspended
ACC0271,CUST0351,Loan,INR,Suspended
ACC0272,CUST0078,Credit,INR,Suspended
ACC0273,CUST0568,Checking,CAD,Closed
ACC0274,CUST0954,Checking,EUR,Active
ACC0275,CUST0183,Savings,EUR,Suspended
ACC0276,CUST0488,Checking,GBP,Closed
ACC0277,CUST0322,Checking,GBP,Suspended
ACC0278,CUST0363,Savings,EUR,Closed
ACC0279,CUST0224,Credit,INR,Active
ACC0280,CUST0916,Checking,USD,Suspended
ACC0281,CUST0588,Checking,USD,Closed
ACC0282,CUST0276,Checking,CAD,Suspended
ACC0283,CUST0188,Savings,INR,Suspended
ACC0284,CUST0970,Credit,GBP,Closed
ACC0285,CUST0765,Savings,EUR,Active
ACC0286,CUST0700,Loan,INR,Suspended
ACC0287,CUST0953,Checking,CAD,Active
ACC0288,CUST0932,Loan,AUD,Suspended
ACC0289,CUST0195,Credit,INR,Suspended
ACC0290,CUST0511,Checking,AUD,Closed
ACC0291,CUST0755,Loan,USD,Suspended
ACC0292,CUST0205,Loan,CAD,Suspended
ACC0293,CUST0241,Loan,CAD,Active
ACC0294,CUST0754,Checking,EUR,Closed
ACC0295,CUST0248,Checking,INR,Closed
ACC0296,CUST0894,Checking,CAD,Active
ACC0297,CUST0272,Checking,EUR,Closed
ACC0298,CUST0212,Savings,GBP,Closed
ACC0299,CUST0235,Loan,INR,Active
ACC0300,CUST0208,Savings,CAD,Closed
ACC0301,CUST0855,Credit,INR,Closed
ACC0302,CUST0256,Loan,INR,Active
ACC0303,CUST0857,Checking,USD,Suspended
ACC0304,CUST0634,Checking,INR,Closed
ACC0305,CUST0365,Checking,USD,Suspended
ACC0306,CUST0160,Savings,CAD,Suspended
ACC0307,CUST0798,Checking,INR,Closed
ACC0308,CUST0110,Loan,GBP,Closed
ACC0309,CUST0123,Loan,AUD,Suspended
ACC0310,CUST0943,Credit,USD,Closed
ACC0311,CUST0081,Loan,GBP,Active
ACC0312,CUST0693,Checking,CAD,Closed
ACC0313,CUST0979,Loan,GBP,Active
ACC0314,CUST0680,Loan,INR,Suspended
ACC0315,CUST0505,Savings,AUD,Suspended
ACC0316,CUST0629,Loan,AUD,Active
ACC0317,CUST0007,Credit,AUD,Suspended
ACC0318,CUST0783,Loan,EUR,Suspended
ACC0319,CUST0878,Savings,INR,Suspended
ACC0320,CUST0555,Savings,USD,Active
ACC0321,CUST0981,Loan,AUD,Active
ACC0322,CUST0044,Loan,GBP,Suspended
ACC0323,CUST0869,Savings,INR,Active
ACC0324,CUST0494,Checking,USD,Active
ACC0325,CUST0381,Loan,AUD,Suspended
ACC0326,CUST0636,Savings,INR,Closed
ACC0327,CUST0323,Loan,GBP,Suspended
ACC0328,CUST0505,Savings,USD,Closed
ACC0329,CUST0920,Checking,USD,Suspended
ACC0330,CUST0903,Credit,CAD,Active
ACC0331,CUST0919,Loan,GBP,Suspended
ACC0332,CUST0589,Loan,CAD,Active
ACC0333,CUST0890,Credit,AUD,Suspended
ACC0334,CUST0282,Credit,USD,Suspended
ACC0335,CUST0503,Loan,GBP,Closed
ACC0336,CUST0188,Checking,GBP,Suspended
ACC0337,CUST0783,Loan,EUR,Suspended
ACC0338,CUST0938,Credit,INR,Closed
ACC0339,CUST0524,Savings,AUD,Suspended
ACC0340,CUST0287,Checking,INR,Active
ACC0341,CUST0408,Loan,USD,Active
ACC0342,CUST0228,Loan,AUD,Closed
ACC0343,CUST0769,Savings,INR,Suspended
ACC0344,CUST0591,Savings,EUR,Closed
ACC0345,CUST0132,Checking,EUR,Active
ACC0346,CUST0056,Checking,GBP,Suspended
ACC0347,CUST0539,Loan,EUR,Suspended
ACC0348,CUST0819,Loan,AUD,Closed
ACC0349,CUST0434,Credit,USD,Closed
ACC0350,CUST0490,Loan,INR,Closed
ACC0351,CUST0963,Savings,CAD,Closed
ACC0352,CUST0554,Checking,INR,Suspended
ACC0353,CUST0034,Loan,AUD,Suspended
ACC0354,CUST0515,Checking,INR,Closed
ACC0355,CUST0356,Loan,EUR,Active
ACC0356,CUST0404,Savings,INR,Active
ACC0357,CUST0882,Credit,EUR,Closed
ACC0358,CUST0703,Credit,GBP,Closed
ACC0359,CUST0795,Checking,GBP,Active
ACC0360,CUST0179,Savings,GBP,Closed
ACC0361,CUST0469,Savings,AUD,Suspended
ACC0362,CUST1000,Savings,INR,Closed
ACC0363,CUST0124,Loan,CAD,Active
ACC0364,CUST0716,Credit,GBP,Active
ACC0365,CUST0531,Savings,USD,Suspended
ACC0366,CUST0472,Loan,USD,Active
ACC0367,CUST0324,Checking,GBP,Closed
ACC0368,CUST0706,Loan,GBP,Suspended
ACC0369,CUST0009,Loan,CAD,Suspended
ACC0370,CUST0013,Savings,CAD,Closed
ACC0371,CUST0691,Checking,AUD,Active
ACC0372,CUST0216,Credit,AUD,Active
ACC0373,CUST0389,Checking,USD,Active
ACC0374,CUST0595,Checking,CAD,Active
ACC0375,CUST0104,Checking,INR,Closed
ACC0376,CUST0334,Checking,AUD,Closed
ACC0377,CUST0371,Savings,INR,Closed
ACC0378,CUST0628,Loan,AUD,Active
ACC0379,CUST0883,Credit,GBP,Closed
ACC0380,CUST0266,Credit,CAD,Closed
ACC0381,CUST0192,Loan,AUD,Suspended
ACC0382,CUST0562,Credit,GBP,Suspended
ACC0383,CUST0270,Checking,INR,Suspended
ACC0384,CUST0243,Savings,INR,Suspended
ACC0385,CUST0276,Checking,USD,Closed
ACC0386,CUST0483,Checking,EUR,Active
ACC0387,CUST0982,Savings,CAD,Suspended
ACC0388,CUST0628,Credit,USD,Active
ACC0389,CUST0352,Savings,USD,Closed
ACC0390,CUST0375,Loan,CAD,Closed
ACC0391,CUST0189,Loan,EUR,Suspended
ACC0392,CUST0511,Loan,GBP,Suspended
ACC0393,CUST0435,Savings,USD,Active
ACC0394,CUST0216,Loan,USD,Active
ACC0395,CUST0430,Checking,EUR,Suspended
ACC0396,CUST0718,Checking,GBP,Suspended
ACC0397,CUST0771,Loan,USD,Active
ACC0398,CUST0382,Loan,INR,Suspended
ACC0399,CUST0374,Loan,EUR,Suspended
ACC0400,CUST0875,Loan,CAD,Closed
ACC0401,CUST0411,Savings,EUR,Active
ACC0402,CUST0287,Savings,EUR,Active
ACC0403,CUST0462,Checking,AUD,Active
ACC0404,CUST0185,Credit,INR,Closed
ACC0405,CUST0586,Checking,USD,Closed
ACC0406,CUST0135,Savings,GBP,Closed
ACC0407,CUST0590,Checking,CAD,Closed
ACC0408,CUST0703,Checking,INR,Active
ACC0409,CUST0235,Savings,AUD,Active
ACC0410,CUST0834,Credit,EUR,Suspended
ACC0411,CUST0103,Savings,CAD,Active
ACC0412,CUST0739,Checking,GBP,Suspended
ACC0413,CUST0277,Savings,CAD,Closed
ACC0414,CUST0824,Credit,CAD,Active
ACC0415,CUST0242,Credit,INR,Active
ACC0416,CUST0569,Savings,INR,Suspended
ACC0417,CUST0443,Savings,USD,Closed
ACC0418,CUST0877,Savings,GBP,Suspended
ACC0419,CUST0391,Loan,EUR,Closed
ACC0420,CUST0201,Checking,USD,Suspended
ACC0421,CUST0150,Checking,USD,Active
ACC0422,CUST0820,Credit,EUR,Active
ACC0423,CUST0983,Checking,AUD,Suspended
ACC0424,CUST0757,Loan,INR,Active
ACC0425,CUST0154,Credit,GBP,Closed
ACC0426,CUST0485,Savings,CAD,Active
ACC0427,CUST0826,Savings,AUD,Active
ACC0428,CUST0010,Credit,GBP,Closed
ACC0429,CUST0181,Credit,INR,Closed
ACC0430,CUST0432,Credit,INR,Suspended
ACC0431,CUST0512,Loan,GBP,Suspended
ACC0432,CUST0138,Savings,CAD,Closed
ACC0433,CUST0915,Loan,AUD,Suspended
ACC0434,CUST0870,Savings,INR,Active
ACC0435,CUST0646,Credit,INR,Active
ACC0436,CUST0530,Loan,AUD,Closed
ACC0437,CUST0547,Checking,AUD,Active
ACC0438,CUST0738,Savings,CAD,Active
ACC0439,CUST0324,Credit,CAD,Suspended
ACC0440,CUST0805,Credit,GBP,Suspended
ACC0441,CUST0499,Loan,AUD,Closed
ACC0442,CUST0308,Checking,EUR,Suspended
ACC0443,CUST0257,Checking,GBP,Suspended
ACC0444,CUST0576,Savings,EUR,Active
ACC0445,CUST0880,Savings,GBP,Suspended
ACC0446,CUST0582,Savings,EUR,Active
ACC0447,CUST0049,Loan,CAD,Closed
ACC0448,CUST0408,Credit,GBP,Active
ACC0449,CUST0102,Loan,GBP,Suspended
ACC0450,CUST0708,Credit,USD,Closed
ACC0451,CUST0168,Credit,EUR,Closed
ACC0452,CUST0062,Credit,GBP,Active
ACC0453,CUST0221,Checking,GBP,Suspended
ACC0454,CUST0834,Loan,CAD,Active
ACC0455,CUST0261,Loan,EUR,Suspended
ACC0456,CUST0488,Loan,AUD,Active
ACC0457,CUST0860,Checking,EUR,Active
ACC0458,CUST0645,Checking,INR,Suspended
ACC0459,CUST0099,Credit,AUD,Suspended
ACC0460,CUST0461,Checking,GBP,Active
ACC0461,CUST0763,Savings,EUR,Closed
ACC0462,CUST0343,Savings,EUR,Suspended
ACC0463,CUST0267,Savings,INR,Active
ACC0464,CUST0370,Loan,INR,Suspended
ACC0465,CUST0369,Savings,INR,Closed
ACC0466,CUST0574,Checking,EUR,Closed
ACC0467,CUST0571,Loan,EUR,Closed
ACC0468,CUST0955,Loan,EUR,Suspended
ACC0469,CUST0830,Savings,USD,Active
ACC0470,CUST0264,Credit,USD,Active
ACC0471,CUST0353,Credit,GBP,Suspended
ACC0472,CUST0021,Checking,AUD,Active
ACC0473,CUST0422,Savings,EUR,Suspended
ACC0474,CUST0125,Checking,CAD,Closed
ACC0475,CUST0360,Credit,GBP,Suspended
ACC0476,CUST0889,Credit,GBP,Closed
ACC0477,CUST0696,Savings,EUR,Active
ACC0478,CUST0987,Credit,EUR,Closed
ACC0479,CUST0621,Credit,AUD,Suspended
ACC0480,CUST0204,Credit,INR,Closed
ACC0481,CUST0591,Savings,USD,Suspended
ACC0482,CUST0590,Savings,INR,Closed
ACC0483,CUST0666,Credit,GBP,Closed
ACC0484,CUST0665,Credit,GBP,Suspended
ACC0485,CUST0552,Loan,EUR,Active
ACC0486,CUST0179,Savings,GBP,Active
ACC0487,CUST0800,Checking,CAD,Closed
ACC0488,CUST0292,Checking,AUD,Active
ACC0489,CUST0364,Credit,EUR,Active
ACC0490,CUST0333,Credit,AUD,Suspended
ACC0491,CUST0690,Loan,GBP,Active
ACC0492,CUST0523,Loan,USD,Suspended
ACC0493,CUST0500,Savings,USD,Suspended
ACC0494,CUST0794,Checking,CAD,Closed
ACC0495,CUST0755,Loan,CAD,Closed
ACC0496,CUST0458,Checking,EUR,Closed
ACC0497,CUST0911,Loan,CAD,Closed
ACC0498,CUST0081,Credit,GBP,Closed
ACC0499,CUST0391,Loan,EUR,Active
ACC0500,CUST0629,Loan,USD,Active
ACC0501,CUST0294,Savings,INR,Suspended
ACC0502,CUST0475,Credit,AUD,Closed
ACC0503,CUST0647,Credit,AUD,Closed
ACC0504,CUST0980,Savings,GBP,Suspended
ACC0505,CUST0149,Checking,INR,Suspended
ACC0506,CUST0890,Credit,INR,Suspended
ACC0507,CUST0172,Credit,GBP,Closed
ACC0508,CUST0656,Savings,CAD,Suspended
ACC0509,CUST0828,Checking,GBP,Active
ACC0510,CUST0951,Credit,AUD,Closed
ACC0511,CUST0346,Savings,INR,Active
ACC0512,CUST0432,Credit,EUR,Closed
ACC0513,CUST0647,Loan,AUD,Active
ACC0514,CUST0628,Checking,INR,Suspended
ACC0515,CUST0586,Loan,CAD,Active
ACC0516,CUST0415,Checking,GBP,Closed
ACC0517,CUST0870,Savings,INR,Suspended
ACC0518,CUST0929,Credit,USD,Suspended
ACC0519,CUST0074,Credit,INR,Suspended
ACC0520,CUST0082,Savings,CAD,Active
ACC0521,CUST0166,Credit,USD,Active
ACC0522,CUST0352,Loan,EUR,Suspended
ACC0523,CUST0234,Savings,INR,Closed
ACC0524,CUST0322,Loan,AUD,Closed
ACC0525,CUST0325,Checking,USD,Suspended
ACC0526,CUST0669,Credit,GBP,Active
ACC0527,CUST0299,Loan,USD,Suspended
ACC0528,CUST0728,Credit,CAD,Active
ACC0529,CUST0274,Checking,AUD,Suspended
ACC0530,CUST0620,Credit,EUR,Active
ACC0531,CUST0661,Checking,CAD,Active
ACC0532,CUST0405,Savings,GBP,Suspended
ACC0533,CUST0278,Credit,USD,Suspended
ACC0534,CUST0909,Savings,GBP,Closed
ACC0535,CUST0456,Checking,USD,Suspended
ACC0536,CUST0800,Savings,AUD,Suspended
ACC0537,CUST0884,Loan,INR,Suspended
ACC0538,CUST0962,Savings,EUR,Suspended
ACC0539,CUST0372,Loan,AUD,Closed
ACC0540,CUST0766,Checking,AUD,Suspended
ACC0541,CUST0602,Checking,EUR,Closed
ACC0542,CUST0534,Credit,GBP,Suspended
ACC0543,CUST0989,Loan,EUR,Suspended
ACC0544,CUST0462,Credit,USD,Active
ACC0545,CUST0424,Credit,USD,Suspended
ACC0546,CUST0172,Checking,AUD,Closed
ACC0547,CUST0189,Savings,CAD,Suspended
ACC0548,CUST0875,Checking,INR,Active
ACC0549,CUST0024,Checking,INR,Closed
ACC0550,CUST0129,Savings,USD,Closed
ACC0551,CUST0746,Loan,AUD,Closed
ACC0552,CUST0241,Loan,CAD,Suspended
ACC0553,CUST0678,Savings,EUR,Active
ACC0554,CUST0258,Savings,CAD,Active
ACC0555,CUST0964,Credit,GBP,Active
ACC0556,CUST0762,Savings,AUD,Active
ACC0557,CUST0718,Savings,AUD,Active
ACC0558,CUST0768,Credit,AUD,Active
ACC0559,CUST0082,Loan,USD,Active
ACC0560,CUST0216,Savings,INR,Suspended
ACC0561,CUST0171,Savings,GBP,Suspended
ACC0562,CUST0407,Credit,CAD,Active
ACC0563,CUST0106,Savings,EUR,Closed
ACC0564,CUST0098,Credit,INR,Suspended
ACC0565,CUST0066,Checking,CAD,Suspended
ACC0566,CUST0960,Credit,GBP,Active
ACC0567,CUST0900,Checking,CAD,Suspended
ACC0568,CUST0485,Checking,GBP,Active
ACC0569,CUST0562,Credit,USD,Suspended
ACC0570,CUST0056,Credit,GBP,Suspended
ACC0571,CUST0027,Credit,GBP,Closed
ACC0572,CUST0790,Loan,GBP,Closed
ACC0573,CUST0407,Savings,GBP,Suspended
ACC0574,CUST0537,Credit,CAD,Suspended
ACC0575,CUST0784,Checking,AUD,Suspended
ACC0576,CUST0086,Checking,USD,Active
ACC0577,CUST0107,Credit,EUR,Closed
ACC0578,CUST0269,Savings,INR,Active
ACC0579,CUST0633,Savings,CAD,Active
ACC0580,CUST0160,Savings,INR,Suspended
ACC0581,CUST0087,Checking,CAD,Active
ACC0582,CUST0671,Credit,CAD,Active
ACC0583,CUST0954,Credit,GBP,Suspended
ACC0584,CUST0907,Credit,EUR,Active
ACC0585,CUST0400,Checking,INR,Active
ACC0586,CUST0317,Credit,CAD,Closed
ACC0587,CUST0235,Checking,INR,Closed
ACC0588,CUST0254,Checking,CAD,Suspended
ACC0589,CUST0756,Savings,EUR,Closed
ACC0590,CUST0291,Credit,AUD,Closed
ACC0591,CUST0454,Credit,AUD,Closed
ACC0592,CUST0642,Loan,USD,Active
ACC0593,CUST0130,Savings,EUR,Closed
ACC0594,CUST0135,Checking,EUR,Active
ACC0595,CUST0540,Savings,GBP,Closed
ACC0596,CUST0859,Loan,CAD,Closed
ACC0597,CUST0175,Savings,AUD,Active
ACC0598,CUST0030,Savings,GBP,Suspended
ACC0599,CUST0036,Loan,USD,Active
ACC0600,CUST0680,Savings,AUD,Active
ACC0601,CUST0366,Savings,CAD,Suspended
ACC0602,CUST0882,Loan,USD,Closed
ACC0603,CUST0938,Loan,USD,Active
ACC0604,CUST0334,Checking,CAD,Suspended
ACC0605,CUST0885,Loan,INR,Active
ACC0606,CUST0488,Credit,GBP,Suspended
ACC0607,CUST0479,Credit,CAD,Closed
ACC0608,CUST0999,Credit,EUR,Closed
ACC0609,CUST0892,Checking,AUD,Active
ACC0610,CUST0554,Savings,CAD,Suspended
ACC0611,CUST0958,Loan,INR,Suspended
ACC0612,CUST0279,Checking,AUD,Closed
ACC0613,CUST0562,Savings,EUR,Active
ACC0614,CUST0456,Loan,EUR,Suspended
ACC0615,CUST0139,Savings,EUR,Active
ACC0616,CUST0993,Loan,CAD,Active
ACC0617,CUST0972,Credit,GBP,Active
ACC0618,CUST0715,Loan,AUD,Suspended
ACC0619,CUST0553,Loan,CAD,Closed
ACC0620,CUST0182,Checking,USD,Closed
ACC0621,CUST0606,Checking,GBP,Suspended
ACC0622,CUST0612,Checking,AUD,Suspended
ACC0623,CUST0468,Credit,GBP,Closed
ACC0624,CUST0647,Credit,CAD,Suspended
ACC0625,CUST0767,Loan,AUD,Closed
ACC0626,CUST0652,Checking,INR,Closed
ACC0627,CUST0899,Credit,CAD,Active
ACC0628,CUST0578,Credit,EUR,Suspended
ACC0629,CUST0446,Loan,USD,Active
ACC0630,CUST0537,Loan,USD,Closed
ACC0631,CUST0656,Savings,EUR,Closed
ACC0632,CUST0655,Savings,GBP,Suspended
ACC0633,CUST0547,Loan,GBP,Suspended
ACC0634,CUST0318,Savings,INR,Closed
ACC0635,CUST0931,Credit,INR,Closed
ACC0636,CUST0356,Loan,CAD,Closed
ACC0637,CUST0494,Loan,USD,Active
ACC0638,CUST0553,Checking,INR,Active
ACC0639,CUST0233,Credit,INR,Active
ACC0640,CUST0825,Credit,GBP,Closed
ACC0641,CUST0092,Checking,CAD,Suspended
ACC0642,CUST0453,Savings,EUR,Suspended
ACC0643,CUST0316,Loan,CAD,Active
ACC0644,CUST0375,Savings,INR,Closed
ACC0645,CUST0423,Credit,INR,Active
ACC0646,CUST0267,Savings,EUR,Closed
ACC0647,CUST0160,Credit,USD,Closed
ACC0648,CUST0311,Loan,USD,Suspended
ACC0649,CUST0011,Loan,GBP,Active
ACC0650,CUST0001,Loan,CAD,Suspended
ACC0651,CUST0536,Checking,USD,Suspended
ACC0652,CUST0835,Checking,AUD,Active
ACC0653,CUST0777,Checking,INR,Active
ACC0654,CUST0869,Loan,GBP,Suspended
ACC0655,CUST0140,Loan,AUD,Active
ACC0656,CUST0353,Savings,CAD,Active
ACC0657,CUST0294,Credit,AUD,Active
ACC0658,CUST0481,Checking,CAD,Active
ACC0659,CUST0548,Loan,GBP,Suspended
ACC0660,CUST0009,Loan,INR,Suspended
ACC0661,CUST0705,Credit,INR,Suspended
ACC0662,CUST0945,Checking,CAD,Closed
ACC0663,CUST0504,Checking,INR,Closed
ACC0664,CUST0970,Savings,USD,Active
ACC0665,CUST0774,Loan,GBP,Active
ACC0666,CUST0489,Savings,AUD,Suspended
ACC0667,CUST0307,Loan,INR,Suspended
ACC0668,CUST0010,Credit,AUD,Suspended
ACC0669,CUST0785,Savings,USD,Closed
ACC0670,CUST0441,Loan,GBP,Suspended
ACC0671,CUST0818,Checking,EUR,Closed
ACC0672,CUST0300,Credit,AUD,Closed
ACC0673,CUST0612,Loan,USD,Active
ACC0674,CUST0237,Savings,EUR,Suspended
ACC0675,CUST0816,Savings,GBP,Closed
ACC0676,CUST0008,Loan,CAD,Active
ACC0677,CUST0562,Credit,INR,Suspended
ACC0678,CUST0383,Loan,EUR,Closed
ACC0679,CUST0194,Savings,GBP,Active
ACC0680,CUST0422,Savings,EUR,Suspended
ACC0681,CUST0904,Checking,USD,Suspended
ACC0682,CUST0575,Checking,GBP,Suspended
ACC0683,CUST0448,Savings,GBP,Suspended
ACC0684,CUST0405,Checking,CAD,Suspended
ACC0685,CUST0256,Checking,INR,Closed
ACC0686,CUST0168,Loan,GBP,Closed
ACC0687,CUST0733,Credit,USD,Suspended
ACC0688,CUST0755,Loan,GBP,Active
ACC0689,CUST0662,Loan,GBP,Suspended
ACC0690,CUST0400,Checking,AUD,Suspended
ACC0691,CUST0849,Checking,INR,Closed
ACC0692,CUST0388,Credit,USD,Active
ACC0693,CUST0226,Credit,AUD,Suspended
ACC0694,CUST0270,Credit,EUR,Closed
ACC0695,CUST0082,Loan,INR,Suspended
ACC0696,CUST0433,Credit,EUR,Active
ACC0697,CUST0641,Savings,USD,Active
ACC0698,CUST0246,Savings,AUD,Closed
ACC0699,CUST0530,Loan,EUR,Suspended
ACC0700,CUST0783,Checking,AUD,Suspended
ACC0701,CUST0820,Credit,GBP,Closed
ACC0702,CUST0932,Savings,GBP,Active
ACC0703,CUST0628,Credit,INR,Closed
ACC0704,CUST0827,Savings,GBP,Closed
ACC0705,CUST0711,Savings,GBP,Closed
ACC0706,CUST0702,Credit,INR,Active
ACC0707,CUST0279,Savings,INR,Suspended
ACC0708,CUST0292,Credit,INR,Closed
ACC0709,CUST0665,Savings,GBP,Closed
ACC0710,CUST0761,Checking,USD,Closed
ACC0711,CUST0545,Loan,AUD,Closed
ACC0712,CUST0829,Loan,AUD,Active
ACC0713,CUST0276,Credit,GBP,Suspended
ACC0714,CUST0423,Loan,EUR,Suspended
ACC0715,CUST0193,Loan,USD,Suspended
ACC0716,CUST0874,Loan,EUR,Active
ACC0717,CUST0071,Loan,AUD,Suspended
ACC0718,CUST0187,Checking,GBP,Suspended
ACC0719,CUST0140,Checking,GBP,Active
ACC0720,CUST0297,Loan,CAD,Active
ACC0721,CUST0114,Checking,CAD,Closed
ACC0722,CUST0653,Checking,GBP,Suspended
ACC0723,CUST0467,Loan,EUR,Active
ACC0724,CUST0633,Credit,USD,Closed
ACC0725,CUST0464,Loan,EUR,Suspended
ACC0726,CUST0279,Checking,EUR,Suspended
ACC0727,CUST0718,Credit,AUD,Closed
ACC0728,CUST0638,Checking,EUR,Active
ACC0729,CUST0504,Checking,EUR,Closed
ACC0730,CUST0193,Savings,AUD,Active
ACC0731,CUST0329,Savings,AUD,Active
ACC0732,CUST0020,Savings,INR,Closed
ACC0733,CUST0156,Checking,AUD,Active
ACC0734,CUST0051,Loan,AUD,Closed
ACC0735,CUST0993,Loan,INR,Suspended
ACC0736,CUST0548,Checking,AUD,Suspended
ACC0737,CUST0023,Savings,INR,Active
ACC0738,CUST0191,Checking,USD,Suspended
ACC0739,CUST0996,Loan,CAD,Closed
ACC0740,CUST0105,Loan,CAD,Closed
ACC0741,CUST0289,Loan,USD,Closed
ACC0742,CUST0276,Checking,USD,Suspended
ACC0743,CUST0129,Loan,EUR,Suspended
ACC0744,CUST0733,Loan,USD,Suspended
ACC0745,CUST0449,Loan,CAD,Closed
ACC0746,CUST0745,Loan,GBP,Active
ACC0747,CUST0009,Credit,GBP,Closed
ACC0748,CUST0239,Checking,INR,Active
ACC0749,CUST0093,Checking,GBP,Active
ACC0750,CUST0155,Loan,EUR,Closed
ACC0751,CUST0016,Savings,CAD,Closed
ACC0752,CUST0506,Loan,AUD,Suspended
ACC0753,CUST0223,Checking,AUD,Active
ACC0754,CUST0351,Credit,GBP,Active
ACC0755,CUST0431,Loan,EUR,Suspended
ACC0756,CUST0320,Credit,INR,Active
ACC0757,CUST0805,Savings,GBP,Active
ACC0758,CUST0819,Savings,USD,Suspended
ACC0759,CUST0511,Loan,INR,Closed
ACC0760,CUST0381,Credit,USD,Suspended
ACC0761,CUST0475,Savings,EUR,Suspended
ACC0762,CUST0714,Loan,EUR,Closed
ACC0763,CUST0811,Savings,INR,Closed
ACC0764,CUST0033,Checking,EUR,Suspended
ACC0765,CUST0339,Credit,INR,Closed
ACC0766,CUST0083,Loan,EUR,Suspended
ACC0767,CUST0864,Savings,GBP,Closed
ACC0768,CUST0769,Savings,EUR,Suspended
ACC0769,CUST0975,Checking,EUR,Suspended
ACC0770,CUST0150,Loan,EUR,Active
ACC0771,CUST0058,Savings,USD,Active
ACC0772,CUST0273,Credit,CAD,Active
ACC0773,CUST0795,Savings,INR,Active
ACC0774,CUST0402,Credit,USD,Closed
ACC0775,CUST0074,Savings,USD,Closed
ACC0776,CUST0557,Loan,USD,Suspended
ACC0777,CUST0482,Loan,CAD,Closed
ACC0778,CUST0186,Loan,CAD,Active
ACC0779,CUST0197,Credit,USD,Suspended
ACC0780,CUST0918,Loan,EUR,Closed
ACC0781,CUST0862,Credit,USD,Active
ACC0782,CUST0257,Credit,USD,Active
ACC0783,CUST0837,Credit,INR,Suspended
ACC0784,CUST0391,Checking,AUD,Active
ACC0785,CUST0849,Savings,AUD,Active
ACC0786,CUST0013,Credit,USD,Active
ACC0787,CUST0125,Credit,CAD,Closed
ACC0788,CUST0998,Savings,USD,Suspended
ACC0789,CUST0787,Loan,GBP,Suspended
ACC0790,CUST0732,Checking,USD,Closed
ACC0791,CUST0255,Savings,USD,Suspended
ACC0792,CUST0395,Credit,GBP,Closed
ACC0793,CUST0790,Savings,INR,Closed
ACC0794,CUST0999,Credit,USD,Closed
ACC0795,CUST0454,Loan,USD,Closed
ACC0796,CUST0254,Savings,USD,Suspended
ACC0797,CUST0756,Checking,AUD,Suspended
ACC0798,CUST0035,Savings,EUR,Closed
ACC0799,CUST0204,Credit,AUD,Closed
ACC0800,CUST0472,Credit,EUR,Suspended
ACC0801,CUST0753,Checking,EUR,Closed
ACC0802,CUST0790,Credit,INR,Closed
ACC0803,CUST0097,Credit,GBP,Closed
ACC0804,CUST0534,Credit,USD,Closed
ACC0805,CUST0682,Savings,USD,Suspended
ACC0806,CUST0214,Savings,EUR,Suspended
ACC0807,CUST0485,Checking,INR,Active
ACC0808,CUST0399,Checking,GBP,Active
ACC0809,CUST0698,Loan,AUD,Active
ACC0810,CUST0985,Credit,GBP,Active
ACC0811,CUST0320,Checking,GBP,Active
ACC0812,CUST0959,Credit,EUR,Active
ACC0813,CUST0331,Checking,AUD,Active
ACC0814,CUST0163,Loan,INR,Closed
ACC0815,CUST0645,Checking,AUD,Active
ACC0816,CUST0746,Savings,EUR,Active
ACC0817,CUST0044,Credit,AUD,Active
ACC0818,CUST0763,Savings,AUD,Suspended
ACC0819,CUST0960,Checking,USD,Closed
ACC0820,CUST0563,Checking,USD,Active
ACC0821,CUST0534,Loan,AUD,Closed
ACC0822,CUST0126,Loan,USD,Active
ACC0823,CUST0260,Loan,AUD,Suspended
ACC0824,CUST0493,Checking,EUR,Closed
ACC0825,CUST0654,Loan,INR,Closed
ACC0826,CUST0306,Checking,EUR,Active
ACC0827,CUST0204,Checking,GBP,Active
ACC0828,CUST0370,Credit,EUR,Suspended
ACC0829,CUST0909,Savings,AUD,Suspended
ACC0830,CUST0054,Credit,USD,Active
ACC0831,CUST0885,Savings,INR,Suspended
ACC0832,CUST0683,Savings,USD,Suspended
ACC0833,CUST0224,Checking,EUR,Active
ACC0834,CUST0997,Loan,AUD,Active
ACC0835,CUST0116,Loan,INR,Active
ACC0836,CUST0242,Loan,CAD,Active
ACC0837,CUST0649,Credit,GBP,Closed
ACC0838,CUST0445,Loan,INR,Closed
ACC0839,CUST0333,Checking,AUD,Suspended
ACC0840,CUST0016,Loan,EUR,Suspended
ACC0841,CUST0172,Loan,CAD,Suspended
ACC0842,CUST0814,Loan,INR,Active
ACC0843,CUST0283,Credit,USD,Suspended
ACC0844,CUST0599,Checking,EUR,Closed
ACC0845,CUST0123,Loan,GBP,Active
ACC0846,CUST0406,Savings,CAD,Active
ACC0847,CUST0809,Credit,CAD,Suspended
ACC0848,CUST0249,Loan,EUR,Closed
ACC0849,CUST0010,Loan,AUD,Suspended
ACC0850,CUST0993,Credit,EUR,Active
ACC0851,CUST0044,Savings,CAD,Suspended
ACC0852,CUST0596,Savings,USD,Active
ACC0853,CUST0803,Credit,GBP,Active
ACC0854,CUST0708,Loan,USD,Closed
ACC0855,CUST0487,Credit,CAD,Closed
ACC0856,CUST0705,Credit,USD,Suspended
ACC0857,CUST0611,Credit,AUD,Suspended
ACC0858,CUST0159,Credit,EUR,Suspended
ACC0859,CUST0381,Savings,CAD,Closed
ACC0860,CUST0790,Credit,GBP,Closed
ACC0861,CUST0092,Loan,INR,Closed
ACC0862,CUST0255,Loan,GBP,Closed
ACC0863,CUST0162,Checking,AUD,Closed
ACC0864,CUST0512,Checking,INR,Suspended
ACC0865,CUST0094,Credit,USD,Active
ACC0866,CUST0703,Checking,USD,Suspended
ACC0867,CUST0634,Credit,GBP,Suspended
ACC0868,CUST0347,Savings,CAD,Suspended
ACC0869,CUST0954,Savings,USD,Closed
ACC0870,CUST0993,Savings,CAD,Closed
ACC0871,CUST0778,Savings,GBP,Closed
ACC0872,CUST0641,Loan,CAD,Closed
ACC0873,CUST0062,Savings,AUD,Closed
ACC0874,CUST0062,Savings,INR,Suspended
ACC0875,CUST0365,Loan,GBP,Active
ACC0876,CUST0661,Credit,INR,Closed
ACC0877,CUST0158,Checking,CAD,Active
ACC0878,CUST0719,Credit,EUR,Closed
ACC0879,CUST0550,Credit,AUD,Active
ACC0880,CUST0811,Checking,CAD,Suspended
ACC0881,CUST0110,Savings,GBP,Closed
ACC0882,CUST0129,Savings,CAD,Suspended
ACC0883,CUST0500,Savings,EUR,Closed
ACC0884,CUST0239,Savings,USD,Active
ACC0885,CUST0325,Checking,CAD,Suspended
ACC0886,CUST0572,Savings,INR,Closed
ACC0887,CUST0808,Savings,GBP,Suspended
ACC0888,CUST0661,Savings,EUR,Suspended
ACC0889,CUST0775,Checking,USD,Active
ACC0890,CUST0356,Loan,INR,Suspended
ACC0891,CUST0825,Checking,CAD,Closed
ACC0892,CUST0914,Savings,INR,Closed
ACC0893,CUST0450,Checking,USD,Suspended
ACC0894,CUST0751,Credit,CAD,Suspended
ACC0895,CUST0198,Credit,CAD,Closed
ACC0896,CUST0022,Loan,AUD,Suspended
ACC0897,CUST0706,Savings,INR,Active
ACC0898,CUST0387,Loan,INR,Active
ACC0899,CUST0367,Credit,USD,Suspended
ACC0900,CUST0742,Loan,USD,Closed
ACC0901,CUST0138,Credit,EUR,Active
ACC0902,CUST0257,Credit,CAD,Suspended
ACC0903,CUST0921,Checking,CAD,Suspended
ACC0904,CUST0041,Savings,INR,Suspended
ACC0905,CUST0497,Credit,AUD,Active
ACC0906,CUST0724,Savings,USD,Closed
ACC0907,CUST0449,Loan,INR,Active
ACC0908,CUST0573,Loan,EUR,Closed
ACC0909,CUST0302,Credit,USD,Closed
ACC0910,CUST0556,Savings,GBP,Suspended
ACC0911,CUST0714,Credit,EUR,Closed
ACC0912,CUST0502,Credit,GBP,Closed
ACC0913,CUST0195,Checking,EUR,Closed
ACC0914,CUST0581,Loan,AUD,Suspended
ACC0915,CUST0192,Savings,CAD,Active
ACC0916,CUST0557,Loan,USD,Suspended
ACC0917,CUST0357,Checking,EUR,Closed
ACC0918,CUST0332,Loan,CAD,Closed
ACC0919,CUST0750,Checking,INR,Suspended
ACC0920,CUST0480,Loan,CAD,Suspended
ACC0921,CUST0282,Savings,GBP,Closed
ACC0922,CUST0889,Checking,INR,Closed
ACC0923,CUST0852,Loan,AUD,Closed
ACC0924,CUST0614,Checking,AUD,Suspended
ACC0925,CUST0937,Savings,GBP,Suspended
ACC0926,CUST0882,Loan,INR,Active
ACC0927,CUST0568,Credit,CAD,Closed
ACC0928,CUST0165,Savings,GBP,Active
ACC0929,CUST0071,Savings,CAD,Suspended
ACC0930,CUST0544,Savings,INR,Closed
ACC0931,CUST0159,Savings,AUD,Closed
ACC0932,CUST0461,Credit,CAD,Active
ACC0933,CUST0303,Loan,CAD,Closed
ACC0934,CUST0840,Savings,AUD,Suspended
ACC0935,CUST0270,Loan,GBP,Active
ACC0936,CUST0555,Checking,EUR,Active
ACC0937,CUST0376,Savings,CAD,Active
ACC0938,CUST0465,Savings,USD,Active
ACC0939,CUST0001,Loan,USD,Closed
ACC0940,CUST0795,Credit,GBP,Suspended
ACC0941,CUST0654,Checking,CAD,Active
ACC0942,CUST0519,Credit,CAD,Suspended
ACC0943,CUST0389,Loan,EUR,Suspended
ACC0944,CUST0752,Savings,INR,Suspended
ACC0945,CUST0190,Loan,EUR,Active
ACC0946,CUST0905,Loan,USD,Active
ACC0947,CUST0020,Loan,USD,Closed
ACC0948,CUST0635,Loan,INR,Active
ACC0949,CUST0878,Savings,USD,Active
ACC0950,CUST0373,Checking,USD,Suspended
ACC0951,CUST0795,Savings,CAD,Suspended
ACC0952,CUST0636,Loan,INR,Suspended
ACC0953,CUST0245,Loan,USD,Closed
ACC0954,CUST0329,Savings,EUR,Active
ACC0955,CUST0739,Credit,CAD,Active
ACC0956,CUST0065,Credit,AUD,Closed
ACC0957,CUST0675,Credit,INR,Active
ACC0958,CUST0991,Loan,GBP,Active
ACC0959,CUST0552,Savings,EUR,Suspended
ACC0960,CUST0839,Savings,GBP,Suspended
ACC0961,CUST0397,Credit,AUD,Active
ACC0962,CUST0195,Credit,AUD,Closed
ACC0963,CUST0537,Savings,USD,Active
ACC0964,CUST0700,Loan,USD,Active
ACC0965,CUST0510,Credit,INR,Closed
ACC0966,CUST0785,Checking,AUD,Active
ACC0967,CUST0565,Checking,CAD,Suspended
ACC0968,CUST0158,Savings,CAD,Suspended
ACC0969,CUST0628,Loan,EUR,Suspended
ACC0970,CUST0290,Checking,GBP,Suspended
ACC0971,CUST0331,Credit,INR,Active
ACC0972,CUST0420,Loan,CAD,Closed
ACC0973,CUST0657,Savings,CAD,Suspended
ACC0974,CUST0330,Credit,AUD,Active
ACC0975,CUST0114,Loan,GBP,Closed
ACC0976,CUST0099,Savings,AUD,Closed
ACC0977,CUST0536,Loan,GBP,Closed
ACC0978,CUST0675,Checking,AUD,Closed
ACC0979,CUST0069,Checking,AUD,Active
ACC0980,CUST0045,Savings,USD,Closed
ACC0981,CUST0856,Checking,USD,Active
ACC0982,CUST0961,Savings,CAD,Suspended
ACC0983,CUST0133,Checking,USD,Suspended
ACC0984,CUST0183,Loan,CAD,Active
ACC0985,CUST0895,Loan,CAD,Active
ACC0986,CUST0033,Savings,GBP,Closed
ACC0987,CUST0207,Credit,CAD,Closed
ACC0988,CUST0110,Loan,CAD,Active
ACC0989,CUST0498,Loan,CAD,Closed
ACC0990,CUST0197,Savings,USD,Active
ACC0991,CUST0102,Savings,USD,Closed
ACC0992,CUST0033,Credit,EUR,Active
ACC0993,CUST0585,Savings,AUD,Active
ACC0994,CUST0658,Credit,INR,Closed
ACC0995,CUST0857,Savings,GBP,Active
ACC0996,CUST0398,Loan,INR,Active
ACC0997,CUST0674,Savings,EUR,Suspended
ACC0998,CUST0502,Checking,CAD,Active
ACC0999,CUST0539,Loan,CAD,Closed
ACC1000,CUST0639,Checking,EUR,Suspended
