CardID,CustomerID,AccountID,CardType,CardStatus,IssueDate,ExpiryDate
CARD0001,CUST0503,ACC0335,Visa Platinum,Expired,2024-10-03,2029-10-02
CARD0002,CUST0733,ACC0687,Visa Gold,Expired,2025-04-21,2030-04-20
CARD0003,CUST0864,ACC0767,Visa Gold,Active,2025-03-29,2030-03-28
CARD0004,CUST0889,ACC0476,Mastercard Standard,Expired,2021-11-05,2026-11-04
CARD0005,CUST0911,ACC0497,Amex Platinum,Blocked,2022-04-25,2027-04-24
CARD0006,CUST0422,ACC0473,Visa Platinum,Blocked,2024-02-05,2029-02-03
CARD0007,CUST0408,ACC0070,Amex Platinum,Active,2023-11-06,2028-11-04
CARD0008,CUST0220,ACC0085,Visa Platinum,Active,2022-03-05,2027-03-04
CARD0009,CUST0407,ACC0562,Visa Gold,Blocked,2022-01-18,2027-01-17
CARD0010,CUST0612,ACC0673,Visa Gold,Expired,2022-09-20,2027-09-19
CARD0011,CUST0226,ACC0249,Visa Platinum,Blocked,2024-09-26,2029-09-25
CARD0012,CUST0329,ACC0731,Amex Platinum,Active,2024-07-15,2029-07-14
CARD0013,CUST0657,ACC0973,Amex Platinum,Active,2021-01-21,2026-01-20
CARD0014,CUST0102,ACC0449,Mastercard Standard,Blocked,2023-02-02,2028-02-01
CARD0015,CUST0293,ACC0144,Visa Platinum,Active,2025-01-11,2030-01-10
CARD0016,CUST0666,ACC0483,Amex Platinum,Blocked,2023-11-27,2028-11-25
CARD0017,CUST0172,ACC0841,Visa Gold,Blocked,2023-06-10,2028-06-08
CARD0018,CUST0700,ACC0286,Amex Platinum,Blocked,2025-04-19,2030-04-18
CARD0019,CUST0255,ACC0862,Amex Platinum,Expired,2022-06-17,2027-06-16
CARD0020,CUST0410,ACC0166,Mastercard Standard,Expired,2021-09-22,2026-09-21
CARD0021,CUST0755,ACC0175,Amex Platinum,Expired,2023-04-07,2028-04-05
CARD0022,CUST0381,ACC0859,Mastercard Standard,Blocked,2024-03-03,2029-03-02
CARD0023,CUST0727,ACC0019,Visa Gold,Active,2024-07-13,2029-07-12
CARD0024,CUST0612,ACC0622,Visa Gold,Blocked,2024-01-26,2029-01-24
CARD0025,CUST0094,ACC0103,Visa Gold,Active,2023-02-02,2028-02-01
CARD0026,CUST0744,ACC0182,Visa Gold,Expired,2022-04-17,2027-04-16
CARD0027,CUST0256,ACC0302,Visa Gold,Blocked,2025-07-04,2030-07-03
CARD0028,CUST0612,ACC0128,Amex Platinum,Blocked,2024-08-03,2029-08-02
CARD0029,CUST0875,ACC0548,Visa Platinum,Expired,2022-12-10,2027-12-09
CARD0030,CUST0381,ACC0760,Visa Gold,Blocked,2022-03-05,2027-03-04
CARD0031,CUST0411,ACC0401,Amex Platinum,Blocked,2024-08-25,2029-08-24
CARD0032,CUST0531,ACC0173,Mastercard Standard,Blocked,2024-07-08,2029-07-07
CARD0033,CUST0802,ACC0080,Visa Gold,Expired,2024-06-25,2029-06-24
CARD0034,CUST0755,ACC0688,Visa Platinum,Active,2024-11-26,2029-11-25
CARD0035,CUST0257,ACC0782,Amex Platinum,Active,2025-05-23,2030-05-22
CARD0036,CUST0613,ACC0012,Amex Platinum,Blocked,2024-01-29,2029-01-27
CARD0037,CUST0270,ACC0694,Amex Platinum,Active,2021-04-03,2026-04-02
CARD0038,CUST0916,ACC0280,Mastercard Standard,Active,2024-10-07,2029-10-06
CARD0039,CUST0245,ACC0158,Visa Platinum,Active,2022-03-29,2027-03-28
CARD0040,CUST0062,ACC0452,Visa Gold,Active,2021-01-31,2026-01-30
CARD0041,CUST0324,ACC0367,Mastercard Standard,Blocked,2025-05-27,2030-05-26
CARD0042,CUST0850,ACC0183,Visa Gold,Expired,2021-08-05,2026-08-04
CARD0043,CUST0257,ACC0222,Visa Platinum,Expired,2021-09-21,2026-09-20
CARD0044,CUST0020,ACC0732,Amex Platinum,Expired,2023-11-18,2028-11-16
CARD0045,CUST0110,ACC0036,Visa Gold,Blocked,2023-09-06,2028-09-04
CARD0046,CUST0192,ACC0915,Amex Platinum,Blocked,2024-06-01,2029-05-31
CARD0047,CUST0388,ACC0692,Amex Platinum,Active,2022-05-26,2027-05-25
CARD0048,CUST0172,ACC0546,Visa Gold,Expired,2024-09-10,2029-09-09
CARD0049,CUST0257,ACC0222,Visa Gold,Blocked,2021-07-10,2026-07-09
CARD0050,CUST0221,ACC0453,Visa Platinum,Active,2024-05-06,2029-05-05
CARD0051,CUST0423,ACC0714,Visa Gold,Expired,2021-04-26,2026-04-25
CARD0052,CUST0283,ACC0049,Visa Platinum,Blocked,2022-04-14,2027-04-13
CARD0053,CUST0611,ACC0857,Visa Platinum,Active,2025-11-21,2030-11-20
CARD0054,CUST0536,ACC0651,Visa Gold,Expired,2021-06-29,2026-06-28
CARD0055,CUST0885,ACC0831,Amex Platinum,Expired,2025-06-03,2030-06-02
CARD0056,CUST0800,ACC0536,Mastercard Standard,Blocked,2023-07-08,2028-07-06
CARD0057,CUST0294,ACC0657,Visa Gold,Active,2024-07-26,2029-07-25
CARD0058,CUST0194,ACC0679,Visa Gold,Expired,2024-06-02,2029-06-01
CARD0059,CUST0051,ACC0734,Visa Platinum,Blocked,2025-09-17,2030-09-16
CARD0060,CUST0008,ACC0676,Visa Platinum,Active,2023-08-04,2028-08-02
CARD0061,CUST0750,ACC0919,Visa Platinum,Expired,2023-09-02,2028-08-31
CARD0062,CUST0483,ACC0106,Visa Gold,Blocked,2023-12-06,2028-12-04
CARD0063,CUST0875,ACC0400,Mastercard Standard,Expired,2021-01-25,2026-01-24
CARD0064,CUST0279,ACC0707,Visa Gold,Active,2023-05-20,2028-05-18
CARD0065,CUST0629,ACC0316,Visa Gold,Blocked,2025-06-28,2030-06-27
CARD0066,CUST0261,ACC0455,Visa Gold,Blocked,2022-04-02,2027-04-01
CARD0067,CUST0424,ACC0054,Mastercard Standard,Expired,2024-06-08,2029-06-07
CARD0068,CUST0562,ACC0613,Mastercard Standard,Active,2024-10-18,2029-10-17
CARD0069,CUST0489,ACC0005,Visa Platinum,Blocked,2022-09-30,2027-09-29
CARD0070,CUST0697,ACC0050,Amex Platinum,Active,2025-08-19,2030-08-18
CARD0071,CUST0255,ACC0791,Visa Gold,Active,2024-10-05,2029-10-04
CARD0072,CUST0982,ACC0387,Visa Platinum,Expired,2023-12-09,2028-12-07
CARD0073,CUST0013,ACC0786,Mastercard Standard,Active,2024-06-10,2029-06-09
CARD0074,CUST0075,ACC0207,Visa Gold,Expired,2022-09-05,2027-09-04
CARD0075,CUST0636,ACC0952,Mastercard Standard,Active,2023-07-26,2028-07-24
CARD0076,CUST0979,ACC0256,Amex Platinum,Expired,2021-09-19,2026-09-18
CARD0077,CUST0243,ACC0384,Visa Platinum,Expired,2021-04-25,2026-04-24
CARD0078,CUST0159,ACC0931,Amex Platinum,Blocked,2025-07-28,2030-07-27
CARD0079,CUST0070,ACC0245,Mastercard Standard,Expired,2023-11-06,2028-11-04
CARD0080,CUST0110,ACC0205,Mastercard Standard,Blocked,2024-04-26,2029-04-25
CARD0081,CUST0701,ACC0094,Visa Platinum,Expired,2022-01-27,2027-01-26
CARD0082,CUST0194,ACC0017,Visa Gold,Active,2025-06-06,2030-06-05
CARD0083,CUST0138,ACC0432,Visa Gold,Blocked,2025-08-08,2030-08-07
CARD0084,CUST0671,ACC0029,Visa Platinum,Active,2023-06-02,2028-05-31
CARD0085,CUST0419,ACC0015,Visa Gold,Active,2022-10-27,2027-10-26
CARD0086,CUST0056,ACC0346,Visa Platinum,Active,2021-10-16,2026-10-15
CARD0087,CUST0172,ACC0841,Visa Platinum,Active,2025-05-09,2030-05-08
CARD0088,CUST0953,ACC0197,Mastercard Standard,Blocked,2025-09-11,2030-09-10
CARD0089,CUST0641,ACC0697,Visa Platinum,Active,2023-08-29,2028-08-27
CARD0090,CUST0168,ACC0686,Visa Platinum,Expired,2025-06-08,2030-06-07
CARD0091,CUST0315,ACC0065,Visa Platinum,Expired,2023-11-25,2028-11-23
CARD0092,CUST0387,ACC0226,Mastercard Standard,Active,2022-05-13,2027-05-12
CARD0093,CUST0961,ACC0982,Mastercard Standard,Active,2021-03-14,2026-03-13
CARD0094,CUST0041,ACC0904,Visa Platinum,Expired,2021-03-28,2026-03-27
CARD0095,CUST0988,ACC0099,Amex Platinum,Expired,2025-08-05,2030-08-04
CARD0096,CUST0044,ACC0817,Visa Gold,Expired,2023-03-15,2028-03-13
CARD0097,CUST0705,ACC0856,Mastercard Standard,Active,2023-01-20,2028-01-19
CARD0098,CUST0044,ACC0851,Mastercard Standard,Expired,2023-08-03,2028-08-01
CARD0099,CUST0904,ACC0681,Amex Platinum,Blocked,2024-08-06,2029-08-05
CARD0100,CUST0206,ACC0172,Visa Platinum,Active,2025-04-19,2030-04-18
CARD0101,CUST0276,ACC0742,Amex Platinum,Expired,2021-12-10,2026-12-09
CARD0102,CUST0206,ACC0172,Amex Platinum,Expired,2021-07-06,2026-07-05
CARD0103,CUST0579,ACC0046,Visa Gold,Active,2024-03-04,2029-03-03
CARD0104,CUST0485,ACC0426,Mastercard Standard,Blocked,2023-03-19,2028-03-17
CARD0105,CUST0325,ACC0525,Amex Platinum,Expired,2025-04-26,2030-04-25
CARD0106,CUST0066,ACC0111,Visa Platinum,Expired,2024-01-07,2029-01-05
CARD0107,CUST0242,ACC0836,Visa Platinum,Blocked,2022-01-20,2027-01-19
CARD0108,CUST0503,ACC0335,Visa Gold,Active,2021-05-29,2026-05-28
CARD0109,CUST0919,ACC0331,Mastercard Standard,Active,2022-01-23,2027-01-22
CARD0110,CUST0086,ACC0576,Visa Platinum,Expired,2024-10-26,2029-10-25
CARD0111,CUST0453,ACC0642,Mastercard Standard,Active,2023-07-15,2028-07-13
CARD0112,CUST0200,ACC0195,Visa Platinum,Blocked,2025-11-14,2030-11-13
CARD0113,CUST0825,ACC0640,Amex Platinum,Active,2021-01-17,2026-01-16
CARD0114,CUST0823,ACC0213,Visa Platinum,Expired,2024-11-08,2029-11-07
CARD0115,CUST0675,ACC0957,Mastercard Standard,Active,2023-11-20,2028-11-18
CARD0116,CUST0964,ACC0555,Amex Platinum,Expired,2023-01-04,2028-01-03
CARD0117,CUST0586,ACC0405,Amex Platinum,Blocked,2025-12-12,2030-12-11
CARD0118,CUST0195,ACC0962,Visa Gold,Blocked,2025-10-24,2030-10-23
CARD0119,CUST0324,ACC0439,Visa Platinum,Expired,2025-07-15,2030-07-14
CARD0120,CUST0534,ACC0124,Visa Gold,Active,2022-12-28,2027-12-27
CARD0121,CUST0919,ACC0238,Mastercard Standard,Blocked,2023-12-25,2028-12-23
CARD0122,CUST0833,ACC0219,Visa Gold,Active,2023-07-19,2028-07-17
CARD0123,CUST0446,ACC0109,Visa Gold,Active,2023-06-04,2028-06-02
CARD0124,CUST0472,ACC0366,Amex Platinum,Expired,2025-11-15,2030-11-14
CARD0125,CUST0589,ACC0332,Visa Gold,Active,2022-03-11,2027-03-10
CARD0126,CUST0942,ACC0178,Mastercard Standard,Expired,2024-03-19,2029-03-18
CARD0127,CUST0264,ACC0016,Visa Gold,Expired,2025-06-03,2030-06-02
CARD0128,CUST0739,ACC0412,Mastercard Standard,Active,2023-02-09,2028-02-08
CARD0129,CUST0441,ACC0670,Mastercard Standard,Active,2021-11-23,2026-11-22
CARD0130,CUST0494,ACC0324,Mastercard Standard,Blocked,2023-10-16,2028-10-14
CARD0131,CUST0898,ACC0013,Visa Platinum,Expired,2025-05-24,2030-05-23
CARD0132,CUST0374,ACC0399,Visa Platinum,Active,2025-12-15,2030-12-14
CARD0133,CUST0551,ACC0218,Mastercard Standard,Active,2022-08-22,2027-08-21
CARD0134,CUST0264,ACC0470,Visa Gold,Active,2024-01-28,2029-01-26
CARD0135,CUST0387,ACC0226,Visa Gold,Blocked,2024-11-12,2029-11-11
CARD0136,CUST0793,ACC0068,Amex Platinum,Blocked,2021-11-01,2026-10-31
CARD0137,CUST0237,ACC0674,Visa Platinum,Active,2022-04-01,2027-03-31
CARD0138,CUST0116,ACC0835,Amex Platinum,Active,2024-08-15,2029-08-14
CARD0139,CUST0700,ACC0286,Visa Gold,Active,2024-07-04,2029-07-03
CARD0140,CUST0489,ACC0666,Visa Gold,Blocked,2021-09-12,2026-09-11
CARD0141,CUST0233,ACC0639,Visa Platinum,Blocked,2021-10-14,2026-10-13
CARD0142,CUST0628,ACC0378,Mastercard Standard,Active,2021-07-13,2026-07-12
CARD0143,CUST0434,ACC0045,Amex Platinum,Blocked,2024-08-13,2029-08-12
CARD0144,CUST0723,ACC0069,Visa Gold,Active,2022-02-09,2027-02-08
CARD0145,CUST0449,ACC0907,Mastercard Standard,Blocked,2025-01-19,2030-01-18
CARD0146,CUST0454,ACC0224,Mastercard Standard,Active,2022-10-30,2027-10-29
CARD0147,CUST0150,ACC0421,Mastercard Standard,Blocked,2024-10-18,2029-10-17
CARD0148,CUST0123,ACC0309,Visa Gold,Active,2021-08-31,2026-08-30
CARD0149,CUST0013,ACC0786,Visa Gold,Blocked,2024-02-22,2029-02-20
CARD0150,CUST0456,ACC0614,Visa Platinum,Expired,2025-06-24,2030-06-23
CARD0151,CUST0432,ACC0512,Mastercard Standard,Active,2024-06-05,2029-06-04
CARD0152,CUST0149,ACC0105,Amex Platinum,Active,2025-10-03,2030-10-02
CARD0153,CUST0193,ACC0730,Visa Platinum,Expired,2025-06-01,2030-05-31
CARD0154,CUST0129,ACC0550,Mastercard Standard,Blocked,2024-05-11,2029-05-10
CARD0155,CUST0320,ACC0811,Amex Platinum,Blocked,2023-03-31,2028-03-29
CARD0156,CUST0190,ACC0945,Amex Platinum,Blocked,2025-12-21,2030-12-20
CARD0157,CUST0778,ACC0871,Visa Platinum,Expired,2025-03-30,2030-03-29
CARD0158,CUST0954,ACC0583,Mastercard Standard,Blocked,2024-08-08,2029-08-07
CARD0159,CUST0721,ACC0176,Visa Gold,Active,2024-09-29,2029-09-28
CARD0160,CUST0529,ACC0258,Visa Platinum,Active,2025-03-01,2030-02-28
CARD0161,CUST0133,ACC0983,Visa Platinum,Blocked,2024-07-19,2029-07-18
CARD0162,CUST0399,ACC0098,Visa Platinum,Active,2022-05-21,2027-05-20
CARD0163,CUST0139,ACC0615,Amex Platinum,Active,2022-03-25,2027-03-24
CARD0164,CUST0890,ACC0333,Mastercard Standard,Expired,2025-04-21,2030-04-20
CARD0165,CUST0160,ACC0647,Visa Gold,Expired,2022-01-30,2027-01-29
CARD0166,CUST0423,ACC0714,Mastercard Standard,Expired,2025-02-15,2030-02-14
CARD0167,CUST0382,ACC0398,Visa Platinum,Expired,2024-11-23,2029-11-22
CARD0168,CUST0082,ACC0695,Amex Platinum,Active,2022-02-06,2027-02-05
CARD0169,CUST0020,ACC0947,Amex Platinum,Active,2025-05-14,2030-05-13
CARD0170,CUST0398,ACC0996,Visa Platinum,Blocked,2025-07-02,2030-07-01
CARD0171,CUST0732,ACC0790,Amex Platinum,Blocked,2022-01-02,2027-01-01
CARD0172,CUST0545,ACC0711,Mastercard Standard,Blocked,2022-10-23,2027-10-22
CARD0173,CUST0011,ACC0137,Amex Platinum,Expired,2024-11-15,2029-11-14
CARD0174,CUST0408,ACC0341,Mastercard Standard,Expired,2025-01-10,2030-01-09
CARD0175,CUST0563,ACC0180,Mastercard Standard,Expired,2021-04-12,2026-04-11
CARD0176,CUST0536,ACC0651,Amex Platinum,Active,2022-05-03,2027-05-02
CARD0177,CUST0918,ACC0780,Visa Platinum,Active,2025-10-03,2030-10-02
CARD0178,CUST0724,ACC0906,Mastercard Standard,Expired,2024-02-22,2029-02-20
CARD0179,CUST0711,ACC0705,Visa Gold,Expired,2022-01-04,2027-01-03
CARD0180,CUST0636,ACC0326,Mastercard Standard,Blocked,2024-06-23,2029-06-22
CARD0181,CUST0641,ACC0872,Amex Platinum,Active,2021-12-09,2026-12-08
CARD0182,CUST0448,ACC0683,Mastercard Standard,Active,2022-01-11,2027-01-10
CARD0183,CUST0794,ACC0494,Visa Gold,Expired,2024-02-23,2029-02-21
CARD0184,CUST0408,ACC0070,Visa Gold,Active,2025-11-12,2030-11-11
CARD0185,CUST0591,ACC0344,Visa Gold,Expired,2023-06-19,2028-06-17
CARD0186,CUST0727,ACC0019,Visa Platinum,Active,2021-05-06,2026-05-05
CARD0187,CUST0647,ACC0624,Visa Gold,Expired,2025-06-13,2030-06-12
CARD0188,CUST0840,ACC0934,Visa Platinum,Expired,2022-04-22,2027-04-21
CARD0189,CUST0680,ACC0600,Visa Gold,Active,2022-01-01,2026-12-31
CARD0190,CUST0461,ACC0460,Visa Gold,Active,2024-02-29,2029-02-27
CARD0191,CUST0511,ACC0392,Mastercard Standard,Blocked,2023-08-06,2028-08-04
CARD0192,CUST0322,ACC0524,Amex Platinum,Active,2024-03-09,2029-03-08
CARD0193,CUST0353,ACC0656,Visa Gold,Active,2023-08-01,2028-07-30
CARD0194,CUST0381,ACC0760,Amex Platinum,Active,2023-07-03,2028-07-01
CARD0195,CUST0601,ACC0239,Visa Platinum,Blocked,2025-02-18,2030-02-17
CARD0196,CUST0415,ACC0516,Amex Platinum,Active,2021-03-28,2026-03-27
CARD0197,CUST0882,ACC0602,Amex Platinum,Active,2022-03-20,2027-03-19
CARD0198,CUST0653,ACC0722,Visa Gold,Active,2022-03-18,2027-03-17
CARD0199,CUST0557,ACC0014,Amex Platinum,Expired,2024-08-03,2029-08-02
CARD0200,CUST0601,ACC0239,Visa Gold,Expired,2021-06-01,2026-05-31
CARD0201,CUST0008,ACC0022,Visa Platinum,Active,2023-08-07,2028-08-05
CARD0202,CUST0655,ACC0632,Visa Gold,Blocked,2023-05-31,2028-05-29
CARD0203,CUST0186,ACC0778,Amex Platinum,Blocked,2022-11-01,2027-10-31
CARD0204,CUST0750,ACC0919,Mastercard Standard,Blocked,2022-07-23,2027-07-22
CARD0205,CUST0612,ACC0128,Visa Platinum,Active,2025-02-27,2030-02-26
CARD0206,CUST0007,ACC0317,Visa Gold,Active,2021-01-07,2026-01-06
CARD0207,CUST0120,ACC0243,Amex Platinum,Blocked,2022-01-16,2027-01-15
CARD0208,CUST0320,ACC0756,Visa Platinum,Expired,2025-08-29,2030-08-28
CARD0209,CUST0324,ACC0439,Visa Platinum,Expired,2023-12-20,2028-12-18
CARD0210,CUST0557,ACC0776,Visa Platinum,Expired,2021-07-29,2026-07-28
CARD0211,CUST0694,ACC0250,Visa Gold,Blocked,2021-05-19,2026-05-18
CARD0212,CUST0931,ACC0635,Mastercard Standard,Blocked,2024-07-21,2029-07-20
CARD0213,CUST0973,ACC0082,Visa Platinum,Expired,2025-02-03,2030-02-02
CARD0214,CUST0569,ACC0062,Mastercard Standard,Blocked,2025-11-16,2030-11-15
CARD0215,CUST0954,ACC0141,Visa Gold,Blocked,2023-08-21,2028-08-19
CARD0216,CUST0243,ACC0384,Amex Platinum,Expired,2025-10-24,2030-10-23
CARD0217,CUST0346,ACC0511,Amex Platinum,Blocked,2024-11-06,2029-11-05
CARD0218,CUST0634,ACC0304,Amex Platinum,Active,2023-11-16,2028-11-14
CARD0219,CUST0075,ACC0207,Visa Platinum,Blocked,2024-03-18,2029-03-17
CARD0220,CUST0037,ACC0156,Mastercard Standard,Active,2025-01-16,2030-01-15
CARD0221,CUST0276,ACC0385,Visa Gold,Active,2022-02-17,2027-02-16
CARD0222,CUST0349,ACC0210,Mastercard Standard,Expired,2022-03-07,2027-03-06
CARD0223,CUST0481,ACC0658,Visa Platinum,Expired,2025-04-18,2030-04-17
CARD0224,CUST0668,ACC0039,Visa Gold,Blocked,2024-12-03,2029-12-02
CARD0225,CUST0265,ACC0244,Mastercard Standard,Blocked,2024-10-29,2029-10-28
CARD0226,CUST0905,ACC0946,Mastercard Standard,Active,2024-10-27,2029-10-26
CARD0227,CUST0129,ACC0743,Amex Platinum,Expired,2022-04-08,2027-04-07
CARD0228,CUST0562,ACC0613,Mastercard Standard,Expired,2023-10-08,2028-10-06
CARD0229,CUST0628,ACC0969,Mastercard Standard,Blocked,2021-10-05,2026-10-04
CARD0230,CUST0261,ACC0455,Visa Platinum,Active,2024-06-26,2029-06-25
CARD0231,CUST0805,ACC0757,Visa Gold,Active,2024-04-18,2029-04-17
CARD0232,CUST0367,ACC0899,Amex Platinum,Expired,2022-12-25,2027-12-24
CARD0233,CUST0783,ACC0337,Visa Platinum,Blocked,2024-05-13,2029-05-12
CARD0234,CUST0207,ACC0138,Mastercard Standard,Blocked,2023-11-20,2028-11-18
CARD0235,CUST0765,ACC0285,Visa Gold,Blocked,2025-08-08,2030-08-07
CARD0236,CUST0636,ACC0326,Amex Platinum,Blocked,2021-05-23,2026-05-22
CARD0237,CUST0009,ACC0660,Amex Platinum,Expired,2024-10-08,2029-10-07
CARD0238,CUST0214,ACC0806,Visa Gold,Expired,2023-05-12,2028-05-10
CARD0239,CUST0197,ACC0779,Mastercard Standard,Blocked,2021-10-03,2026-10-02
CARD0240,CUST0260,ACC0041,Visa Gold,Blocked,2022-05-30,2027-05-29
CARD0241,CUST0909,ACC0534,Amex Platinum,Expired,2021-03-19,2026-03-18
CARD0242,CUST0320,ACC0811,Mastercard Standard,Active,2025-11-13,2030-11-12
CARD0243,CUST0154,ACC0425,Mastercard Standard,Expired,2023-08-18,2028-08-16
CARD0244,CUST0970,ACC0664,Mastercard Standard,Blocked,2025-10-10,2030-10-09
CARD0245,CUST0224,ACC0833,Visa Gold,Blocked,2022-01-20,2027-01-19
CARD0246,CUST0894,ACC0296,Visa Gold,Active,2025-10-04,2030-10-03
CARD0247,CUST0975,ACC0769,Mastercard Standard,Expired,2021-09-22,2026-09-21
CARD0248,CUST0121,ACC0025,Visa Platinum,Blocked,2022-08-21,2027-08-20
CARD0249,CUST0470,ACC0235,Amex Platinum,Blocked,2025-08-11,2030-08-10
CARD0250,CUST0347,ACC0868,Mastercard Standard,Expired,2025-11-28,2030-11-27
CARD0251,CUST0016,ACC0751,Visa Gold,Active,2021-06-14,2026-06-13
CARD0252,CUST0287,ACC0340,Visa Gold,Blocked,2025-11-07,2030-11-06
CARD0253,CUST0963,ACC0351,Amex Platinum,Active,2025-06-10,2030-06-09
CARD0254,CUST0226,ACC0249,Amex Platinum,Active,2022-08-12,2027-08-11
CARD0255,CUST0970,ACC0211,Visa Platinum,Expired,2025-01-18,2030-01-17
CARD0256,CUST0678,ACC0553,Visa Gold,Blocked,2025-04-11,2030-04-10
CARD0257,CUST0803,ACC0056,Visa Platinum,Expired,2021-02-27,2026-02-26
CARD0258,CUST0071,ACC0929,Amex Platinum,Blocked,2022-01-09,2027-01-08
CARD0259,CUST0795,ACC0940,Visa Gold,Blocked,2025-07-11,2030-07-10
CARD0260,CUST0904,ACC0681,Amex Platinum,Expired,2022-07-13,2027-07-12
CARD0261,CUST0423,ACC0255,Visa Gold,Expired,2021-02-28,2026-02-27
CARD0262,CUST0534,ACC0821,Visa Platinum,Expired,2023-05-05,2028-05-03
CARD0263,CUST0827,ACC0704,Mastercard Standard,Blocked,2022-10-02,2027-10-01
CARD0264,CUST0276,ACC0713,Visa Platinum,Blocked,2023-02-02,2028-02-01
CARD0265,CUST0023,ACC0737,Amex Platinum,Active,2025-12-06,2030-12-05
CARD0266,CUST0496,ACC0228,Amex Platinum,Active,2024-10-12,2029-10-11
CARD0267,CUST0468,ACC0623,Mastercard Standard,Active,2021-09-20,2026-09-19
CARD0268,CUST0751,ACC0894,Mastercard Standard,Blocked,2025-07-16,2030-07-15
CARD0269,CUST0189,ACC0391,Mastercard Standard,Blocked,2023-09-23,2028-09-21
CARD0270,CUST0909,ACC0534,Amex Platinum,Active,2024-06-02,2029-06-01
CARD0271,CUST0903,ACC0330,Visa Platinum,Blocked,2021-05-20,2026-05-19
CARD0272,CUST0356,ACC0188,Mastercard Standard,Active,2025-03-07,2030-03-06
CARD0273,CUST0221,ACC0453,Visa Gold,Active,2021-03-14,2026-03-13
CARD0274,CUST0423,ACC0645,Amex Platinum,Active,2023-11-23,2028-11-21
CARD0275,CUST0239,ACC0007,Amex Platinum,Expired,2024-09-19,2029-09-18
CARD0276,CUST0353,ACC0067,Visa Platinum,Blocked,2022-07-15,2027-07-14
CARD0277,CUST0825,ACC0891,Visa Platinum,Blocked,2024-07-13,2029-07-12
CARD0278,CUST0980,ACC0504,Mastercard Standard,Active,2021-03-16,2026-03-15
CARD0279,CUST0142,ACC0072,Amex Platinum,Blocked,2025-06-29,2030-06-28
CARD0280,CUST0536,ACC0977,Visa Gold,Active,2023-09-14,2028-09-12
CARD0281,CUST0414,ACC0198,Mastercard Standard,Active,2024-04-01,2029-03-31
CARD0282,CUST0424,ACC0054,Visa Platinum,Blocked,2023-03-11,2028-03-09
CARD0283,CUST0001,ACC0650,Visa Gold,Expired,2021-10-10,2026-10-09
CARD0284,CUST0200,ACC0145,Visa Platinum,Active,2021-12-23,2026-12-22
CARD0285,CUST0397,ACC0961,Mastercard Standard,Expired,2021-11-05,2026-11-04
CARD0286,CUST0349,ACC0210,Visa Gold,Blocked,2025-08-11,2030-08-10
CARD0287,CUST0059,ACC0129,Visa Platinum,Active,2022-06-07,2027-06-06
CARD0288,CUST0701,ACC0094,Amex Platinum,Blocked,2023-06-06,2028-06-04
CARD0289,CUST0942,ACC0178,Amex Platinum,Expired,2022-03-24,2027-03-23
CARD0290,CUST0479,ACC0607,Mastercard Standard,Blocked,2022-07-22,2027-07-21
CARD0291,CUST0106,ACC0563,Visa Gold,Active,2023-03-05,2028-03-03
CARD0292,CUST0596,ACC0852,Visa Platinum,Expired,2021-10-06,2026-10-05
CARD0293,CUST0645,ACC0815,Visa Platinum,Active,2022-04-25,2027-04-24
CARD0294,CUST0739,ACC0955,Amex Platinum,Blocked,2023-08-12,2028-08-10
CARD0295,CUST0349,ACC0210,Mastercard Standard,Blocked,2024-06-19,2029-06-18
CARD0296,CUST0494,ACC0242,Visa Gold,Expired,2022-06-10,2027-06-09
CARD0297,CUST0082,ACC0520,Amex Platinum,Active,2021-07-03,2026-07-02
CARD0298,CUST0717,ACC0081,Amex Platinum,Expired,2023-10-08,2028-10-06
CARD0299,CUST0547,ACC0437,Amex Platinum,Active,2022-07-18,2027-07-17
CARD0300,CUST0129,ACC0743,Visa Platinum,Active,2021-03-26,2026-03-25
CARD0301,CUST0621,ACC0479,Mastercard Standard,Expired,2021-07-01,2026-06-30
CARD0302,CUST0878,ACC0319,Amex Platinum,Blocked,2023-07-15,2028-07-13
CARD0303,CUST0405,ACC0169,Amex Platinum,Expired,2024-04-26,2029-04-25
CARD0304,CUST0996,ACC0739,Visa Platinum,Expired,2021-11-03,2026-11-02
CARD0305,CUST0417,ACC0203,Visa Gold,Expired,2023-09-22,2028-09-20
CARD0306,CUST0719,ACC0251,Visa Gold,Active,2022-03-19,2027-03-18
CARD0307,CUST0646,ACC0435,Visa Gold,Expired,2024-07-06,2029-07-05
CARD0308,CUST0292,ACC0181,Visa Platinum,Expired,2023-10-05,2028-10-03
CARD0309,CUST0606,ACC0621,Visa Platinum,Blocked,2023-03-13,2028-03-11
CARD0310,CUST0423,ACC0255,Mastercard Standard,Expired,2024-03-12,2029-03-11
CARD0311,CUST0081,ACC0311,Visa Gold,Blocked,2022-01-11,2027-01-10
CARD0312,CUST0241,ACC0293,Visa Platinum,Blocked,2021-06-11,2026-06-10
CARD0313,CUST0454,ACC0591,Visa Gold,Blocked,2022-09-22,2027-09-21
CARD0314,CUST0461,ACC0460,Mastercard Standard,Active,2023-01-15,2028-01-14
CARD0315,CUST0102,ACC0991,Amex Platinum,Active,2025-12-26,2030-12-25
CARD0316,CUST0536,ACC0651,Visa Gold,Active,2023-01-05,2028-01-04
CARD0317,CUST0075,ACC0207,Amex Platinum,Blocked,2025-03-12,2030-03-11
CARD0318,CUST0224,ACC0279,Amex Platinum,Blocked,2025-04-30,2030-04-29
CARD0319,CUST0239,ACC0884,Mastercard Standard,Active,2025-04-17,2030-04-16
CARD0320,CUST0753,ACC0801,Mastercard Standard,Blocked,2024-04-11,2029-04-10
CARD0321,CUST0500,ACC0493,Amex Platinum,Blocked,2021-12-24,2026-12-23
CARD0322,CUST0973,ACC0082,Visa Gold,Active,2023-04-17,2028-04-15
CARD0323,CUST0330,ACC0974,Amex Platinum,Active,2021-07-08,2026-07-07
CARD0324,CUST0398,ACC0996,Visa Platinum,Blocked,2023-09-17,2028-09-15
CARD0325,CUST0009,ACC0369,Visa Platinum,Active,2024-12-15,2029-12-14
CARD0326,CUST0703,ACC0408,Visa Platinum,Expired,2025-09-15,2030-09-14
CARD0327,CUST0982,ACC0387,Visa Platinum,Blocked,2024-06-18,2029-06-17
CARD0328,CUST0206,ACC0172,Mastercard Standard,Expired,2021-07-23,2026-07-22
CARD0329,CUST0666,ACC0483,Visa Gold,Blocked,2025-02-13,2030-02-12
CARD0330,CUST0062,ACC0452,Mastercard Standard,Active,2021-03-31,2026-03-30
CARD0331,CUST0915,ACC0433,Visa Platinum,Expired,2024-06-20,2029-06-19
CARD0332,CUST0929,ACC0518,Amex Platinum,Active,2022-12-28,2027-12-27
CARD0333,CUST0767,ACC0625,Visa Platinum,Blocked,2021-02-27,2026-02-26
CARD0334,CUST0223,ACC0753,Amex Platinum,Active,2023-04-17,2028-04-15
CARD0335,CUST0576,ACC0444,Visa Gold,Expired,2025-09-18,2030-09-17
CARD0336,CUST0197,ACC0779,Visa Platinum,Expired,2025-12-27,2030-12-26
CARD0337,CUST0001,ACC0160,Visa Platinum,Active,2021-11-12,2026-11-11
CARD0338,CUST0016,ACC0840,Visa Platinum,Blocked,2023-02-05,2028-02-04
CARD0339,CUST0536,ACC0977,Visa Platinum,Blocked,2025-09-20,2030-09-19
CARD0340,CUST0331,ACC0813,Visa Gold,Active,2022-01-26,2027-01-25
CARD0341,CUST0794,ACC0494,Visa Platinum,Blocked,2023-08-05,2028-08-03
CARD0342,CUST0809,ACC0021,Amex Platinum,Active,2025-11-01,2030-10-31
CARD0343,CUST0862,ACC0781,Visa Gold,Expired,2024-06-17,2029-06-16
CARD0344,CUST0189,ACC0391,Mastercard Standard,Expired,2024-10-17,2029-10-16
CARD0345,CUST0738,ACC0438,Visa Platinum,Active,2021-09-18,2026-09-17
CARD0346,CUST0365,ACC0875,Visa Platinum,Blocked,2025-04-04,2030-04-03
CARD0347,CUST0521,ACC0086,Amex Platinum,Expired,2022-09-25,2027-09-24
CARD0348,CUST0186,ACC0778,Visa Gold,Active,2022-03-19,2027-03-18
CARD0349,CUST0071,ACC0929,Visa Platinum,Active,2024-03-05,2029-03-04
CARD0350,CUST0752,ACC0944,Visa Gold,Blocked,2025-08-07,2030-08-06
CARD0351,CUST0110,ACC0308,Visa Gold,Active,2022-06-07,2027-06-06
CARD0352,CUST0554,ACC0610,Amex Platinum,Blocked,2023-02-01,2028-01-31
CARD0353,CUST0746,ACC0551,Amex Platinum,Expired,2025-07-29,2030-07-28
CARD0354,CUST0369,ACC0157,Mastercard Standard,Blocked,2024-08-09,2029-08-08
CARD0355,CUST0900,ACC0567,Visa Platinum,Blocked,2025-09-21,2030-09-20
CARD0356,CUST0449,ACC0745,Visa Platinum,Blocked,2024-11-04,2029-11-03
CARD0357,CUST0563,ACC0180,Mastercard Standard,Blocked,2021-05-10,2026-05-09
CARD0358,CUST0255,ACC0264,Amex Platinum,Blocked,2021-01-04,2026-01-03
CARD0359,CUST0375,ACC0390,Amex Platinum,Active,2024-12-14,2029-12-13
CARD0360,CUST0360,ACC0475,Visa Gold,Expired,2023-06-18,2028-06-16
CARD0361,CUST0680,ACC0314,Amex Platinum,Blocked,2022-06-05,2027-06-04
CARD0362,CUST0369,ACC0465,Visa Gold,Blocked,2021-01-02,2026-01-01
CARD0363,CUST0755,ACC0291,Mastercard Standard,Expired,2021-07-06,2026-07-05
CARD0364,CUST0276,ACC0385,Visa Gold,Active,2025-02-07,2030-02-06
CARD0365,CUST0086,ACC0576,Mastercard Standard,Blocked,2023-04-30,2028-04-28
CARD0366,CUST0606,ACC0621,Mastercard Standard,Blocked,2023-02-19,2028-02-18
CARD0367,CUST0500,ACC0493,Mastercard Standard,Expired,2024-03-27,2029-03-26
CARD0368,CUST0885,ACC0074,Mastercard Standard,Blocked,2023-12-28,2028-12-26
CARD0369,CUST0228,ACC0342,Amex Platinum,Blocked,2022-10-24,2027-10-23
CARD0370,CUST0673,ACC0140,Visa Platinum,Expired,2025-12-24,2030-12-23
CARD0371,CUST0156,ACC0733,Mastercard Standard,Active,2025-05-05,2030-05-04
CARD0372,CUST0591,ACC0481,Visa Gold,Blocked,2023-05-25,2028-05-23
CARD0373,CUST0268,ACC0201,Visa Platinum,Expired,2021-05-22,2026-05-21
CARD0374,CUST0671,ACC0159,Visa Gold,Active,2022-05-17,2027-05-16
CARD0375,CUST0001,ACC0939,Visa Gold,Active,2025-07-18,2030-07-17
CARD0376,CUST0200,ACC0195,Visa Gold,Active,2025-10-16,2030-10-15
CARD0377,CUST0489,ACC0005,Mastercard Standard,Active,2021-08-06,2026-08-05
CARD0378,CUST0557,ACC0014,Visa Platinum,Active,2023-07-24,2028-07-22
CARD0379,CUST0500,ACC0883,Mastercard Standard,Active,2021-10-06,2026-10-05
CARD0380,CUST0647,ACC0513,Amex Platinum,Active,2024-05-13,2029-05-12
CARD0381,CUST0239,ACC0748,Mastercard Standard,Blocked,2022-01-18,2027-01-17
CARD0382,CUST0129,ACC0743,Visa Gold,Expired,2022-03-10,2027-03-09
CARD0383,CUST0243,ACC0384,Amex Platinum,Expired,2025-09-25,2030-09-24
CARD0384,CUST0980,ACC0504,Visa Platinum,Blocked,2023-05-19,2028-05-17
CARD0385,CUST0242,ACC0415,Mastercard Standard,Active,2024-09-04,2029-09-03
CARD0386,CUST0635,ACC0948,Amex Platinum,Active,2022-10-18,2027-10-17
CARD0387,CUST0485,ACC0426,Mastercard Standard,Active,2025-04-18,2030-04-17
CARD0388,CUST0537,ACC0963,Mastercard Standard,Active,2023-09-16,2028-09-14
CARD0389,CUST0586,ACC0405,Mastercard Standard,Expired,2023-12-01,2028-11-29
CARD0390,CUST0658,ACC0994,Visa Gold,Blocked,2023-03-24,2028-03-22
CARD0391,CUST0475,ACC0761,Visa Gold,Expired,2024-11-07,2029-11-06
CARD0392,CUST0270,ACC0383,Visa Gold,Active,2023-04-29,2028-04-27
CARD0393,CUST0216,ACC0394,Visa Platinum,Expired,2023-02-04,2028-02-03
CARD0394,CUST0475,ACC0502,Mastercard Standard,Active,2023-09-27,2028-09-25
CARD0395,CUST0629,ACC0316,Mastercard Standard,Blocked,2023-11-28,2028-11-26
CARD0396,CUST0294,ACC0657,Mastercard Standard,Active,2022-10-17,2027-10-16
CARD0397,CUST0938,ACC0603,Mastercard Standard,Active,2024-11-29,2029-11-28
CARD0398,CUST0876,ACC0073,Visa Platinum,Active,2023-10-18,2028-10-16
CARD0399,CUST0391,ACC0419,Mastercard Standard,Blocked,2021-02-19,2026-02-18
CARD0400,CUST0449,ACC0907,Visa Platinum,Active,2022-02-20,2027-02-19
CARD0401,CUST0600,ACC0040,Amex Platinum,Blocked,2021-01-07,2026-01-06
CARD0402,CUST0752,ACC0944,Visa Gold,Blocked,2025-01-20,2030-01-19
CARD0403,CUST0612,ACC0128,Visa Gold,Expired,2021-01-14,2026-01-13
CARD0404,CUST0430,ACC0395,Visa Platinum,Expired,2021-01-30,2026-01-29
CARD0405,CUST0739,ACC0955,Visa Gold,Blocked,2022-06-24,2027-06-23
CARD0406,CUST0160,ACC0580,Visa Gold,Blocked,2024-07-07,2029-07-06
CARD0407,CUST0362,ACC0167,Visa Platinum,Expired,2025-09-23,2030-09-22
CARD0408,CUST0589,ACC0199,Visa Platinum,Active,2025-02-28,2030-02-27
CARD0409,CUST0257,ACC0782,Amex Platinum,Active,2024-05-05,2029-05-04
CARD0410,CUST0049,ACC0447,Visa Gold,Expired,2025-07-30,2030-07-29
CARD0411,CUST0856,ACC0981,Visa Gold,Blocked,2021-09-10,2026-09-09
CARD0412,CUST0853,ACC0262,Mastercard Standard,Active,2021-08-29,2026-08-28
CARD0413,CUST0732,ACC0790,Mastercard Standard,Active,2025-08-01,2030-07-31
CARD0414,CUST0555,ACC0936,Amex Platinum,Blocked,2021-04-07,2026-04-06
CARD0415,CUST0150,ACC0770,Visa Platinum,Active,2024-10-15,2029-10-14
CARD0416,CUST0105,ACC0740,Visa Platinum,Expired,2022-01-19,2027-01-18
CARD0417,CUST0882,ACC0357,Visa Gold,Blocked,2024-01-02,2028-12-31
CARD0418,CUST0352,ACC0522,Visa Platinum,Expired,2024-03-15,2029-03-14
CARD0419,CUST0718,ACC0727,Visa Platinum,Blocked,2024-01-18,2029-01-16
CARD0420,CUST0294,ACC0501,Amex Platinum,Expired,2024-04-16,2029-04-15
CARD0421,CUST0536,ACC0651,Mastercard Standard,Active,2022-07-05,2027-07-04
CARD0422,CUST0702,ACC0706,Mastercard Standard,Expired,2021-01-27,2026-01-26
CARD0423,CUST0628,ACC0378,Mastercard Standard,Expired,2022-01-23,2027-01-22
CARD0424,CUST0423,ACC0714,Amex Platinum,Active,2024-12-08,2029-12-07
CARD0425,CUST0380,ACC0060,Visa Gold,Expired,2024-02-26,2029-02-24
CARD0426,CUST0307,ACC0667,Amex Platinum,Blocked,2022-08-23,2027-08-22
CARD0427,CUST0430,ACC0395,Visa Gold,Expired,2024-10-13,2029-10-12
CARD0428,CUST0878,ACC0949,Amex Platinum,Blocked,2021-01-30,2026-01-29
CARD0429,CUST0646,ACC0435,Amex Platinum,Blocked,2022-11-20,2027-11-19
CARD0430,CUST0351,ACC0754,Visa Gold,Blocked,2021-03-03,2026-03-02
CARD0431,CUST0820,ACC0253,Visa Platinum,Expired,2023-05-24,2028-05-22
CARD0432,CUST0226,ACC0249,Mastercard Standard,Blocked,2024-01-17,2029-01-15
CARD0433,CUST0333,ACC0490,Visa Platinum,Active,2022-08-19,2027-08-18
CARD0434,CUST0110,ACC0036,Mastercard Standard,Active,2021-10-07,2026-10-06
CARD0435,CUST0752,ACC0944,Visa Gold,Blocked,2023-07-31,2028-07-29
CARD0436,CUST0224,ACC0833,Visa Gold,Blocked,2022-11-19,2027-11-18
CARD0437,CUST0691,ACC0371,Visa Platinum,Expired,2022-12-29,2027-12-28
CARD0438,CUST0160,ACC0647,Amex Platinum,Active,2025-03-15,2030-03-14
CARD0439,CUST0633,ACC0724,Amex Platinum,Blocked,2024-02-02,2029-01-31
CARD0440,CUST0226,ACC0693,Visa Gold,Expired,2021-04-25,2026-04-24
CARD0441,CUST0671,ACC0029,Visa Platinum,Active,2023-05-23,2028-05-21
CARD0442,CUST0193,ACC0715,Amex Platinum,Expired,2025-03-12,2030-03-11
CARD0443,CUST0575,ACC0682,Amex Platinum,Expired,2022-10-12,2027-10-11
CARD0444,CUST0705,ACC0661,Amex Platinum,Expired,2021-01-23,2026-01-22
CARD0445,CUST0238,ACC0152,Amex Platinum,Active,2022-09-02,2027-09-01
CARD0446,CUST0690,ACC0268,Mastercard Standard,Expired,2024-05-15,2029-05-14
CARD0447,CUST0182,ACC0620,Visa Platinum,Active,2021-12-11,2026-12-10
CARD0448,CUST0571,ACC0467,Visa Platinum,Active,2023-05-12,2028-05-10
CARD0449,CUST0565,ACC0967,Visa Gold,Blocked,2025-11-04,2030-11-03
CARD0450,CUST0246,ACC0698,Visa Platinum,Active,2025-04-04,2030-04-03
CARD0451,CUST0716,ACC0151,Visa Platinum,Active,2025-03-15,2030-03-14
CARD0452,CUST0718,ACC0261,Visa Gold,Active,2022-06-14,2027-06-13
CARD0453,CUST0324,ACC0254,Amex Platinum,Expired,2025-09-11,2030-09-10
CARD0454,CUST0972,ACC0617,Mastercard Standard,Active,2022-08-26,2027-08-25
CARD0455,CUST0130,ACC0593,Mastercard Standard,Blocked,2025-10-24,2030-10-23
CARD0456,CUST0114,ACC0975,Visa Platinum,Blocked,2025-10-22,2030-10-21
CARD0457,CUST0194,ACC0679,Mastercard Standard,Active,2022-06-30,2027-06-29
CARD0458,CUST0255,ACC0862,Mastercard Standard,Blocked,2021-07-23,2026-07-22
CARD0459,CUST0410,ACC0166,Visa Gold,Active,2022-02-03,2027-02-02
CARD0460,CUST0898,ACC0013,Visa Platinum,Blocked,2021-07-22,2026-07-21
CARD0461,CUST0954,ACC0120,Visa Platinum,Active,2022-01-31,2027-01-30
CARD0462,CUST0732,ACC0790,Visa Gold,Expired,2023-03-18,2028-03-16
CARD0463,CUST0724,ACC0095,Visa Platinum,Expired,2025-11-06,2030-11-05
CARD0464,CUST0009,ACC0660,Mastercard Standard,Expired,2022-12-10,2027-12-09
CARD0465,CUST0504,ACC0729,Visa Gold,Blocked,2025-06-14,2030-06-13
CARD0466,CUST0001,ACC0939,Visa Platinum,Blocked,2023-05-03,2028-05-01
CARD0467,CUST0216,ACC0394,Mastercard Standard,Expired,2022-08-20,2027-08-19
CARD0468,CUST0703,ACC0408,Visa Platinum,Blocked,2021-03-13,2026-03-12
CARD0469,CUST0633,ACC0724,Mastercard Standard,Expired,2025-07-14,2030-07-13
CARD0470,CUST0366,ACC0601,Visa Gold,Active,2023-02-25,2028-02-24
CARD0471,CUST0502,ACC0998,Visa Platinum,Expired,2025-10-07,2030-10-06
CARD0472,CUST0852,ACC0923,Visa Platinum,Active,2024-11-11,2029-11-10
CARD0473,CUST0166,ACC0083,Visa Gold,Active,2021-01-07,2026-01-06
CARD0474,CUST0661,ACC0531,Visa Gold,Active,2024-08-19,2029-08-18
CARD0475,CUST0461,ACC0932,Mastercard Standard,Blocked,2021-06-11,2026-06-10
CARD0476,CUST0987,ACC0194,Mastercard Standard,Blocked,2023-10-01,2028-09-29
CARD0477,CUST0387,ACC0898,Mastercard Standard,Blocked,2024-09-05,2029-09-04
CARD0478,CUST0870,ACC0434,Visa Gold,Expired,2024-06-18,2029-06-17
CARD0479,CUST0416,ACC0170,Mastercard Standard,Expired,2023-05-02,2028-04-30
CARD0480,CUST0993,ACC0850,Visa Platinum,Active,2022-01-14,2027-01-13
CARD0481,CUST0738,ACC0438,Amex Platinum,Blocked,2025-05-30,2030-05-29
CARD0482,CUST0549,ACC0259,Mastercard Standard,Active,2024-12-20,2029-12-19
CARD0483,CUST0665,ACC0709,Mastercard Standard,Active,2025-03-20,2030-03-19
CARD0484,CUST0943,ACC0310,Visa Gold,Blocked,2024-01-29,2029-01-27
CARD0485,CUST0647,ACC0513,Visa Gold,Blocked,2025-05-27,2030-05-26
CARD0486,CUST0102,ACC0991,Mastercard Standard,Active,2021-05-16,2026-05-15
CARD0487,CUST0172,ACC0546,Visa Platinum,Expired,2022-11-29,2027-11-28
CARD0488,CUST0816,ACC0675,Mastercard Standard,Blocked,2021-05-26,2026-05-25
CARD0489,CUST0573,ACC0908,Visa Platinum,Expired,2023-05-14,2028-05-12
CARD0490,CUST0511,ACC0392,Mastercard Standard,Expired,2024-07-29,2029-07-28
CARD0491,CUST0366,ACC0601,Visa Gold,Active,2025-07-13,2030-07-12
CARD0492,CUST0629,ACC0316,Visa Gold,Active,2024-10-26,2029-10-25
CARD0493,CUST0506,ACC0752,Amex Platinum,Blocked,2023-09-10,2028-09-08
CARD0494,CUST0820,ACC0422,Mastercard Standard,Active,2021-01-17,2026-01-16
CARD0495,CUST0058,ACC0771,Visa Platinum,Expired,2024-05-02,2029-05-01
CARD0496,CUST0387,ACC0898,Amex Platinum,Active,2022-08-28,2027-08-27
CARD0497,CUST0020,ACC0947,Visa Platinum,Active,2023-11-06,2028-11-04
CARD0498,CUST0745,ACC0746,Mastercard Standard,Active,2021-09-12,2026-09-11
CARD0499,CUST0825,ACC0891,Mastercard Standard,Blocked,2025-11-12,2030-11-11
CARD0500,CUST0629,ACC0092,Visa Platinum,Active,2021-03-20,2026-03-19
CARD0501,CUST0270,ACC0112,Amex Platinum,Blocked,2022-12-03,2027-12-02
CARD0502,CUST0835,ACC0652,Visa Platinum,Active,2024-08-09,2029-08-08
CARD0503,CUST0235,ACC0587,Amex Platinum,Blocked,2021-08-20,2026-08-19
CARD0504,CUST0254,ACC0796,Visa Platinum,Expired,2023-02-16,2028-02-15
CARD0505,CUST0044,ACC0817,Amex Platinum,Expired,2022-09-04,2027-09-03
CARD0506,CUST0034,ACC0353,Mastercard Standard,Blocked,2022-05-27,2027-05-26
CARD0507,CUST0997,ACC0834,Visa Platinum,Blocked,2023-10-20,2028-10-18
CARD0508,CUST0803,ACC0147,Amex Platinum,Blocked,2023-08-24,2028-08-22
CARD0509,CUST0488,ACC0276,Visa Gold,Active,2021-07-15,2026-07-14
CARD0510,CUST0864,ACC0767,Amex Platinum,Expired,2021-10-28,2026-10-27
CARD0511,CUST0980,ACC0215,Visa Platinum,Active,2021-03-28,2026-03-27
CARD0512,CUST0245,ACC0953,Amex Platinum,Blocked,2025-01-31,2030-01-30
CARD0513,CUST0864,ACC0767,Visa Platinum,Blocked,2024-09-04,2029-09-03
CARD0514,CUST0703,ACC0408,Visa Platinum,Active,2021-03-16,2026-03-15
CARD0515,CUST0874,ACC0716,Visa Platinum,Active,2023-11-05,2028-11-03
CARD0516,CUST0629,ACC0316,Amex Platinum,Blocked,2023-02-17,2028-02-16
CARD0517,CUST0239,ACC0007,Visa Platinum,Expired,2023-02-07,2028-02-06
CARD0518,CUST0531,ACC0173,Mastercard Standard,Blocked,2021-12-02,2026-12-01
CARD0519,CUST0242,ACC0836,Visa Gold,Expired,2025-01-11,2030-01-10
CARD0520,CUST0980,ACC0504,Mastercard Standard,Blocked,2023-01-11,2028-01-10
CARD0521,CUST0436,ACC0002,Visa Platinum,Active,2023-11-25,2028-11-23
CARD0522,CUST0652,ACC0100,Visa Platinum,Blocked,2021-06-19,2026-06-18
CARD0523,CUST0142,ACC0072,Amex Platinum,Blocked,2023-11-03,2028-11-01
CARD0524,CUST0790,ACC0793,Visa Platinum,Blocked,2025-06-03,2030-06-02
CARD0525,CUST0423,ACC0714,Visa Gold,Active,2023-01-06,2028-01-05
CARD0526,CUST0010,ACC0428,Visa Platinum,Active,2021-08-15,2026-08-14
CARD0527,CUST0962,ACC0538,Visa Gold,Expired,2024-09-24,2029-09-23
CARD0528,CUST0826,ACC0427,Amex Platinum,Blocked,2021-10-25,2026-10-24
CARD0529,CUST0818,ACC0671,Visa Platinum,Expired,2024-10-19,2029-10-18
CARD0530,CUST0894,ACC0296,Amex Platinum,Blocked,2025-12-04,2030-12-03
CARD0531,CUST0016,ACC0751,Amex Platinum,Active,2022-01-23,2027-01-22
CARD0532,CUST0308,ACC0442,Visa Gold,Blocked,2021-09-23,2026-09-22
CARD0533,CUST0755,ACC0175,Visa Platinum,Active,2021-07-08,2026-07-07
CARD0534,CUST0292,ACC0181,Visa Gold,Blocked,2021-04-14,2026-04-13
CARD0535,CUST0243,ACC0384,Visa Gold,Active,2024-03-18,2029-03-17
CARD0536,CUST0284,ACC0191,Amex Platinum,Expired,2023-09-01,2028-08-30
CARD0537,CUST0114,ACC0721,Amex Platinum,Blocked,2021-07-22,2026-07-21
CARD0538,CUST0207,ACC0138,Visa Gold,Expired,2022-02-01,2027-01-31
CARD0539,CUST0417,ACC0203,Visa Gold,Expired,2021-07-12,2026-07-11
CARD0540,CUST0391,ACC0499,Visa Gold,Blocked,2024-10-04,2029-10-03
CARD0541,CUST0357,ACC0187,Visa Gold,Expired,2021-06-20,2026-06-19
CARD0542,CUST0586,ACC0515,Visa Platinum,Blocked,2023-07-26,2028-07-24
CARD0543,CUST0420,ACC0972,Visa Platinum,Active,2024-09-03,2029-09-02
CARD0544,CUST0228,ACC0113,Visa Gold,Expired,2021-07-24,2026-07-23
CARD0545,CUST0343,ACC0462,Mastercard Standard,Active,2021-11-13,2026-11-12
CARD0546,CUST0087,ACC0581,Visa Platinum,Expired,2021-06-23,2026-06-22
CARD0547,CUST0997,ACC0834,Visa Gold,Active,2025-10-04,2030-10-03
CARD0548,CUST0551,ACC0218,Visa Gold,Active,2021-06-12,2026-06-11
CARD0549,CUST0284,ACC0191,Visa Gold,Active,2023-07-06,2028-07-04
CARD0550,CUST0573,ACC0206,Mastercard Standard,Active,2024-03-31,2029-03-30
CARD0551,CUST0573,ACC0061,Visa Gold,Active,2024-06-01,2029-05-31
CARD0552,CUST0769,ACC0768,Visa Platinum,Active,2021-10-25,2026-10-24
CARD0553,CUST0356,ACC0188,Visa Platinum,Expired,2024-07-01,2029-06-30
CARD0554,CUST0909,ACC0829,Amex Platinum,Blocked,2022-12-26,2027-12-25
CARD0555,CUST0186,ACC0778,Amex Platinum,Active,2021-02-02,2026-02-01
CARD0556,CUST0953,ACC0197,Visa Platinum,Active,2024-11-09,2029-11-08
CARD0557,CUST0096,ACC0266,Mastercard Standard,Expired,2024-04-07,2029-04-06
CARD0558,CUST0614,ACC0924,Mastercard Standard,Active,2024-12-13,2029-12-12
CARD0559,CUST0450,ACC0893,Amex Platinum,Blocked,2024-08-23,2029-08-22
CARD0560,CUST0391,ACC0419,Visa Platinum,Active,2021-11-11,2026-11-10
CARD0561,CUST0062,ACC0452,Visa Platinum,Expired,2023-11-22,2028-11-20
CARD0562,CUST0453,ACC0642,Visa Gold,Expired,2021-03-22,2026-03-21
CARD0563,CUST0270,ACC0935,Mastercard Standard,Expired,2024-11-11,2029-11-10
CARD0564,CUST0825,ACC0640,Visa Gold,Blocked,2025-05-26,2030-05-25
CARD0565,CUST0270,ACC0112,Visa Gold,Blocked,2023-10-17,2028-10-15
CARD0566,CUST0356,ACC0890,Visa Gold,Blocked,2022-08-22,2027-08-21
CARD0567,CUST0835,ACC0652,Visa Gold,Active,2021-12-02,2026-12-01
CARD0568,CUST0601,ACC0171,Mastercard Standard,Active,2021-11-16,2026-11-15
CARD0569,CUST0973,ACC0082,Visa Gold,Expired,2021-02-08,2026-02-07
CARD0570,CUST0855,ACC0301,Amex Platinum,Expired,2021-07-29,2026-07-28
CARD0571,CUST0805,ACC0088,Visa Platinum,Blocked,2022-08-25,2027-08-24
CARD0572,CUST0982,ACC0387,Visa Gold,Blocked,2025-11-16,2030-11-15
CARD0573,CUST0612,ACC0128,Visa Platinum,Active,2022-01-27,2027-01-26
CARD0574,CUST0970,ACC0284,Visa Gold,Active,2025-05-01,2030-04-30
CARD0575,CUST0592,ACC0066,Visa Platinum,Active,2023-03-08,2028-03-06
CARD0576,CUST0963,ACC0351,Amex Platinum,Blocked,2024-01-10,2029-01-08
CARD0577,CUST0705,ACC0031,Amex Platinum,Expired,2024-08-01,2029-07-31
CARD0578,CUST0680,ACC0600,Visa Platinum,Blocked,2025-02-04,2030-02-03
CARD0579,CUST0029,ACC0241,Mastercard Standard,Expired,2024-10-13,2029-10-12
CARD0580,CUST0333,ACC0490,Mastercard Standard,Expired,2022-08-01,2027-07-31
CARD0581,CUST0911,ACC0497,Visa Platinum,Blocked,2023-01-26,2028-01-25
CARD0582,CUST0662,ACC0689,Amex Platinum,Expired,2022-03-04,2027-03-03
CARD0583,CUST0197,ACC0779,Visa Gold,Active,2021-05-17,2026-05-16
CARD0584,CUST0844,ACC0104,Amex Platinum,Active,2021-07-07,2026-07-06
CARD0585,CUST0086,ACC0010,Visa Platinum,Active,2022-02-01,2027-01-31
CARD0586,CUST0496,ACC0063,Visa Gold,Expired,2023-08-27,2028-08-25
CARD0587,CUST0568,ACC0273,Visa Platinum,Expired,2025-12-22,2030-12-21
CARD0588,CUST0150,ACC0770,Visa Gold,Expired,2024-09-16,2029-09-15
CARD0589,CUST0069,ACC0979,Mastercard Standard,Blocked,2025-05-14,2030-05-13
CARD0590,CUST0932,ACC0008,Mastercard Standard,Expired,2024-01-17,2029-01-15
CARD0591,CUST0575,ACC0682,Visa Gold,Blocked,2023-08-25,2028-08-23
CARD0592,CUST0175,ACC0597,Mastercard Standard,Expired,2025-12-19,2030-12-18
CARD0593,CUST0698,ACC0809,Visa Gold,Active,2025-08-09,2030-08-08
CARD0594,CUST0876,ACC0043,Mastercard Standard,Active,2022-03-29,2027-03-28
CARD0595,CUST0652,ACC0100,Visa Gold,Blocked,2022-04-03,2027-04-02
CARD0596,CUST0898,ACC0217,Visa Gold,Expired,2024-12-29,2029-12-28
CARD0597,CUST0456,ACC0535,Visa Platinum,Active,2023-08-18,2028-08-16
CARD0598,CUST0320,ACC0811,Visa Platinum,Active,2023-12-02,2028-11-30
CARD0599,CUST0932,ACC0008,Amex Platinum,Active,2023-06-24,2028-06-22
CARD0600,CUST0276,ACC0385,Mastercard Standard,Blocked,2024-02-20,2029-02-18
CARD0601,CUST0715,ACC0618,Visa Platinum,Blocked,2021-01-26,2026-01-25
CARD0602,CUST0278,ACC0533,Amex Platinum,Active,2025-05-28,2030-05-27
CARD0603,CUST0033,ACC0986,Visa Platinum,Active,2025-12-28,2030-12-27
CARD0604,CUST0918,ACC0780,Mastercard Standard,Expired,2022-03-26,2027-03-25
CARD0605,CUST0568,ACC0273,Mastercard Standard,Blocked,2021-06-28,2026-06-27
CARD0606,CUST0739,ACC0955,Mastercard Standard,Blocked,2023-01-08,2028-01-07
CARD0607,CUST0081,ACC0498,Visa Gold,Blocked,2025-04-25,2030-04-24
CARD0608,CUST0552,ACC0485,Mastercard Standard,Active,2025-10-05,2030-10-04
CARD0609,CUST0557,ACC0776,Amex Platinum,Active,2021-06-19,2026-06-18
CARD0610,CUST0056,ACC0346,Mastercard Standard,Blocked,2024-08-04,2029-08-03
CARD0611,CUST0553,ACC0619,Mastercard Standard,Active,2023-12-05,2028-12-03
CARD0612,CUST0805,ACC0440,Visa Gold,Active,2022-08-31,2027-08-30
CARD0613,CUST0132,ACC0345,Visa Gold,Expired,2022-09-15,2027-09-14
CARD0614,CUST0266,ACC0380,Visa Platinum,Active,2022-09-18,2027-09-17
CARD0615,CUST0530,ACC0699,Visa Platinum,Expired,2021-08-01,2026-07-31
CARD0616,CUST0502,ACC0912,Mastercard Standard,Blocked,2023-11-28,2028-11-26
CARD0617,CUST0554,ACC0352,Visa Platinum,Blocked,2022-08-12,2027-08-11
CARD0618,CUST0869,ACC0323,Amex Platinum,Expired,2025-01-18,2030-01-17
CARD0619,CUST0649,ACC0837,Amex Platinum,Active,2024-12-23,2029-12-22
CARD0620,CUST0392,ACC0246,Amex Platinum,Blocked,2023-10-26,2028-10-24
CARD0621,CUST0700,ACC0964,Visa Gold,Active,2025-12-03,2030-12-02
CARD0622,CUST0013,ACC0370,Visa Gold,Blocked,2025-10-25,2030-10-24
CARD0623,CUST0575,ACC0682,Amex Platinum,Active,2023-11-09,2028-11-07
CARD0624,CUST0235,ACC0409,Mastercard Standard,Active,2023-07-20,2028-07-18
CARD0625,CUST0628,ACC0388,Visa Platinum,Active,2024-07-24,2029-07-23
CARD0626,CUST0652,ACC0626,Visa Gold,Expired,2023-10-18,2028-10-16
CARD0627,CUST0184,ACC0059,Mastercard Standard,Expired,2022-05-20,2027-05-19
CARD0628,CUST0539,ACC0999,Visa Platinum,Blocked,2021-11-22,2026-11-21
CARD0629,CUST0531,ACC0365,Visa Platinum,Active,2024-11-12,2029-11-11
CARD0630,CUST0198,ACC0895,Amex Platinum,Expired,2021-05-12,2026-05-11
CARD0631,CUST0524,ACC0339,Mastercard Standard,Expired,2025-03-21,2030-03-20
CARD0632,CUST0306,ACC0826,Mastercard Standard,Active,2022-11-13,2027-11-12
CARD0633,CUST0094,ACC0103,Amex Platinum,Active,2021-01-12,2026-01-11
CARD0634,CUST0261,ACC0004,Amex Platinum,Active,2022-11-24,2027-11-23
CARD0635,CUST0955,ACC0468,Amex Platinum,Active,2022-12-17,2027-12-16
CARD0636,CUST0914,ACC0892,Amex Platinum,Blocked,2024-12-20,2029-12-19
CARD0637,CUST0874,ACC0716,Mastercard Standard,Expired,2022-10-25,2027-10-24
CARD0638,CUST0739,ACC0412,Visa Platinum,Blocked,2023-01-13,2028-01-12
CARD0639,CUST0129,ACC0743,Visa Platinum,Blocked,2025-02-02,2030-02-01
CARD0640,CUST0705,ACC0856,Amex Platinum,Blocked,2023-10-27,2028-10-25
CARD0641,CUST0556,ACC0910,Amex Platinum,Expired,2024-03-13,2029-03-12
CARD0642,CUST0635,ACC0948,Amex Platinum,Blocked,2022-09-30,2027-09-29
CARD0643,CUST0531,ACC0143,Amex Platinum,Expired,2024-05-28,2029-05-27
CARD0644,CUST0008,ACC0027,Visa Platinum,Blocked,2022-07-27,2027-07-26
CARD0645,CUST0972,ACC0617,Amex Platinum,Expired,2021-01-21,2026-01-20
CARD0646,CUST0729,ACC0126,Visa Gold,Blocked,2024-02-02,2029-01-31
CARD0647,CUST0356,ACC0890,Amex Platinum,Blocked,2021-01-31,2026-01-30
CARD0648,CUST0462,ACC0544,Visa Platinum,Blocked,2021-08-18,2026-08-17
CARD0649,CUST0953,ACC0287,Visa Gold,Blocked,2024-01-17,2029-01-15
CARD0650,CUST0330,ACC0974,Visa Platinum,Active,2021-04-04,2026-04-03
CARD0651,CUST0071,ACC0717,Mastercard Standard,Blocked,2025-09-20,2030-09-19
CARD0652,CUST0150,ACC0770,Visa Gold,Blocked,2021-12-24,2026-12-23
CARD0653,CUST0116,ACC0835,Visa Platinum,Expired,2022-03-19,2027-03-18
CARD0654,CUST0423,ACC0255,Visa Gold,Blocked,2023-06-22,2028-06-20
CARD0655,CUST0628,ACC0378,Mastercard Standard,Expired,2024-09-30,2029-09-29
CARD0656,CUST0267,ACC0463,Amex Platinum,Expired,2022-08-27,2027-08-26
CARD0657,CUST0318,ACC0634,Visa Platinum,Expired,2025-12-25,2030-12-24
CARD0658,CUST0628,ACC0703,Visa Gold,Blocked,2024-01-24,2029-01-22
CARD0659,CUST0816,ACC0675,Visa Gold,Active,2021-05-17,2026-05-16
CARD0660,CUST0825,ACC0891,Mastercard Standard,Blocked,2021-04-03,2026-04-02
CARD0661,CUST0800,ACC0487,Mastercard Standard,Expired,2022-09-11,2027-09-10
CARD0662,CUST0728,ACC0528,Visa Platinum,Expired,2022-09-07,2027-09-06
CARD0663,CUST0757,ACC0424,Mastercard Standard,Expired,2023-06-02,2028-05-31
CARD0664,CUST0562,ACC0677,Amex Platinum,Expired,2022-06-26,2027-06-25
CARD0665,CUST0621,ACC0193,Visa Platinum,Active,2022-11-12,2027-11-11
CARD0666,CUST0261,ACC0004,Amex Platinum,Active,2023-03-26,2028-03-24
CARD0667,CUST0869,ACC0654,Visa Platinum,Blocked,2022-06-26,2027-06-25
CARD0668,CUST0856,ACC0981,Visa Platinum,Active,2023-11-22,2028-11-20
CARD0669,CUST0510,ACC0965,Visa Platinum,Expired,2025-09-19,2030-09-18
CARD0670,CUST0224,ACC0833,Visa Gold,Active,2023-02-04,2028-02-03
CARD0671,CUST0903,ACC0330,Visa Platinum,Blocked,2022-07-09,2027-07-08
CARD0672,CUST0006,ACC0018,Visa Gold,Blocked,2022-09-01,2027-08-31
CARD0673,CUST0011,ACC0649,Visa Platinum,Active,2021-03-08,2026-03-07
CARD0674,CUST0009,ACC0369,Amex Platinum,Active,2022-07-02,2027-07-01
CARD0675,CUST0198,ACC0895,Visa Gold,Expired,2023-03-25,2028-03-23
CARD0676,CUST0375,ACC0047,Amex Platinum,Expired,2021-11-11,2026-11-10
CARD0677,CUST0585,ACC0993,Mastercard Standard,Expired,2021-03-07,2026-03-06
CARD0678,CUST0204,ACC0827,Visa Gold,Blocked,2022-03-03,2027-03-02
CARD0679,CUST0351,ACC0754,Visa Gold,Blocked,2024-03-23,2029-03-22
CARD0680,CUST0282,ACC0334,Visa Gold,Active,2021-12-11,2026-12-10
CARD0681,CUST0082,ACC0695,Amex Platinum,Expired,2023-11-18,2028-11-16
CARD0682,CUST0261,ACC0455,Visa Platinum,Active,2022-10-16,2027-10-15
CARD0683,CUST0883,ACC0240,Visa Gold,Active,2023-08-06,2028-08-04
CARD0684,CUST0612,ACC0622,Visa Platinum,Blocked,2024-11-18,2029-11-17
CARD0685,CUST0911,ACC0497,Mastercard Standard,Expired,2023-01-17,2028-01-16
CARD0686,CUST0834,ACC0410,Visa Platinum,Active,2024-02-23,2029-02-21
CARD0687,CUST0805,ACC0757,Visa Gold,Blocked,2024-03-02,2029-03-01
CARD0688,CUST0578,ACC0628,Visa Platinum,Expired,2022-06-17,2027-06-16
CARD0689,CUST0163,ACC0814,Visa Gold,Expired,2025-06-26,2030-06-25
CARD0690,CUST0103,ACC0084,Visa Gold,Expired,2024-09-09,2029-09-08
CARD0691,CUST0882,ACC0357,Amex Platinum,Blocked,2021-07-23,2026-07-22
CARD0692,CUST0324,ACC0439,Visa Platinum,Expired,2022-01-04,2027-01-03
CARD0693,CUST0195,ACC0962,Visa Platinum,Active,2022-03-25,2027-03-24
CARD0694,CUST0329,ACC0954,Amex Platinum,Blocked,2022-02-11,2027-02-10
CARD0695,CUST0510,ACC0965,Visa Platinum,Expired,2022-08-13,2027-08-12
CARD0696,CUST0329,ACC0954,Mastercard Standard,Blocked,2022-08-19,2027-08-18
CARD0697,CUST0292,ACC0488,Amex Platinum,Blocked,2025-07-13,2030-07-12
CARD0698,CUST0816,ACC0675,Amex Platinum,Blocked,2024-03-21,2029-03-20
CARD0699,CUST0719,ACC0878,Mastercard Standard,Expired,2024-03-08,2029-03-07
CARD0700,CUST0071,ACC0717,Amex Platinum,Blocked,2023-09-15,2028-09-13
CARD0701,CUST0568,ACC0927,Visa Gold,Blocked,2024-08-27,2029-08-26
CARD0702,CUST0094,ACC0103,Mastercard Standard,Blocked,2023-01-30,2028-01-29
CARD0703,CUST0506,ACC0752,Visa Gold,Active,2021-05-24,2026-05-23
CARD0704,CUST0430,ACC0395,Visa Platinum,Active,2025-12-30,2030-12-29
CARD0705,CUST0855,ACC0301,Visa Gold,Expired,2022-08-11,2027-08-10
CARD0706,CUST0612,ACC0622,Visa Gold,Expired,2025-07-22,2030-07-21
CARD0707,CUST0005,ACC0200,Visa Platinum,Expired,2023-07-03,2028-07-01
CARD0708,CUST0193,ACC0730,Visa Platinum,Blocked,2022-04-07,2027-04-06
CARD0709,CUST0803,ACC0147,Visa Gold,Expired,2023-10-16,2028-10-14
CARD0710,CUST0825,ACC0891,Amex Platinum,Active,2023-02-07,2028-02-06
CARD0711,CUST0278,ACC0533,Amex Platinum,Blocked,2021-06-15,2026-06-14
CARD0712,CUST0387,ACC0898,Amex Platinum,Blocked,2023-05-21,2028-05-19
CARD0713,CUST0317,ACC0586,Mastercard Standard,Expired,2022-01-28,2027-01-27
CARD0714,CUST0534,ACC0804,Mastercard Standard,Blocked,2025-04-29,2030-04-28
CARD0715,CUST0719,ACC0878,Visa Platinum,Blocked,2025-12-20,2030-12-19
CARD0716,CUST0051,ACC0734,Amex Platinum,Active,2025-02-28,2030-02-27
CARD0717,CUST0870,ACC0517,Visa Platinum,Active,2022-10-13,2027-10-12
CARD0718,CUST0324,ACC0033,Mastercard Standard,Blocked,2021-09-10,2026-09-09
CARD0719,CUST0793,ACC0131,Visa Gold,Expired,2025-01-02,2030-01-01
CARD0720,CUST0951,ACC0510,Amex Platinum,Active,2021-07-21,2026-07-20
CARD0721,CUST0746,ACC0816,Visa Platinum,Blocked,2022-06-05,2027-06-04
CARD0722,CUST0821,ACC0090,Visa Platinum,Expired,2025-04-30,2030-04-29
CARD0723,CUST0123,ACC0309,Amex Platinum,Active,2024-04-20,2029-04-19
CARD0724,CUST0803,ACC0853,Visa Gold,Expired,2025-05-01,2030-04-30
CARD0725,CUST0400,ACC0690,Visa Platinum,Blocked,2024-03-08,2029-03-07
CARD0726,CUST0407,ACC0562,Amex Platinum,Expired,2025-03-30,2030-03-29
CARD0727,CUST0022,ACC0896,Visa Platinum,Expired,2025-06-01,2030-05-31
CARD0728,CUST0621,ACC0479,Visa Gold,Expired,2024-12-13,2029-12-12
CARD0729,CUST0531,ACC0173,Amex Platinum,Active,2022-07-11,2027-07-10
CARD0730,CUST0332,ACC0918,Amex Platinum,Blocked,2023-09-27,2028-09-25
CARD0731,CUST0860,ACC0457,Mastercard Standard,Blocked,2024-03-07,2029-03-06
CARD0732,CUST0675,ACC0978,Amex Platinum,Blocked,2025-06-21,2030-06-20
CARD0733,CUST0394,ACC0119,Amex Platinum,Active,2025-02-10,2030-02-09
CARD0734,CUST0794,ACC0494,Visa Platinum,Blocked,2025-03-18,2030-03-17
CARD0735,CUST0194,ACC0679,Visa Gold,Active,2025-01-11,2030-01-10
CARD0736,CUST0258,ACC0554,Mastercard Standard,Blocked,2023-04-14,2028-04-12
CARD0737,CUST0649,ACC0247,Amex Platinum,Active,2025-12-11,2030-12-10
CARD0738,CUST0694,ACC0250,Visa Platinum,Active,2024-05-30,2029-05-29
CARD0739,CUST0898,ACC0217,Mastercard Standard,Blocked,2025-12-20,2030-12-19
CARD0740,CUST0755,ACC0175,Visa Gold,Expired,2021-04-24,2026-04-23
CARD0741,CUST0273,ACC0772,Visa Gold,Active,2022-10-06,2027-10-05
CARD0742,CUST0565,ACC0967,Visa Gold,Active,2022-11-14,2027-11-13
CARD0743,CUST0008,ACC0676,Mastercard Standard,Blocked,2022-09-23,2027-09-22
CARD0744,CUST0071,ACC0717,Mastercard Standard,Blocked,2024-11-05,2029-11-04
CARD0745,CUST0629,ACC0092,Visa Gold,Active,2022-12-30,2027-12-29
CARD0746,CUST0446,ACC0109,Visa Platinum,Blocked,2024-05-15,2029-05-14
CARD0747,CUST0582,ACC0446,Mastercard Standard,Blocked,2022-11-11,2027-11-10
CARD0748,CUST0156,ACC0733,Visa Platinum,Expired,2023-08-09,2028-08-07
CARD0749,CUST0211,ACC0030,Visa Gold,Active,2024-08-13,2029-08-12
CARD0750,CUST0799,ACC0165,Visa Gold,Active,2024-03-17,2029-03-16
CARD0751,CUST0636,ACC0952,Visa Platinum,Blocked,2025-11-11,2030-11-10
CARD0752,CUST0636,ACC0952,Visa Gold,Active,2022-05-04,2027-05-03
CARD0753,CUST0503,ACC0335,Mastercard Standard,Blocked,2024-03-08,2029-03-07
CARD0754,CUST0937,ACC0925,Visa Platinum,Blocked,2023-03-02,2028-02-29
CARD0755,CUST0435,ACC0393,Visa Platinum,Expired,2025-09-07,2030-09-06
CARD0756,CUST0849,ACC0785,Visa Gold,Expired,2021-09-21,2026-09-20
CARD0757,CUST0932,ACC0288,Visa Platinum,Expired,2022-02-22,2027-02-21
CARD0758,CUST0387,ACC0226,Mastercard Standard,Active,2021-09-19,2026-09-18
CARD0759,CUST0023,ACC0737,Visa Gold,Active,2023-07-06,2028-07-04
CARD0760,CUST0255,ACC0264,Visa Gold,Expired,2024-10-13,2029-10-12
CARD0761,CUST0575,ACC0682,Amex Platinum,Blocked,2025-05-31,2030-05-30
CARD0762,CUST0292,ACC0488,Visa Gold,Active,2023-12-29,2028-12-27
CARD0763,CUST0114,ACC0975,Visa Gold,Expired,2022-12-17,2027-12-16
CARD0764,CUST0480,ACC0920,Mastercard Standard,Active,2025-12-20,2030-12-19
CARD0765,CUST0733,ACC0687,Visa Gold,Blocked,2021-05-08,2026-05-07
CARD0766,CUST0987,ACC0127,Mastercard Standard,Expired,2024-12-16,2029-12-15
CARD0767,CUST0575,ACC0682,Visa Gold,Active,2025-05-11,2030-05-10
CARD0768,CUST0673,ACC0140,Mastercard Standard,Blocked,2023-11-12,2028-11-10
CARD0769,CUST0190,ACC0945,Mastercard Standard,Active,2024-08-16,2029-08-15
CARD0770,CUST0875,ACC0548,Amex Platinum,Active,2024-11-02,2029-11-01
CARD0771,CUST0011,ACC0649,Visa Platinum,Blocked,2024-12-23,2029-12-22
CARD0772,CUST0129,ACC0743,Mastercard Standard,Blocked,2024-09-05,2029-09-04
CARD0773,CUST0980,ACC0504,Amex Platinum,Active,2024-06-24,2029-06-23
CARD0774,CUST0714,ACC0093,Mastercard Standard,Expired,2024-02-16,2029-02-14
CARD0775,CUST0645,ACC0815,Visa Platinum,Expired,2025-03-26,2030-03-25
CARD0776,CUST0665,ACC0709,Visa Gold,Blocked,2023-09-12,2028-09-10
CARD0777,CUST0408,ACC0341,Mastercard Standard,Blocked,2023-04-29,2028-04-27
CARD0778,CUST0450,ACC0893,Amex Platinum,Blocked,2024-04-02,2029-04-01
CARD0779,CUST0250,ACC0230,Visa Gold,Active,2021-03-18,2026-03-17
CARD0780,CUST0739,ACC0955,Visa Platinum,Blocked,2022-07-12,2027-07-11
CARD0781,CUST0291,ACC0590,Visa Gold,Blocked,2024-10-04,2029-10-03
CARD0782,CUST0849,ACC0785,Amex Platinum,Expired,2022-12-28,2027-12-27
CARD0783,CUST0020,ACC0947,Amex Platinum,Blocked,2023-04-06,2028-04-04
CARD0784,CUST0993,ACC0616,Visa Gold,Active,2021-08-24,2026-08-23
CARD0785,CUST0353,ACC0067,Mastercard Standard,Expired,2024-01-21,2029-01-19
CARD0786,CUST0009,ACC0660,Visa Platinum,Blocked,2021-09-14,2026-09-13
CARD0787,CUST0554,ACC0352,Visa Platinum,Expired,2023-07-05,2028-07-03
CARD0788,CUST0982,ACC0387,Amex Platinum,Blocked,2025-04-08,2030-04-07
CARD0789,CUST0303,ACC0933,Visa Gold,Expired,2025-05-13,2030-05-12
CARD0790,CUST0993,ACC0735,Visa Gold,Active,2025-08-26,2030-08-25
CARD0791,CUST0475,ACC0761,Visa Platinum,Expired,2021-08-31,2026-08-30
CARD0792,CUST0351,ACC0754,Visa Platinum,Active,2023-05-09,2028-05-07
CARD0793,CUST0129,ACC0743,Visa Platinum,Blocked,2022-12-09,2027-12-08
CARD0794,CUST0189,ACC0391,Visa Platinum,Active,2021-11-02,2026-11-01
CARD0795,CUST0441,ACC0670,Mastercard Standard,Blocked,2022-01-04,2027-01-03
CARD0796,CUST0481,ACC0658,Amex Platinum,Expired,2021-08-10,2026-08-09
CARD0797,CUST0534,ACC0804,Visa Platinum,Active,2024-01-25,2029-01-23
CARD0798,CUST0086,ACC0576,Mastercard Standard,Blocked,2021-04-29,2026-04-28
CARD0799,CUST0197,ACC0990,Mastercard Standard,Blocked,2025-08-24,2030-08-23
CARD0800,CUST0158,ACC0877,Mastercard Standard,Active,2022-09-15,2027-09-14
CARD0801,CUST0408,ACC0448,Amex Platinum,Blocked,2023-11-03,2028-11-01
CARD0802,CUST0370,ACC0828,Visa Gold,Expired,2022-09-03,2027-09-02
CARD0803,CUST0601,ACC0239,Amex Platinum,Expired,2023-10-20,2028-10-18
CARD0804,CUST0789,ACC0229,Visa Platinum,Blocked,2023-02-16,2028-02-15
CARD0805,CUST0096,ACC0266,Visa Platinum,Expired,2023-07-30,2028-07-28
CARD0806,CUST0394,ACC0119,Visa Gold,Active,2023-05-03,2028-05-01
CARD0807,CUST0212,ACC0298,Visa Platinum,Blocked,2022-08-16,2027-08-15
CARD0808,CUST0821,ACC0090,Amex Platinum,Blocked,2022-03-05,2027-03-04
CARD0809,CUST0082,ACC0115,Visa Gold,Active,2025-08-15,2030-08-14
CARD0810,CUST0629,ACC0092,Visa Gold,Active,2023-03-23,2028-03-21
CARD0811,CUST0434,ACC0349,Visa Platinum,Expired,2021-01-27,2026-01-26
CARD0812,CUST0511,ACC0759,Mastercard Standard,Blocked,2023-07-20,2028-07-18
CARD0813,CUST0479,ACC0607,Visa Gold,Expired,2023-05-26,2028-05-24
CARD0814,CUST0839,ACC0960,Amex Platinum,Blocked,2023-12-13,2028-12-11
CARD0815,CUST0621,ACC0193,Visa Gold,Expired,2024-06-08,2029-06-07
CARD0816,CUST0811,ACC0763,Amex Platinum,Expired,2024-06-14,2029-06-13
CARD0817,CUST0510,ACC0965,Mastercard Standard,Expired,2025-12-07,2030-12-06
CARD0818,CUST0394,ACC0119,Visa Platinum,Blocked,2021-02-06,2026-02-05
CARD0819,CUST0235,ACC0587,Mastercard Standard,Blocked,2025-01-06,2030-01-05
CARD0820,CUST0371,ACC0377,Visa Platinum,Blocked,2025-05-12,2030-05-11
CARD0821,CUST0793,ACC0131,Visa Gold,Blocked,2022-04-09,2027-04-08
CARD0822,CUST0062,ACC0874,Mastercard Standard,Blocked,2024-05-20,2029-05-19
CARD0823,CUST0981,ACC0321,Mastercard Standard,Blocked,2022-12-09,2027-12-08
CARD0824,CUST0536,ACC0977,Mastercard Standard,Blocked,2022-12-07,2027-12-06
CARD0825,CUST0375,ACC0390,Visa Gold,Blocked,2022-10-15,2027-10-14
CARD0826,CUST0454,ACC0591,Visa Gold,Active,2025-01-14,2030-01-13
CARD0827,CUST0431,ACC0755,Visa Platinum,Expired,2022-12-28,2027-12-27
CARD0828,CUST0436,ACC0002,Amex Platinum,Active,2025-05-22,2030-05-21
CARD0829,CUST0878,ACC0319,Mastercard Standard,Blocked,2025-12-29,2030-12-28
CARD0830,CUST0260,ACC0064,Amex Platinum,Active,2025-09-13,2030-09-12
CARD0831,CUST0885,ACC0605,Mastercard Standard,Active,2024-12-27,2029-12-26
CARD0832,CUST0024,ACC0549,Amex Platinum,Expired,2024-12-04,2029-12-03
CARD0833,CUST0200,ACC0195,Visa Platinum,Blocked,2023-11-25,2028-11-23
CARD0834,CUST0347,ACC0868,Visa Gold,Active,2021-09-24,2026-09-23
CARD0835,CUST0382,ACC0398,Amex Platinum,Expired,2023-08-31,2028-08-29
CARD0836,CUST0870,ACC0434,Visa Gold,Expired,2022-08-07,2027-08-06
CARD0837,CUST0505,ACC0328,Mastercard Standard,Blocked,2024-08-25,2029-08-24
CARD0838,CUST0732,ACC0790,Mastercard Standard,Active,2024-07-21,2029-07-20
CARD0839,CUST0595,ACC0374,Amex Platinum,Expired,2022-10-14,2027-10-13
CARD0840,CUST0044,ACC0817,Amex Platinum,Expired,2024-09-24,2029-09-23
CARD0841,CUST0433,ACC0696,Visa Platinum,Expired,2024-10-30,2029-10-29
CARD0842,CUST0675,ACC0957,Amex Platinum,Blocked,2025-10-02,2030-10-01
CARD0843,CUST0746,ACC0816,Mastercard Standard,Active,2021-04-04,2026-04-03
CARD0844,CUST0969,ACC0130,Mastercard Standard,Blocked,2024-03-10,2029-03-09
CARD0845,CUST0278,ACC0533,Mastercard Standard,Active,2022-03-08,2027-03-07
CARD0846,CUST0422,ACC0680,Visa Gold,Blocked,2025-11-30,2030-11-29
CARD0847,CUST0972,ACC0617,Amex Platinum,Expired,2022-02-03,2027-02-02
CARD0848,CUST0885,ACC0605,Amex Platinum,Active,2023-08-08,2028-08-06
CARD0849,CUST0496,ACC0228,Mastercard Standard,Blocked,2021-01-31,2026-01-30
CARD0850,CUST0091,ACC0110,Visa Gold,Expired,2025-04-02,2030-04-01
CARD0851,CUST0586,ACC0405,Visa Gold,Blocked,2024-01-07,2029-01-05
CARD0852,CUST0086,ACC0010,Visa Platinum,Active,2023-11-22,2028-11-20
CARD0853,CUST0241,ACC0552,Visa Gold,Active,2022-12-02,2027-12-01
CARD0854,CUST0062,ACC0873,Visa Platinum,Active,2024-07-26,2029-07-25
CARD0855,CUST0021,ACC0472,Visa Gold,Blocked,2024-08-15,2029-08-14
CARD0856,CUST0494,ACC0324,Mastercard Standard,Expired,2024-06-07,2029-06-06
CARD0857,CUST0523,ACC0149,Amex Platinum,Active,2025-07-29,2030-07-28
CARD0858,CUST0242,ACC0836,Visa Platinum,Blocked,2023-07-20,2028-07-18
CARD0859,CUST0785,ACC0966,Amex Platinum,Expired,2023-10-11,2028-10-09
CARD0860,CUST0634,ACC0304,Visa Gold,Active,2025-12-29,2030-12-28
CARD0861,CUST0159,ACC0858,Visa Platinum,Blocked,2021-03-14,2026-03-13
CARD0862,CUST0990,ACC0225,Amex Platinum,Expired,2025-10-30,2030-10-29
CARD0863,CUST0432,ACC0512,Amex Platinum,Blocked,2021-04-11,2026-04-10
CARD0864,CUST0641,ACC0697,Visa Gold,Expired,2022-03-09,2027-03-08
CARD0865,CUST0571,ACC0467,Mastercard Standard,Blocked,2022-04-23,2027-04-22
CARD0866,CUST0716,ACC0151,Amex Platinum,Active,2023-10-24,2028-10-22
CARD0867,CUST0993,ACC0616,Amex Platinum,Active,2025-11-01,2030-10-31
CARD0868,CUST0755,ACC0291,Amex Platinum,Expired,2025-11-18,2030-11-17
CARD0869,CUST0529,ACC0150,Visa Gold,Expired,2024-04-29,2029-04-28
CARD0870,CUST0339,ACC0765,Visa Gold,Expired,2024-03-30,2029-03-29
CARD0871,CUST0575,ACC0682,Visa Platinum,Expired,2022-09-27,2027-09-26
CARD0872,CUST0993,ACC0870,Visa Gold,Expired,2024-04-28,2029-04-27
CARD0873,CUST0534,ACC0821,Amex Platinum,Expired,2021-07-17,2026-07-16
CARD0874,CUST0249,ACC0848,Amex Platinum,Active,2025-07-19,2030-07-18
CARD0875,CUST0297,ACC0720,Visa Platinum,Expired,2024-04-15,2029-04-14
CARD0876,CUST0110,ACC0036,Amex Platinum,Active,2022-08-09,2027-08-08
CARD0877,CUST0456,ACC0614,Mastercard Standard,Expired,2025-01-15,2030-01-14
CARD0878,CUST0505,ACC0328,Visa Gold,Active,2021-12-04,2026-12-03
CARD0879,CUST0007,ACC0317,Mastercard Standard,Expired,2023-10-19,2028-10-17
CARD0880,CUST0586,ACC0515,Mastercard Standard,Expired,2025-11-05,2030-11-04
CARD0881,CUST0702,ACC0706,Amex Platinum,Blocked,2024-11-03,2029-11-02
CARD0882,CUST0987,ACC0127,Visa Platinum,Active,2023-08-05,2028-08-03
CARD0883,CUST0588,ACC0281,Amex Platinum,Active,2021-10-17,2026-10-16
CARD0884,CUST0954,ACC0869,Visa Gold,Expired,2022-06-17,2027-06-16
CARD0885,CUST0633,ACC0724,Mastercard Standard,Expired,2021-11-21,2026-11-20
CARD0886,CUST0254,ACC0588,Amex Platinum,Active,2025-09-14,2030-09-13
CARD0887,CUST0333,ACC0490,Visa Gold,Blocked,2022-07-06,2027-07-05
CARD0888,CUST0160,ACC0647,Visa Platinum,Expired,2021-04-10,2026-04-09
CARD0889,CUST0010,ACC0849,Amex Platinum,Blocked,2025-02-27,2030-02-26
CARD0890,CUST0589,ACC0221,Visa Platinum,Expired,2021-03-25,2026-03-24
CARD0891,CUST0172,ACC0507,Visa Platinum,Active,2022-08-04,2027-08-03
CARD0892,CUST0235,ACC0299,Mastercard Standard,Blocked,2022-09-11,2027-09-10
CARD0893,CUST0653,ACC0722,Visa Gold,Expired,2021-08-04,2026-08-03
CARD0894,CUST0197,ACC0990,Amex Platinum,Expired,2024-04-13,2029-04-12
CARD0895,CUST0483,ACC0386,Visa Gold,Active,2023-06-01,2028-05-30
CARD0896,CUST0573,ACC0061,Mastercard Standard,Active,2022-10-02,2027-10-01
CARD0897,CUST0054,ACC0830,Amex Platinum,Active,2022-12-26,2027-12-25
CARD0898,CUST0228,ACC0342,Amex Platinum,Active,2023-06-24,2028-06-22
CARD0899,CUST0369,ACC0157,Visa Platinum,Active,2025-06-18,2030-06-17
CARD0900,CUST0249,ACC0848,Visa Gold,Expired,2021-08-06,2026-08-05
CARD0901,CUST0051,ACC0734,Visa Platinum,Active,2024-11-13,2029-11-12
CARD0902,CUST0264,ACC0216,Visa Gold,Expired,2021-06-28,2026-06-27
CARD0903,CUST0954,ACC0869,Amex Platinum,Active,2024-02-20,2029-02-18
CARD0904,CUST0016,ACC0751,Mastercard Standard,Active,2025-05-31,2030-05-30
CARD0905,CUST0675,ACC0957,Mastercard Standard,Active,2021-02-04,2026-02-03
CARD0906,CUST0054,ACC0830,Visa Platinum,Active,2022-06-18,2027-06-17
CARD0907,CUST0776,ACC0231,Visa Gold,Blocked,2023-10-13,2028-10-11
CARD0908,CUST0187,ACC0718,Visa Platinum,Active,2024-06-30,2029-06-29
CARD0909,CUST0351,ACC0754,Visa Gold,Expired,2024-04-30,2029-04-29
CARD0910,CUST0424,ACC0054,Mastercard Standard,Blocked,2022-05-03,2027-05-02
CARD0911,CUST0905,ACC0946,Amex Platinum,Blocked,2021-12-11,2026-12-10
CARD0912,CUST0808,ACC0887,Visa Gold,Active,2022-02-06,2027-02-05
CARD0913,CUST0454,ACC0795,Mastercard Standard,Active,2025-07-25,2030-07-24
CARD0914,CUST0573,ACC0184,Amex Platinum,Blocked,2024-07-23,2029-07-22
CARD0915,CUST0719,ACC0878,Amex Platinum,Blocked,2025-01-25,2030-01-24
CARD0916,CUST0629,ACC0500,Visa Platinum,Blocked,2021-08-02,2026-08-01
CARD0917,CUST0449,ACC0745,Mastercard Standard,Active,2024-04-23,2029-04-22
CARD0918,CUST0287,ACC0402,Visa Platinum,Active,2022-10-04,2027-10-03
CARD0919,CUST0798,ACC0307,Visa Gold,Expired,2022-02-08,2027-02-07
CARD0920,CUST0116,ACC0835,Visa Gold,Blocked,2022-10-02,2027-10-01
CARD0921,CUST0008,ACC0676,Amex Platinum,Expired,2023-08-21,2028-08-19
CARD0922,CUST0270,ACC0935,Mastercard Standard,Expired,2024-09-04,2029-09-03
CARD0923,CUST0954,ACC0869,Mastercard Standard,Blocked,2025-01-15,2030-01-14
CARD0924,CUST0283,ACC0164,Visa Platinum,Expired,2022-05-09,2027-05-08
CARD0925,CUST0592,ACC0023,Visa Platinum,Expired,2025-11-22,2030-11-21
CARD0926,CUST0407,ACC0562,Mastercard Standard,Active,2023-08-23,2028-08-21
CARD0927,CUST0287,ACC0402,Amex Platinum,Blocked,2022-09-23,2027-09-22
CARD0928,CUST0056,ACC0346,Amex Platinum,Active,2025-04-11,2030-04-10
CARD0929,CUST0915,ACC0433,Amex Platinum,Expired,2024-11-26,2029-11-25
CARD0930,CUST0082,ACC0695,Visa Platinum,Active,2023-05-06,2028-05-04
CARD0931,CUST0552,ACC0485,Amex Platinum,Active,2022-09-19,2027-09-18
CARD0932,CUST0882,ACC0357,Mastercard Standard,Active,2021-01-24,2026-01-23
CARD0933,CUST0557,ACC0776,Amex Platinum,Expired,2022-03-20,2027-03-19
CARD0934,CUST0411,ACC0401,Visa Gold,Expired,2024-10-16,2029-10-15
CARD0935,CUST0411,ACC0401,Visa Platinum,Active,2021-07-18,2026-07-17
CARD0936,CUST0885,ACC0074,Visa Gold,Active,2024-05-25,2029-05-24
CARD0937,CUST0602,ACC0541,Visa Platinum,Expired,2023-02-06,2028-02-05
CARD0938,CUST0449,ACC0745,Mastercard Standard,Expired,2025-06-22,2030-06-21
CARD0939,CUST0511,ACC0290,Mastercard Standard,Expired,2023-10-19,2028-10-17
CARD0940,CUST0511,ACC0290,Visa Gold,Expired,2025-11-04,2030-11-03
CARD0941,CUST0423,ACC0714,Visa Platinum,Active,2025-03-06,2030-03-05
CARD0942,CUST0905,ACC0946,Amex Platinum,Blocked,2024-11-30,2029-11-29
CARD0943,CUST0005,ACC0200,Visa Platinum,Blocked,2024-12-08,2029-12-07
CARD0944,CUST0187,ACC0718,Amex Platinum,Blocked,2025-11-25,2030-11-24
CARD0945,CUST0158,ACC0877,Mastercard Standard,Blocked,2021-05-02,2026-05-01
CARD0946,CUST0407,ACC0562,Visa Gold,Expired,2021-10-11,2026-10-10
CARD0947,CUST0185,ACC0404,Amex Platinum,Active,2023-06-14,2028-06-12
CARD0948,CUST0652,ACC0100,Mastercard Standard,Expired,2024-11-18,2029-11-17
CARD0949,CUST0507,ACC0135,Visa Gold,Blocked,2023-12-14,2028-12-12
CARD0950,CUST0589,ACC0332,Amex Platinum,Blocked,2023-07-14,2028-07-12
CARD0951,CUST0058,ACC0771,Visa Platinum,Expired,2024-04-30,2029-04-29
CARD0952,CUST0320,ACC0811,Amex Platinum,Blocked,2022-06-29,2027-06-28
CARD0953,CUST0540,ACC0595,Visa Gold,Blocked,2024-07-13,2029-07-12
CARD0954,CUST0808,ACC0887,Visa Gold,Blocked,2023-02-14,2028-02-13
CARD0955,CUST0654,ACC0825,Visa Platinum,Expired,2022-07-12,2027-07-11
CARD0956,CUST0803,ACC0056,Visa Platinum,Active,2024-09-04,2029-09-03
CARD0957,CUST0778,ACC0871,Amex Platinum,Blocked,2024-11-23,2029-11-22
CARD0958,CUST0991,ACC0958,Visa Platinum,Blocked,2024-04-10,2029-04-09
CARD0959,CUST0718,ACC0727,Amex Platinum,Blocked,2022-07-24,2027-07-23
CARD0960,CUST0693,ACC0312,Visa Platinum,Active,2025-11-02,2030-11-01
CARD0961,CUST0830,ACC0469,Mastercard Standard,Active,2021-10-24,2026-10-23
CARD0962,CUST0818,ACC0671,Visa Platinum,Blocked,2024-05-07,2029-05-06
CARD0963,CUST0686,ACC0168,Visa Platinum,Blocked,2021-05-16,2026-05-15
CARD0964,CUST0642,ACC0592,Visa Gold,Active,2023-01-15,2028-01-14
CARD0965,CUST0954,ACC0141,Mastercard Standard,Expired,2022-05-06,2027-05-05
CARD0966,CUST0221,ACC0453,Mastercard Standard,Blocked,2023-05-01,2028-04-29
CARD0967,CUST0276,ACC0713,Visa Gold,Active,2025-07-29,2030-07-28
CARD0968,CUST0755,ACC0495,Mastercard Standard,Expired,2023-06-26,2028-06-24
CARD0969,CUST0235,ACC0299,Mastercard Standard,Blocked,2021-07-27,2026-07-26
CARD0970,CUST0750,ACC0919,Visa Gold,Active,2022-11-06,2027-11-05
CARD0971,CUST0523,ACC0149,Amex Platinum,Expired,2025-03-14,2030-03-13
CARD0972,CUST0980,ACC0215,Amex Platinum,Expired,2024-07-01,2029-06-30
CARD0973,CUST0454,ACC0224,Amex Platinum,Expired,2025-09-14,2030-09-13
CARD0974,CUST0493,ACC0824,Amex Platinum,Expired,2022-01-12,2027-01-11
CARD0975,CUST0864,ACC0767,Mastercard Standard,Blocked,2024-02-20,2029-02-18
CARD0976,CUST0268,ACC0201,Mastercard Standard,Active,2021-08-26,2026-08-25
CARD0977,CUST0223,ACC0753,Amex Platinum,Blocked,2021-11-23,2026-11-22
CARD0978,CUST0307,ACC0667,Mastercard Standard,Active,2025-04-17,2030-04-16
CARD0979,CUST0086,ACC0010,Visa Gold,Blocked,2023-10-10,2028-10-08
CARD0980,CUST0691,ACC0371,Visa Platinum,Expired,2024-06-28,2029-06-27
CARD0981,CUST0733,ACC0744,Amex Platinum,Blocked,2024-11-02,2029-11-01
CARD0982,CUST0158,ACC0877,Amex Platinum,Blocked,2022-05-28,2027-05-27
CARD0983,CUST0291,ACC0590,Mastercard Standard,Active,2023-02-25,2028-02-24
CARD0984,CUST0149,ACC0105,Visa Platinum,Active,2022-10-07,2027-10-06
CARD0985,CUST0082,ACC0695,Visa Platinum,Blocked,2025-04-22,2030-04-21
CARD0986,CUST0682,ACC0805,Amex Platinum,Expired,2021-05-19,2026-05-18
CARD0987,CUST0811,ACC0880,Amex Platinum,Expired,2024-12-06,2029-12-05
CARD0988,CUST0238,ACC0152,Mastercard Standard,Active,2021-03-25,2026-03-24
CARD0989,CUST0483,ACC0386,Amex Platinum,Blocked,2021-08-16,2026-08-15
CARD0990,CUST0330,ACC0974,Mastercard Standard,Expired,2024-12-06,2029-12-05
CARD0991,CUST0738,ACC0438,Visa Gold,Expired,2024-03-30,2029-03-29
CARD0992,CUST0433,ACC0696,Visa Gold,Blocked,2023-12-04,2028-12-02
CARD0993,CUST0255,ACC0862,Visa Gold,Expired,2024-05-25,2029-05-24
CARD0994,CUST0531,ACC0173,Visa Gold,Active,2022-08-27,2027-08-26
CARD0995,CUST0878,ACC0949,Visa Gold,Active,2024-05-17,2029-05-16
CARD0996,CUST0495,ACC0058,Amex Platinum,Expired,2021-04-28,2026-04-27
CARD0997,CUST0988,ACC0099,Visa Gold,Active,2021-02-03,2026-02-02
CARD0998,CUST0531,ACC0365,Amex Platinum,Blocked,2023-02-18,2028-02-17
CARD0999,CUST0502,ACC0998,Visa Gold,Expired,2021-12-23,2026-12-22
CARD1000,CUST0179,ACC0486,Amex Platinum,Expired,2022-03-01,2027-02-28
