CustomerID,Name,DOB,Gender,Country,Segment,CustomerSince
CUST0001,Customer Name 1,2003-07-07,F,UK,Youth,2025-08-10
CUST0002,Customer Name 2,1967-07-30,M,UK,SME,2021-10-03
CUST0003,Customer Name 3,1961-09-13,F,Singapore,Corporate,2024-12-10
CUST0004,Customer Name 4,1978-09-18,F,USA,SME,2016-09-27
CUST0005,Customer Name 5,1976-08-30,F,Australia,Youth,2015-02-15
CUST0006,Customer Name 6,1975-03-10,F,Canada,Youth,2023-09-14
CUST0007,Customer Name 7,1969-06-30,F,Germany,Corporate,2021-05-14
CUST0008,Customer Name 8,1966-12-22,Other,India,Youth,2024-07-20
CUST0009,Customer Name 9,1997-02-10,M,USA,SME,2025-02-06
CUST0010,Customer Name 10,1965-11-30,M,France,Corporate,2025-05-12
CUST0011,Customer Name 11,2000-03-07,F,Australia,SME,2019-10-23
CUST0012,Customer Name 12,1988-09-16,F,India,Corporate,2020-01-29
CUST0013,Customer Name 13,1962-02-28,Other,Canada,Youth,2016-11-02
CUST0014,Customer Name 14,1962-01-10,F,UK,VIP,2023-03-13
CUST0015,Customer Name 15,1966-05-17,F,France,Corporate,2016-02-01
CUST0016,Customer Name 16,1974-11-17,Other,UK,Corporate,2020-09-20
CUST0017,Customer Name 17,1975-10-31,F,USA,VIP,2019-09-15
CUST0018,Customer Name 18,1994-05-22,Other,India,Youth,2025-11-24
CUST0019,Customer Name 19,2000-12-19,M,Singapore,SME,2020-07-13
CUST0020,Customer Name 20,1961-10-21,F,USA,Retail,2019-09-17
CUST0021,Customer Name 21,1998-03-11,M,India,VIP,2019-06-11
CUST0022,Customer Name 22,1973-07-13,F,France,Retail,2020-01-31
CUST0023,Customer Name 23,2004-03-22,F,Germany,Youth,2018-03-16
CUST0024,Customer Name 24,1997-01-30,F,USA,Corporate,2017-07-20
CUST0025,Customer Name 25,1988-07-19,M,France,Corporate,2023-10-20
CUST0026,Customer Name 26,1975-01-01,F,UK,Youth,2019-02-02
CUST0027,Customer Name 27,1990-07-27,Other,France,SME,2015-12-19
CUST0028,Customer Name 28,2000-02-06,M,Australia,SME,2025-03-17
CUST0029,Customer Name 29,1978-12-06,Other,UK,Youth,2021-11-15
CUST0030,Customer Name 30,1960-06-10,Other,France,Youth,2020-06-08
CUST0031,Customer Name 31,1970-11-12,F,Canada,Youth,2017-05-19
CUST0032,Customer Name 32,1988-10-04,F,USA,Youth,2015-06-08
CUST0033,Customer Name 33,1983-02-25,M,France,Youth,2023-06-18
CUST0034,Customer Name 34,1978-11-28,M,France,Youth,2020-01-11
CUST0035,Customer Name 35,1970-07-31,Other,Canada,Corporate,2019-06-01
CUST0036,Customer Name 36,1974-08-26,F,Singapore,Retail,2022-02-13
CUST0037,Customer Name 37,1982-11-27,Other,Singapore,SME,2021-11-19
CUST0038,Customer Name 38,1966-12-15,F,Canada,Retail,2021-08-09
CUST0039,Customer Name 39,1966-04-24,Other,Canada,Corporate,2015-08-08
CUST0040,Customer Name 40,1985-11-08,F,UK,VIP,2024-12-01
CUST0041,Customer Name 41,1966-07-31,M,Singapore,Retail,2024-09-24
CUST0042,Customer Name 42,1984-06-05,M,USA,VIP,2018-03-26
CUST0043,Customer Name 43,1983-05-29,F,Germany,Corporate,2020-11-02
CUST0044,Customer Name 44,2001-01-30,Other,Australia,SME,2018-10-13
CUST0045,Customer Name 45,1977-12-31,M,USA,VIP,2024-02-05
CUST0046,Customer Name 46,1962-12-15,F,Australia,Corporate,2025-11-10
CUST0047,Customer Name 47,1991-04-07,F,USA,Youth,2023-02-04
CUST0048,Customer Name 48,1996-06-28,Other,France,SME,2021-02-05
CUST0049,Customer Name 49,1968-06-29,F,Germany,Youth,2023-08-19
CUST0050,Customer Name 50,1985-10-04,M,India,SME,2020-02-09
CUST0051,Customer Name 51,1965-05-12,M,Singapore,SME,2017-11-22
CUST0052,Customer Name 52,1997-07-26,Other,Germany,Retail,2024-06-30
CUST0053,Customer Name 53,1979-12-13,Other,USA,SME,2018-01-30
CUST0054,Customer Name 54,2002-10-11,M,Australia,Retail,2019-12-31
CUST0055,Customer Name 55,2002-02-02,Other,Germany,VIP,2016-08-29
CUST0056,Customer Name 56,1984-08-10,M,France,SME,2023-01-04
CUST0057,Customer Name 57,1999-04-16,F,USA,VIP,2017-03-06
CUST0058,Customer Name 58,1973-01-31,Other,France,SME,2019-05-27
CUST0059,Customer Name 59,1964-09-24,M,Germany,Retail,2024-07-05
CUST0060,Customer Name 60,1963-02-12,Other,UK,Youth,2018-02-11
CUST0061,Customer Name 61,2004-12-30,F,France,SME,2020-09-16
CUST0062,Customer Name 62,1975-07-05,M,India,Corporate,2016-07-08
CUST0063,Customer Name 63,1979-09-10,M,India,Youth,2018-10-13
CUST0064,Customer Name 64,1965-06-06,M,Singapore,Retail,2021-01-16
CUST0065,Customer Name 65,1975-11-04,F,India,Corporate,2018-10-19
CUST0066,Customer Name 66,1966-11-15,M,France,VIP,2020-03-23
CUST0067,Customer Name 67,1985-11-13,Other,Canada,Retail,2022-02-25
CUST0068,Customer Name 68,1978-12-01,M,Singapore,Youth,2020-08-20
CUST0069,Customer Name 69,1990-11-08,F,Singapore,VIP,2021-04-28
CUST0070,Customer Name 70,2003-04-05,Other,France,VIP,2019-06-08
CUST0071,Customer Name 71,1984-10-28,F,Germany,Retail,2024-12-17
CUST0072,Customer Name 72,1971-01-25,Other,UK,Youth,2020-01-02
CUST0073,Customer Name 73,1985-03-10,Other,India,Retail,2022-11-21
CUST0074,Customer Name 74,1984-03-05,F,UK,Corporate,2017-01-01
CUST0075,Customer Name 75,1974-04-04,F,India,Corporate,2023-01-02
CUST0076,Customer Name 76,2005-08-09,F,Canada,SME,2015-11-30
CUST0077,Customer Name 77,1978-03-02,F,Germany,VIP,2025-10-17
CUST0078,Customer Name 78,2004-02-06,M,France,SME,2024-12-05
CUST0079,Customer Name 79,1964-11-09,F,UK,Youth,2024-11-14
CUST0080,Customer Name 80,2001-06-14,Other,UK,Corporate,2025-07-23
CUST0081,Customer Name 81,2003-03-18,M,France,SME,2016-03-18
CUST0082,Customer Name 82,1971-08-24,F,Germany,Corporate,2023-01-13
CUST0083,Customer Name 83,1996-05-07,M,Germany,Corporate,2018-04-23
CUST0084,Customer Name 84,1976-08-28,Other,Singapore,Corporate,2023-07-07
CUST0085,Customer Name 85,1971-02-13,Other,India,Retail,2017-01-14
CUST0086,Customer Name 86,1991-06-16,Other,Canada,SME,2021-06-29
CUST0087,Customer Name 87,1985-10-27,M,Singapore,VIP,2024-01-06
CUST0088,Customer Name 88,1978-05-15,M,France,SME,2020-01-28
CUST0089,Customer Name 89,2003-07-21,F,Singapore,VIP,2022-01-10
CUST0090,Customer Name 90,1997-11-25,F,USA,SME,2015-12-02
CUST0091,Customer Name 91,1974-12-11,F,France,SME,2017-07-25
CUST0092,Customer Name 92,1982-01-25,Other,India,Corporate,2017-05-03
CUST0093,Customer Name 93,1963-10-22,F,Germany,VIP,2018-05-29
CUST0094,Customer Name 94,1975-08-03,M,USA,VIP,2020-10-30
CUST0095,Customer Name 95,1962-03-08,F,UK,VIP,2021-12-17
CUST0096,Customer Name 96,1981-06-19,Other,India,SME,2024-09-08
CUST0097,Customer Name 97,1987-04-20,F,France,VIP,2022-10-14
CUST0098,Customer Name 98,1978-03-21,Other,Canada,SME,2017-06-08
CUST0099,Customer Name 99,1964-07-03,Other,USA,Retail,2020-05-19
CUST0100,Customer Name 100,1974-05-11,Other,Canada,Corporate,2018-01-25
CUST0101,Customer Name 101,1998-08-06,F,Singapore,Youth,2016-05-17
CUST0102,Customer Name 102,1981-05-31,M,USA,Retail,2023-04-18
CUST0103,Customer Name 103,1974-06-20,F,Canada,VIP,2020-08-28
CUST0104,Customer Name 104,2004-08-08,Other,UK,Corporate,2025-09-26
CUST0105,Customer Name 105,1993-12-21,F,Australia,Corporate,2018-01-03
CUST0106,Customer Name 106,1986-12-03,F,France,Corporate,2020-05-01
CUST0107,Customer Name 107,2003-09-30,F,France,Corporate,2025-10-17
CUST0108,Customer Name 108,1991-03-23,Other,India,VIP,2015-12-27
CUST0109,Customer Name 109,1969-09-21,Other,USA,Corporate,2015-01-30
CUST0110,Customer Name 110,1978-01-09,F,Canada,Youth,2022-09-09
CUST0111,Customer Name 111,1969-07-02,F,Singapore,Youth,2019-08-27
CUST0112,Customer Name 112,1976-10-12,F,France,Corporate,2018-07-25
CUST0113,Customer Name 113,1998-03-14,M,France,SME,2017-11-13
CUST0114,Customer Name 114,1996-09-04,Other,Singapore,VIP,2024-10-20
CUST0115,Customer Name 115,1977-11-17,M,UK,Youth,2017-09-11
CUST0116,Customer Name 116,1999-10-12,Other,Canada,Youth,2023-05-01
CUST0117,Customer Name 117,1989-02-25,F,France,Youth,2016-07-01
CUST0118,Customer Name 118,1999-09-16,M,India,Retail,2017-03-15
CUST0119,Customer Name 119,1987-03-07,F,France,Retail,2025-06-15
CUST0120,Customer Name 120,1984-08-19,M,Germany,Youth,2022-05-18
CUST0121,Customer Name 121,1974-12-04,F,Australia,SME,2025-10-11
CUST0122,Customer Name 122,1969-05-31,Other,UK,VIP,2022-04-22
CUST0123,Customer Name 123,1994-09-03,F,USA,VIP,2021-11-11
CUST0124,Customer Name 124,1993-08-01,Other,Canada,Youth,2022-04-19
CUST0125,Customer Name 125,1966-03-09,F,Singapore,Youth,2023-02-14
CUST0126,Customer Name 126,1963-03-17,F,India,VIP,2021-07-09
CUST0127,Customer Name 127,1967-06-18,Other,UK,SME,2015-01-30
CUST0128,Customer Name 128,1970-05-26,Other,Germany,Retail,2015-08-23
CUST0129,Customer Name 129,2002-09-12,M,Germany,Retail,2024-01-30
CUST0130,Customer Name 130,1970-11-20,F,Singapore,Youth,2018-05-24
CUST0131,Customer Name 131,1988-09-22,M,Australia,VIP,2021-05-07
CUST0132,Customer Name 132,2000-08-01,M,Germany,Retail,2015-03-29
CUST0133,Customer Name 133,1964-04-27,Other,Singapore,SME,2020-06-25
CUST0134,Customer Name 134,1986-03-08,Other,Australia,Youth,2024-01-13
CUST0135,Customer Name 135,1985-12-20,F,UK,Corporate,2018-03-30
CUST0136,Customer Name 136,2000-07-19,M,Canada,Youth,2015-04-22
CUST0137,Customer Name 137,1991-11-07,F,UK,Corporate,2015-01-26
CUST0138,Customer Name 138,1996-01-03,M,Singapore,Youth,2025-08-30
CUST0139,Customer Name 139,1977-02-08,Other,Canada,VIP,2019-03-27
CUST0140,Customer Name 140,1997-08-24,F,Singapore,VIP,2018-11-06
CUST0141,Customer Name 141,1960-10-12,M,UK,VIP,2020-11-09
CUST0142,Customer Name 142,1967-10-18,Other,France,VIP,2020-04-23
CUST0143,Customer Name 143,1996-07-16,M,France,SME,2017-03-12
CUST0144,Customer Name 144,1978-02-26,F,UK,SME,2016-09-30
CUST0145,Customer Name 145,2003-08-14,Other,Germany,Corporate,2021-07-11
CUST0146,Customer Name 146,1983-02-24,M,Germany,SME,2023-07-25
CUST0147,Customer Name 147,1967-08-04,M,Canada,Youth,2025-01-05
CUST0148,Customer Name 148,1979-12-21,F,Canada,VIP,2020-03-17
CUST0149,Customer Name 149,1989-08-02,F,France,Retail,2017-11-03
CUST0150,Customer Name 150,1970-10-06,F,Australia,Retail,2016-02-10
CUST0151,Customer Name 151,1990-11-16,Other,UK,Retail,2015-10-12
CUST0152,Customer Name 152,1960-03-21,Other,Australia,Youth,2020-01-27
CUST0153,Customer Name 153,1977-12-03,F,Canada,Retail,2019-12-13
CUST0154,Customer Name 154,1994-01-24,Other,Australia,Retail,2022-10-04
CUST0155,Customer Name 155,1972-02-27,M,Singapore,Corporate,2023-11-07
CUST0156,Customer Name 156,1994-07-19,F,USA,Youth,2025-02-22
CUST0157,Customer Name 157,1967-03-29,Other,France,Youth,2023-12-01
CUST0158,Customer Name 158,2002-07-20,Other,France,Retail,2020-09-30
CUST0159,Customer Name 159,1980-04-22,F,Singapore,Youth,2022-05-18
CUST0160,Customer Name 160,2003-06-25,F,Canada,Corporate,2017-04-11
CUST0161,Customer Name 161,1994-07-19,Other,UK,Corporate,2020-10-30
CUST0162,Customer Name 162,2001-06-10,Other,UK,VIP,2023-05-04
CUST0163,Customer Name 163,1973-07-14,F,Germany,Corporate,2021-02-10
CUST0164,Customer Name 164,1970-05-26,Other,India,VIP,2018-03-16
CUST0165,Customer Name 165,1985-06-11,M,Singapore,Retail,2017-10-21
CUST0166,Customer Name 166,1970-12-29,Other,India,VIP,2021-11-11
CUST0167,Customer Name 167,1996-09-14,M,India,VIP,2015-04-29
CUST0168,Customer Name 168,1996-02-03,M,UK,Retail,2018-11-20
CUST0169,Customer Name 169,1960-01-15,Other,Canada,VIP,2018-10-25
CUST0170,Customer Name 170,2000-10-03,Other,France,Corporate,2017-03-26
CUST0171,Customer Name 171,1982-01-21,F,UK,Retail,2018-08-05
CUST0172,Customer Name 172,1993-04-01,M,Singapore,Youth,2015-05-17
CUST0173,Customer Name 173,1961-04-29,Other,Singapore,VIP,2025-01-12
CUST0174,Customer Name 174,1967-08-12,M,France,Corporate,2023-08-02
CUST0175,Customer Name 175,1984-09-12,F,Canada,Youth,2017-11-16
CUST0176,Customer Name 176,1980-12-04,M,Canada,Retail,2017-02-04
CUST0177,Customer Name 177,1976-04-17,Other,Canada,Retail,2021-03-27
CUST0178,Customer Name 178,1963-12-10,Other,India,Retail,2015-08-21
CUST0179,Customer Name 179,1976-05-22,M,USA,Corporate,2021-05-20
CUST0180,Customer Name 180,1998-08-10,F,UK,Youth,2025-11-22
CUST0181,Customer Name 181,1965-05-11,M,Canada,Retail,2019-05-09
CUST0182,Customer Name 182,1965-10-29,Other,Germany,Corporate,2024-02-05
CUST0183,Customer Name 183,1993-01-26,F,Canada,SME,2025-08-08
CUST0184,Customer Name 184,1964-09-16,M,Canada,Corporate,2015-10-29
CUST0185,Customer Name 185,1996-04-01,M,France,SME,2025-02-07
CUST0186,Customer Name 186,1968-07-22,F,Australia,Youth,2015-10-26
CUST0187,Customer Name 187,1968-09-26,M,France,Retail,2016-11-02
CUST0188,Customer Name 188,2004-11-23,F,Germany,Retail,2015-05-03
CUST0189,Customer Name 189,1992-05-05,F,UK,VIP,2015-10-27
CUST0190,Customer Name 190,1997-05-31,F,Germany,Retail,2016-12-20
CUST0191,Customer Name 191,1971-03-28,F,Australia,Youth,2022-02-02
CUST0192,Customer Name 192,1978-01-14,M,Germany,Corporate,2022-07-23
CUST0193,Customer Name 193,1995-11-28,M,Canada,Youth,2021-06-20
CUST0194,Customer Name 194,2001-04-11,Other,Germany,Retail,2017-02-06
CUST0195,Customer Name 195,1988-10-17,F,UK,Corporate,2024-04-23
CUST0196,Customer Name 196,1974-05-31,Other,Canada,Youth,2019-04-20
CUST0197,Customer Name 197,1996-09-12,Other,Canada,Retail,2023-01-26
CUST0198,Customer Name 198,1973-09-08,M,Canada,Retail,2017-08-09
CUST0199,Customer Name 199,1981-03-18,M,France,Retail,2018-06-30
CUST0200,Customer Name 200,1987-02-25,M,USA,VIP,2025-09-21
CUST0201,Customer Name 201,2005-09-15,M,USA,VIP,2015-02-27
CUST0202,Customer Name 202,2004-03-22,Other,UK,VIP,2020-02-15
CUST0203,Customer Name 203,1985-05-30,F,USA,Corporate,2022-02-28
CUST0204,Customer Name 204,1989-10-24,Other,Germany,Youth,2016-09-19
CUST0205,Customer Name 205,1995-03-22,Other,Australia,Corporate,2023-11-08
CUST0206,Customer Name 206,1990-09-21,M,India,Corporate,2019-08-05
CUST0207,Customer Name 207,1968-03-26,F,USA,Retail,2025-08-05
CUST0208,Customer Name 208,1976-11-13,Other,Singapore,SME,2025-04-21
CUST0209,Customer Name 209,1975-04-16,M,Germany,SME,2017-05-02
CUST0210,Customer Name 210,1964-05-10,M,Germany,Retail,2022-02-15
CUST0211,Customer Name 211,1983-01-03,F,Singapore,SME,2016-10-13
CUST0212,Customer Name 212,1961-06-06,Other,Australia,Corporate,2023-09-14
CUST0213,Customer Name 213,2000-01-13,F,India,Youth,2025-07-05
CUST0214,Customer Name 214,1997-09-10,F,Germany,VIP,2017-01-01
CUST0215,Customer Name 215,1975-08-29,F,Singapore,Corporate,2019-10-23
CUST0216,Customer Name 216,2000-01-16,Other,UK,Corporate,2016-12-09
CUST0217,Customer Name 217,1974-12-26,M,USA,Youth,2016-10-22
CUST0218,Customer Name 218,1960-06-27,F,Canada,SME,2023-06-20
CUST0219,Customer Name 219,1964-10-30,F,Singapore,Youth,2018-05-19
CUST0220,Customer Name 220,2002-12-12,Other,India,Corporate,2025-05-12
CUST0221,Customer Name 221,1964-01-03,Other,Singapore,Retail,2018-05-26
CUST0222,Customer Name 222,1975-07-31,M,Singapore,Retail,2019-06-23
CUST0223,Customer Name 223,1964-08-02,M,Australia,Corporate,2023-11-25
CUST0224,Customer Name 224,1962-02-19,F,France,Retail,2018-06-07
CUST0225,Customer Name 225,1982-06-26,F,Canada,SME,2021-02-02
CUST0226,Customer Name 226,1964-10-27,Other,France,Youth,2021-12-21
CUST0227,Customer Name 227,1994-12-27,F,France,VIP,2020-01-10
CUST0228,Customer Name 228,1976-03-12,Other,France,Youth,2017-09-23
CUST0229,Customer Name 229,1978-12-13,F,India,VIP,2015-09-02
CUST0230,Customer Name 230,2005-07-10,Other,Canada,Corporate,2024-04-29
CUST0231,Customer Name 231,1993-01-12,F,France,Corporate,2023-06-12
CUST0232,Customer Name 232,1974-07-30,F,UK,VIP,2018-07-14
CUST0233,Customer Name 233,1996-09-10,F,France,Retail,2023-03-06
CUST0234,Customer Name 234,1969-01-01,M,Australia,Corporate,2020-08-16
CUST0235,Customer Name 235,1998-11-10,F,Singapore,SME,2018-12-28
CUST0236,Customer Name 236,1999-03-18,F,UK,SME,2015-01-18
CUST0237,Customer Name 237,1992-03-01,M,Germany,SME,2015-03-21
CUST0238,Customer Name 238,1976-07-14,M,Singapore,SME,2016-07-07
CUST0239,Customer Name 239,1992-03-08,F,Australia,VIP,2016-11-17
CUST0240,Customer Name 240,1987-09-13,Other,Canada,Retail,2024-10-07
CUST0241,Customer Name 241,1972-12-15,F,UK,VIP,2023-05-29
CUST0242,Customer Name 242,1966-06-02,Other,USA,Corporate,2017-07-15
CUST0243,Customer Name 243,1966-08-06,F,Germany,SME,2016-07-13
CUST0244,Customer Name 244,2004-11-04,Other,India,SME,2023-09-15
CUST0245,Customer Name 245,1989-05-01,F,India,SME,2016-04-11
CUST0246,Customer Name 246,1984-02-10,M,Australia,Corporate,2016-09-21
CUST0247,Customer Name 247,1988-10-28,Other,Canada,Youth,2019-05-10
CUST0248,Customer Name 248,1987-12-23,F,France,VIP,2025-12-17
CUST0249,Customer Name 249,1991-10-12,F,France,Retail,2018-12-07
CUST0250,Customer Name 250,1963-09-08,M,Australia,Corporate,2022-10-09
CUST0251,Customer Name 251,2005-10-27,Other,Canada,Youth,2020-01-14
CUST0252,Customer Name 252,2004-06-19,Other,Singapore,Youth,2019-06-30
CUST0253,Customer Name 253,2003-12-21,Other,Singapore,Retail,2022-11-24
CUST0254,Customer Name 254,1966-09-12,M,Singapore,Corporate,2015-11-08
CUST0255,Customer Name 255,1964-02-15,Other,Germany,Youth,2016-09-12
CUST0256,Customer Name 256,1987-05-26,Other,Singapore,SME,2017-12-21
CUST0257,Customer Name 257,1983-02-02,F,USA,Retail,2015-09-03
CUST0258,Customer Name 258,1967-06-08,F,UK,SME,2019-12-11
CUST0259,Customer Name 259,1976-12-02,M,India,Retail,2021-02-16
CUST0260,Customer Name 260,1973-01-13,Other,Singapore,VIP,2020-04-27
CUST0261,Customer Name 261,1972-12-10,F,Australia,VIP,2022-04-01
CUST0262,Customer Name 262,1996-06-29,M,Australia,Corporate,2016-12-21
CUST0263,Customer Name 263,1990-07-12,Other,France,Youth,2016-08-13
CUST0264,Customer Name 264,1969-07-16,M,USA,SME,2015-10-13
CUST0265,Customer Name 265,1988-09-15,Other,USA,Youth,2015-03-02
CUST0266,Customer Name 266,1972-06-26,F,Germany,VIP,2017-05-09
CUST0267,Customer Name 267,1978-12-15,Other,Singapore,SME,2017-11-25
CUST0268,Customer Name 268,1991-06-25,Other,Singapore,Corporate,2020-08-04
CUST0269,Customer Name 269,1976-12-30,Other,Germany,Youth,2021-01-30
CUST0270,Customer Name 270,1965-02-16,Other,USA,Retail,2022-06-12
CUST0271,Customer Name 271,1990-02-26,M,UK,Retail,2025-07-30
CUST0272,Customer Name 272,1997-06-13,Other,India,SME,2019-07-26
CUST0273,Customer Name 273,1966-08-30,M,Canada,Retail,2016-07-31
CUST0274,Customer Name 274,1963-06-11,Other,Germany,Retail,2021-05-04
CUST0275,Customer Name 275,2004-05-18,Other,France,VIP,2020-10-30
CUST0276,Customer Name 276,1996-10-14,M,India,Corporate,2018-02-10
CUST0277,Customer Name 277,1961-01-01,F,France,Retail,2016-12-08
CUST0278,Customer Name 278,1966-05-07,F,USA,Retail,2021-10-26
CUST0279,Customer Name 279,1976-02-01,M,India,Youth,2021-10-23
CUST0280,Customer Name 280,1971-04-26,Other,USA,SME,2022-10-07
CUST0281,Customer Name 281,1987-08-28,F,Australia,VIP,2019-08-17
CUST0282,Customer Name 282,1993-01-17,Other,France,SME,2021-07-24
CUST0283,Customer Name 283,1992-10-03,M,Germany,Youth,2023-02-19
CUST0284,Customer Name 284,1974-07-18,M,UK,Youth,2022-03-05
CUST0285,Customer Name 285,1987-04-16,F,India,Youth,2017-11-02
CUST0286,Customer Name 286,1963-12-28,F,Singapore,Retail,2016-12-03
CUST0287,Customer Name 287,1971-03-16,Other,Germany,SME,2017-04-03
CUST0288,Customer Name 288,1985-10-15,F,UK,SME,2015-12-31
CUST0289,Customer Name 289,1960-02-23,M,Canada,SME,2017-09-17
CUST0290,Customer Name 290,1986-07-26,M,UK,Corporate,2016-10-06
CUST0291,Customer Name 291,1978-01-17,M,India,VIP,2022-01-29
CUST0292,Customer Name 292,1990-12-18,Other,France,Retail,2025-01-18
CUST0293,Customer Name 293,1979-05-30,F,France,VIP,2023-03-19
CUST0294,Customer Name 294,1988-10-13,Other,France,Retail,2024-09-05
CUST0295,Customer Name 295,1997-10-26,Other,Canada,SME,2022-06-15
CUST0296,Customer Name 296,2005-01-14,F,Australia,Corporate,2018-01-31
CUST0297,Customer Name 297,1993-02-12,M,India,Corporate,2025-05-26
CUST0298,Customer Name 298,1970-07-14,F,USA,SME,2021-06-17
CUST0299,Customer Name 299,1972-12-02,F,USA,VIP,2021-02-06
CUST0300,Customer Name 300,1980-03-10,F,USA,Youth,2025-05-26
CUST0301,Customer Name 301,1974-10-24,Other,Canada,SME,2015-06-29
CUST0302,Customer Name 302,1963-12-24,F,France,Retail,2017-03-22
CUST0303,Customer Name 303,1999-05-31,M,Singapore,VIP,2023-03-21
CUST0304,Customer Name 304,1996-11-23,F,Singapore,Youth,2023-04-22
CUST0305,Customer Name 305,1964-02-24,M,Canada,Corporate,2016-12-02
CUST0306,Customer Name 306,1981-05-04,M,Canada,Retail,2021-12-30
CUST0307,Customer Name 307,1963-11-21,M,France,Corporate,2022-07-01
CUST0308,Customer Name 308,1963-05-31,Other,France,Retail,2015-10-13
CUST0309,Customer Name 309,1999-10-02,Other,Canada,Youth,2016-01-29
CUST0310,Customer Name 310,1992-06-11,Other,India,Retail,2019-06-14
CUST0311,Customer Name 311,1994-03-21,F,Germany,Youth,2020-05-06
CUST0312,Customer Name 312,1996-02-22,Other,France,SME,2015-03-18
CUST0313,Customer Name 313,1970-09-18,F,Singapore,SME,2023-12-06
CUST0314,Customer Name 314,1963-11-14,M,Germany,Retail,2024-10-23
CUST0315,Customer Name 315,1994-07-23,F,Singapore,VIP,2024-08-11
CUST0316,Customer Name 316,1965-06-14,M,USA,Corporate,2018-10-23
CUST0317,Customer Name 317,1972-08-23,F,France,Retail,2020-10-03
CUST0318,Customer Name 318,1964-08-30,Other,France,Retail,2023-10-31
CUST0319,Customer Name 319,2000-06-28,M,UK,Corporate,2023-11-25
CUST0320,Customer Name 320,1964-08-16,F,India,Retail,2025-07-08
CUST0321,Customer Name 321,2005-12-12,F,Germany,Corporate,2016-08-14
CUST0322,Customer Name 322,1976-01-03,Other,USA,Youth,2022-05-13
CUST0323,Customer Name 323,1987-06-23,Other,Singapore,VIP,2019-03-25
CUST0324,Customer Name 324,1968-02-27,Other,Germany,SME,2023-03-14
CUST0325,Customer Name 325,1998-10-07,F,Australia,SME,2020-11-18
CUST0326,Customer Name 326,1976-10-02,Other,USA,VIP,2025-11-29
CUST0327,Customer Name 327,1999-05-25,F,Singapore,Corporate,2021-07-19
CUST0328,Customer Name 328,2000-06-15,Other,Canada,VIP,2017-07-12
CUST0329,Customer Name 329,1962-09-14,F,India,Corporate,2024-07-01
CUST0330,Customer Name 330,2002-02-23,M,Canada,VIP,2025-06-05
CUST0331,Customer Name 331,1965-07-30,Other,Australia,Retail,2015-12-06
CUST0332,Customer Name 332,1988-07-11,M,USA,Retail,2015-03-14
CUST0333,Customer Name 333,2004-09-25,F,UK,VIP,2025-12-11
CUST0334,Customer Name 334,1999-09-20,M,Australia,Youth,2017-09-02
CUST0335,Customer Name 335,1998-06-18,Other,USA,VIP,2023-08-08
CUST0336,Customer Name 336,1995-07-29,Other,Singapore,SME,2022-12-26
CUST0337,Customer Name 337,1981-07-12,F,France,Retail,2023-06-09
CUST0338,Customer Name 338,1977-09-29,Other,India,VIP,2017-10-24
CUST0339,Customer Name 339,1973-11-24,M,Canada,SME,2016-04-10
CUST0340,Customer Name 340,2005-07-29,Other,India,Retail,2023-05-13
CUST0341,Customer Name 341,1981-05-19,M,Australia,Youth,2020-06-15
CUST0342,Customer Name 342,1976-03-29,Other,India,Youth,2019-02-05
CUST0343,Customer Name 343,1978-01-27,F,Singapore,SME,2020-08-18
CUST0344,Customer Name 344,1986-12-07,Other,USA,VIP,2019-09-25
CUST0345,Customer Name 345,1968-11-26,F,Canada,Retail,2015-11-09
CUST0346,Customer Name 346,2005-09-15,Other,Australia,Youth,2023-08-16
CUST0347,Customer Name 347,2003-12-05,F,France,SME,2018-10-15
CUST0348,Customer Name 348,1980-05-31,M,Singapore,Corporate,2024-05-13
CUST0349,Customer Name 349,1991-02-11,M,India,VIP,2025-12-11
CUST0350,Customer Name 350,1981-07-07,M,France,Corporate,2021-06-10
CUST0351,Customer Name 351,1964-12-08,M,Canada,VIP,2021-11-10
CUST0352,Customer Name 352,1960-08-19,F,Singapore,Retail,2018-12-31
CUST0353,Customer Name 353,1991-03-09,F,France,SME,2016-05-04
CUST0354,Customer Name 354,2002-04-08,M,France,Retail,2022-10-23
CUST0355,Customer Name 355,1998-04-24,M,Germany,Corporate,2022-07-23
CUST0356,Customer Name 356,1966-10-21,M,Singapore,SME,2024-09-30
CUST0357,Customer Name 357,1964-12-25,Other,Australia,Retail,2022-08-16
CUST0358,Customer Name 358,1996-08-01,M,Australia,Retail,2016-06-30
CUST0359,Customer Name 359,1974-07-03,F,Germany,Retail,2023-06-25
CUST0360,Customer Name 360,1994-06-04,F,Germany,Corporate,2022-08-09
CUST0361,Customer Name 361,1978-01-17,F,Australia,Retail,2020-05-17
CUST0362,Customer Name 362,1969-01-05,Other,Germany,Youth,2017-01-07
CUST0363,Customer Name 363,1983-10-01,Other,Germany,VIP,2023-06-18
CUST0364,Customer Name 364,1964-09-05,Other,Australia,Youth,2015-04-21
CUST0365,Customer Name 365,1976-08-15,Other,Singapore,Corporate,2016-09-29
CUST0366,Customer Name 366,1985-02-22,F,France,Corporate,2021-11-11
CUST0367,Customer Name 367,1979-05-24,Other,Singapore,Retail,2022-01-06
CUST0368,Customer Name 368,1970-09-25,Other,France,SME,2015-08-11
CUST0369,Customer Name 369,1989-10-26,Other,Germany,Youth,2024-06-23
CUST0370,Customer Name 370,1996-12-18,M,Germany,Corporate,2024-05-04
CUST0371,Customer Name 371,1980-08-02,F,UK,VIP,2015-01-02
CUST0372,Customer Name 372,2001-08-16,Other,India,Corporate,2016-07-18
CUST0373,Customer Name 373,2004-07-02,M,India,Youth,2025-04-12
CUST0374,Customer Name 374,1995-12-29,F,France,VIP,2025-07-13
CUST0375,Customer Name 375,1960-07-13,Other,Canada,VIP,2025-11-05
CUST0376,Customer Name 376,2005-06-12,F,Germany,Retail,2020-03-07
CUST0377,Customer Name 377,1997-09-27,F,USA,SME,2023-08-25
CUST0378,Customer Name 378,1980-05-16,M,Germany,VIP,2024-07-26
CUST0379,Customer Name 379,2005-02-21,Other,UK,Retail,2018-07-09
CUST0380,Customer Name 380,1967-01-18,F,France,SME,2022-10-05
CUST0381,Customer Name 381,1969-02-19,M,Singapore,Retail,2020-10-18
CUST0382,Customer Name 382,1977-12-30,F,Germany,Corporate,2021-03-07
CUST0383,Customer Name 383,1967-11-08,F,Singapore,Corporate,2015-12-04
CUST0384,Customer Name 384,1967-04-14,M,Australia,SME,2018-10-17
CUST0385,Customer Name 385,1997-08-24,F,Australia,Retail,2022-09-24
CUST0386,Customer Name 386,1970-07-30,M,Germany,Youth,2020-08-24
CUST0387,Customer Name 387,1978-07-14,Other,Germany,Retail,2024-07-12
CUST0388,Customer Name 388,1979-03-05,F,Canada,Youth,2025-07-18
CUST0389,Customer Name 389,2001-02-27,Other,UK,VIP,2025-03-16
CUST0390,Customer Name 390,1974-05-02,Other,Australia,VIP,2023-01-18
CUST0391,Customer Name 391,1983-05-02,F,Australia,VIP,2021-03-07
CUST0392,Customer Name 392,1973-11-08,M,USA,Retail,2022-09-12
CUST0393,Customer Name 393,2003-02-28,F,Australia,SME,2016-12-09
CUST0394,Customer Name 394,1977-12-18,F,Australia,Youth,2016-08-28
CUST0395,Customer Name 395,1994-05-24,M,USA,Retail,2018-10-09
CUST0396,Customer Name 396,1993-03-30,M,UK,VIP,2015-01-14
CUST0397,Customer Name 397,1977-02-01,F,India,Corporate,2020-10-22
CUST0398,Customer Name 398,1963-06-16,M,France,VIP,2021-01-15
CUST0399,Customer Name 399,1966-04-13,Other,Singapore,SME,2025-10-12
CUST0400,Customer Name 400,2003-03-01,M,UK,VIP,2019-12-20
CUST0401,Customer Name 401,1988-10-28,Other,Canada,SME,2024-04-26
CUST0402,Customer Name 402,1978-10-29,Other,USA,Corporate,2023-11-18
CUST0403,Customer Name 403,1962-12-31,Other,Canada,Youth,2021-05-12
CUST0404,Customer Name 404,1960-03-29,M,India,VIP,2016-10-22
CUST0405,Customer Name 405,1982-09-12,M,Singapore,SME,2015-10-12
CUST0406,Customer Name 406,1968-11-25,F,Singapore,Youth,2017-10-17
CUST0407,Customer Name 407,2003-05-10,M,Australia,Corporate,2023-05-18
CUST0408,Customer Name 408,1977-10-28,M,Germany,SME,2017-05-22
CUST0409,Customer Name 409,1970-12-30,Other,France,Corporate,2021-12-17
CUST0410,Customer Name 410,1990-01-24,M,Germany,Corporate,2016-10-26
CUST0411,Customer Name 411,1997-07-17,M,USA,Retail,2019-04-30
CUST0412,Customer Name 412,1989-02-07,Other,UK,Youth,2025-05-23
CUST0413,Customer Name 413,1998-03-03,M,Australia,Retail,2018-05-02
CUST0414,Customer Name 414,1960-08-28,Other,USA,Corporate,2018-03-11
CUST0415,Customer Name 415,1967-08-12,M,Canada,SME,2017-01-20
CUST0416,Customer Name 416,1965-02-13,M,India,VIP,2021-09-07
CUST0417,Customer Name 417,1970-02-21,F,Canada,Retail,2018-09-01
CUST0418,Customer Name 418,1997-02-15,M,USA,VIP,2022-10-10
CUST0419,Customer Name 419,1962-06-14,Other,India,Retail,2018-03-30
CUST0420,Customer Name 420,1985-02-14,M,Singapore,Youth,2020-09-30
CUST0421,Customer Name 421,1999-08-22,F,Canada,VIP,2016-10-31
CUST0422,Customer Name 422,1997-08-07,M,Germany,Retail,2022-01-19
CUST0423,Customer Name 423,1970-01-28,M,USA,Corporate,2015-10-16
CUST0424,Customer Name 424,1989-03-31,Other,USA,SME,2025-10-09
CUST0425,Customer Name 425,1968-09-02,F,Germany,Corporate,2025-01-06
CUST0426,Customer Name 426,1962-11-05,M,UK,Youth,2017-02-04
CUST0427,Customer Name 427,1980-12-22,M,France,Youth,2022-08-31
CUST0428,Customer Name 428,1984-10-24,Other,Germany,Retail,2022-10-13
CUST0429,Customer Name 429,1962-09-18,M,Singapore,Corporate,2025-01-09
CUST0430,Customer Name 430,1984-05-07,M,Singapore,VIP,2023-07-30
CUST0431,Customer Name 431,1974-04-18,M,Canada,Retail,2017-04-16
CUST0432,Customer Name 432,1976-12-24,F,Singapore,Retail,2023-06-27
CUST0433,Customer Name 433,2005-05-20,M,Germany,Corporate,2015-01-27
CUST0434,Customer Name 434,1966-12-29,Other,Australia,SME,2024-01-09
CUST0435,Customer Name 435,1984-01-25,F,UK,Youth,2015-10-29
CUST0436,Customer Name 436,1998-02-05,M,France,VIP,2024-05-30
CUST0437,Customer Name 437,1987-08-27,M,Canada,Youth,2022-05-13
CUST0438,Customer Name 438,2002-03-27,F,Singapore,Retail,2024-12-14
CUST0439,Customer Name 439,1970-07-08,M,Germany,SME,2023-03-20
CUST0440,Customer Name 440,1976-02-10,M,Canada,Retail,2023-08-25
CUST0441,Customer Name 441,1971-01-22,Other,USA,SME,2018-01-06
CUST0442,Customer Name 442,1972-01-18,F,France,Corporate,2024-11-04
CUST0443,Customer Name 443,1988-01-21,Other,Germany,Youth,2017-12-15
CUST0444,Customer Name 444,1961-09-08,M,Australia,Retail,2017-03-08
CUST0445,Customer Name 445,1972-03-16,Other,Canada,SME,2016-10-05
CUST0446,Customer Name 446,1982-08-09,M,India,SME,2021-08-04
CUST0447,Customer Name 447,1988-01-07,F,India,Retail,2025-03-20
CUST0448,Customer Name 448,2005-08-02,F,France,Youth,2025-04-24
CUST0449,Customer Name 449,1976-11-20,F,UK,Corporate,2020-06-22
CUST0450,Customer Name 450,1978-02-26,Other,India,Corporate,2023-07-30
CUST0451,Customer Name 451,1970-10-31,Other,UK,VIP,2021-07-18
CUST0452,Customer Name 452,1967-05-10,M,Canada,VIP,2022-02-14
CUST0453,Customer Name 453,1986-01-12,F,Canada,VIP,2025-05-12
CUST0454,Customer Name 454,1962-08-20,Other,Singapore,Youth,2019-03-23
CUST0455,Customer Name 455,1992-01-12,M,France,VIP,2019-08-28
CUST0456,Customer Name 456,1975-02-19,Other,Australia,VIP,2021-10-08
CUST0457,Customer Name 457,1973-07-31,M,USA,Youth,2020-10-31
CUST0458,Customer Name 458,1991-04-28,Other,Germany,VIP,2020-01-02
CUST0459,Customer Name 459,1983-10-17,Other,India,Corporate,2022-09-14
CUST0460,Customer Name 460,1980-10-07,Other,Australia,Retail,2017-04-08
CUST0461,Customer Name 461,1975-06-27,F,Singapore,Corporate,2017-05-08
CUST0462,Customer Name 462,1975-03-03,F,Germany,Corporate,2022-01-08
CUST0463,Customer Name 463,1961-08-11,Other,France,SME,2025-04-01
CUST0464,Customer Name 464,2004-11-30,M,Germany,Retail,2023-09-19
CUST0465,Customer Name 465,1973-02-21,M,USA,Corporate,2020-02-01
CUST0466,Customer Name 466,1987-02-11,F,Germany,Retail,2024-04-26
CUST0467,Customer Name 467,1982-05-03,F,France,Corporate,2020-05-04
CUST0468,Customer Name 468,1978-12-16,F,Australia,Youth,2024-06-01
CUST0469,Customer Name 469,1964-09-21,Other,USA,Youth,2025-10-05
CUST0470,Customer Name 470,1978-12-29,M,UK,VIP,2018-09-12
CUST0471,Customer Name 471,1983-11-23,F,Singapore,Youth,2018-06-02
CUST0472,Customer Name 472,2003-08-27,Other,Germany,Retail,2018-07-27
CUST0473,Customer Name 473,1994-08-31,F,Canada,SME,2025-08-14
CUST0474,Customer Name 474,1987-03-14,M,India,VIP,2019-12-11
CUST0475,Customer Name 475,1996-06-27,M,Germany,Corporate,2020-11-15
CUST0476,Customer Name 476,1982-07-14,F,UK,Youth,2017-04-04
CUST0477,Customer Name 477,1961-11-17,Other,Germany,VIP,2018-01-09
CUST0478,Customer Name 478,1967-11-06,M,France,Youth,2023-07-29
CUST0479,Customer Name 479,1977-10-10,M,Australia,VIP,2024-03-24
CUST0480,Customer Name 480,1972-02-25,M,Australia,Retail,2025-11-01
CUST0481,Customer Name 481,1999-07-05,F,Canada,Retail,2020-06-26
CUST0482,Customer Name 482,1978-01-24,Other,Singapore,Corporate,2016-12-18
CUST0483,Customer Name 483,1962-08-08,Other,Canada,VIP,2020-12-28
CUST0484,Customer Name 484,1967-05-18,Other,Singapore,SME,2024-07-25
CUST0485,Customer Name 485,2000-08-05,Other,France,Retail,2023-03-04
CUST0486,Customer Name 486,1989-07-28,Other,India,Corporate,2024-11-30
CUST0487,Customer Name 487,1983-07-11,F,Singapore,VIP,2024-09-15
CUST0488,Customer Name 488,1981-05-06,F,Australia,Corporate,2022-02-07
CUST0489,Customer Name 489,1989-09-11,Other,Australia,Retail,2024-01-31
CUST0490,Customer Name 490,2001-04-02,Other,UK,Corporate,2019-11-12
CUST0491,Customer Name 491,1994-10-20,F,Singapore,VIP,2022-03-09
CUST0492,Customer Name 492,1967-11-14,F,France,Youth,2015-03-21
CUST0493,Customer Name 493,1986-03-19,Other,UK,SME,2023-11-23
CUST0494,Customer Name 494,1999-03-28,Other,UK,Retail,2016-10-23
CUST0495,Customer Name 495,1972-12-07,F,USA,VIP,2015-06-07
CUST0496,Customer Name 496,1977-05-02,M,Australia,VIP,2021-06-24
CUST0497,Customer Name 497,1963-01-08,Other,Canada,Corporate,2017-06-22
CUST0498,Customer Name 498,1989-09-03,M,Canada,Retail,2015-11-26
CUST0499,Customer Name 499,1960-02-12,Other,France,Youth,2015-12-18
CUST0500,Customer Name 500,1995-05-19,Other,Singapore,Youth,2018-05-27
CUST0501,Customer Name 501,1996-08-22,Other,UK,SME,2019-07-17
CUST0502,Customer Name 502,2005-08-20,Other,Australia,SME,2017-09-27
CUST0503,Customer Name 503,1973-05-29,M,Singapore,Corporate,2019-11-16
CUST0504,Customer Name 504,1984-10-13,F,UK,Retail,2019-04-06
CUST0505,Customer Name 505,1989-05-07,F,Singapore,Youth,2017-06-28
CUST0506,Customer Name 506,1964-10-05,M,USA,Retail,2016-01-21
CUST0507,Customer Name 507,2005-03-14,F,Singapore,Corporate,2020-01-08
CUST0508,Customer Name 508,1982-06-21,F,Canada,Retail,2018-06-21
CUST0509,Customer Name 509,2002-05-28,F,India,Retail,2024-03-16
CUST0510,Customer Name 510,1981-05-12,F,Singapore,Retail,2015-07-20
CUST0511,Customer Name 511,2005-02-21,F,USA,Corporate,2021-02-06
CUST0512,Customer Name 512,1968-06-24,Other,Singapore,Corporate,2022-09-13
CUST0513,Customer Name 513,1980-06-08,M,Germany,Corporate,2016-09-28
CUST0514,Customer Name 514,1994-07-05,F,USA,Youth,2025-06-25
CUST0515,Customer Name 515,1981-01-17,F,India,VIP,2024-07-23
CUST0516,Customer Name 516,2005-05-19,F,Germany,Retail,2018-10-25
CUST0517,Customer Name 517,1987-10-16,Other,USA,SME,2024-07-19
CUST0518,Customer Name 518,1982-03-13,F,Australia,SME,2021-08-13
CUST0519,Customer Name 519,1987-05-20,F,UK,VIP,2019-01-16
CUST0520,Customer Name 520,1980-02-13,M,USA,Retail,2023-09-10
CUST0521,Customer Name 521,1997-09-22,Other,India,Retail,2019-11-23
CUST0522,Customer Name 522,1968-08-29,F,France,Retail,2015-10-19
CUST0523,Customer Name 523,1973-01-20,M,UK,Corporate,2021-06-29
CUST0524,Customer Name 524,1988-08-11,M,USA,Youth,2021-08-05
CUST0525,Customer Name 525,2005-03-31,M,UK,Corporate,2022-02-01
CUST0526,Customer Name 526,1985-10-19,M,Singapore,Retail,2020-04-26
CUST0527,Customer Name 527,1971-11-04,F,USA,VIP,2024-05-23
CUST0528,Customer Name 528,2001-11-19,M,Germany,Retail,2015-12-01
CUST0529,Customer Name 529,1998-09-23,Other,India,Retail,2015-03-22
CUST0530,Customer Name 530,1980-06-24,Other,Canada,Youth,2019-04-11
CUST0531,Customer Name 531,1987-08-20,F,Canada,Retail,2018-06-15
CUST0532,Customer Name 532,1997-04-15,M,India,Corporate,2025-07-23
CUST0533,Customer Name 533,1960-01-11,Other,France,SME,2022-07-16
CUST0534,Customer Name 534,1980-09-04,M,India,Youth,2018-11-02
CUST0535,Customer Name 535,1979-07-11,Other,Singapore,Youth,2025-10-13
CUST0536,Customer Name 536,1974-04-21,Other,India,Youth,2021-04-04
CUST0537,Customer Name 537,1989-04-02,Other,India,Retail,2025-01-04
CUST0538,Customer Name 538,1999-06-20,F,UK,Youth,2024-04-19
CUST0539,Customer Name 539,2001-04-13,Other,Canada,Youth,2025-04-07
CUST0540,Customer Name 540,2004-07-20,M,France,Corporate,2018-05-05
CUST0541,Customer Name 541,1981-12-05,F,UK,VIP,2018-04-17
CUST0542,Customer Name 542,1991-08-23,F,Canada,Corporate,2020-01-02
CUST0543,Customer Name 543,1990-01-23,Other,India,Corporate,2022-08-20
CUST0544,Customer Name 544,1990-02-01,F,Canada,VIP,2018-01-07
CUST0545,Customer Name 545,2005-12-22,Other,Australia,VIP,2016-04-07
CUST0546,Customer Name 546,1974-07-17,M,USA,Youth,2018-03-07
CUST0547,Customer Name 547,1994-10-14,F,USA,Corporate,2017-12-15
CUST0548,Customer Name 548,1992-03-14,Other,Germany,Retail,2023-09-28
CUST0549,Customer Name 549,1971-07-19,F,Singapore,SME,2017-01-11
CUST0550,Customer Name 550,2004-10-31,F,India,SME,2021-06-01
CUST0551,Customer Name 551,1965-10-08,M,India,SME,2015-09-10
CUST0552,Customer Name 552,1979-04-24,Other,Australia,Corporate,2022-04-16
CUST0553,Customer Name 553,1995-01-28,Other,Australia,VIP,2019-10-01
CUST0554,Customer Name 554,2005-03-05,M,Singapore,Youth,2024-06-20
CUST0555,Customer Name 555,2003-01-26,M,France,Youth,2019-06-30
CUST0556,Customer Name 556,2002-02-20,Other,Canada,SME,2017-03-19
CUST0557,Customer Name 557,1982-10-23,F,Germany,Youth,2017-09-26
CUST0558,Customer Name 558,1966-05-10,M,Australia,Retail,2024-12-07
CUST0559,Customer Name 559,1975-12-25,M,UK,Retail,2019-05-04
CUST0560,Customer Name 560,2005-10-13,F,USA,VIP,2015-02-05
CUST0561,Customer Name 561,1981-02-14,Other,India,Youth,2020-08-16
CUST0562,Customer Name 562,1975-04-15,F,USA,Corporate,2022-12-07
CUST0563,Customer Name 563,1973-07-20,M,Australia,Youth,2017-08-19
CUST0564,Customer Name 564,1970-01-10,F,Australia,Corporate,2015-09-06
CUST0565,Customer Name 565,1961-08-30,Other,UK,SME,2017-08-13
CUST0566,Customer Name 566,1963-02-22,M,UK,Corporate,2020-06-27
CUST0567,Customer Name 567,1976-08-29,F,USA,SME,2025-02-25
CUST0568,Customer Name 568,1992-05-01,Other,Singapore,Retail,2015-11-13
CUST0569,Customer Name 569,2001-08-06,Other,USA,Youth,2025-08-21
CUST0570,Customer Name 570,1964-12-15,Other,Australia,VIP,2025-06-22
CUST0571,Customer Name 571,1990-12-28,Other,USA,Youth,2020-02-15
CUST0572,Customer Name 572,1988-03-14,Other,India,SME,2023-05-07
CUST0573,Customer Name 573,2002-11-08,Other,Singapore,Youth,2024-09-28
CUST0574,Customer Name 574,1999-03-05,M,Australia,VIP,2024-05-11
CUST0575,Customer Name 575,1973-03-25,Other,Australia,SME,2021-02-03
CUST0576,Customer Name 576,1986-02-16,Other,USA,SME,2016-03-28
CUST0577,Customer Name 577,1993-08-22,Other,Canada,VIP,2020-05-29
CUST0578,Customer Name 578,1987-03-13,F,Germany,Youth,2023-12-09
CUST0579,Customer Name 579,1976-08-08,M,Australia,VIP,2018-09-28
CUST0580,Customer Name 580,1970-01-15,M,France,Corporate,2018-02-16
CUST0581,Customer Name 581,2004-08-23,F,France,Retail,2023-11-09
CUST0582,Customer Name 582,1960-05-17,Other,Australia,VIP,2016-02-28
CUST0583,Customer Name 583,1967-04-03,F,Germany,SME,2023-08-05
CUST0584,Customer Name 584,1988-12-06,F,Canada,Corporate,2017-09-17
CUST0585,Customer Name 585,1974-11-22,F,Australia,Retail,2022-01-28
CUST0586,Customer Name 586,1971-12-20,M,India,VIP,2024-03-28
CUST0587,Customer Name 587,1995-03-31,M,Germany,Retail,2024-02-20
CUST0588,Customer Name 588,1991-08-12,M,Germany,Youth,2021-11-11
CUST0589,Customer Name 589,1963-06-02,Other,USA,SME,2016-07-25
CUST0590,Customer Name 590,1997-12-06,Other,Canada,VIP,2020-12-11
CUST0591,Customer Name 591,1976-12-15,F,India,SME,2018-10-06
CUST0592,Customer Name 592,1968-04-04,M,Singapore,Corporate,2018-08-18
CUST0593,Customer Name 593,1991-01-23,M,USA,Corporate,2020-08-24
CUST0594,Customer Name 594,1969-01-27,Other,France,Retail,2020-08-19
CUST0595,Customer Name 595,1991-08-14,Other,India,Corporate,2021-02-19
CUST0596,Customer Name 596,2005-06-05,M,France,Corporate,2019-12-30
CUST0597,Customer Name 597,1996-02-22,M,India,VIP,2018-09-19
CUST0598,Customer Name 598,1998-01-13,Other,India,SME,2025-07-08
CUST0599,Customer Name 599,2000-07-09,Other,Canada,Retail,2024-01-10
CUST0600,Customer Name 600,1981-08-04,M,Germany,Corporate,2023-01-29
CUST0601,Customer Name 601,1990-02-12,F,India,SME,2024-07-20
CUST0602,Customer Name 602,2001-09-09,F,Canada,Youth,2015-02-24
CUST0603,Customer Name 603,1994-05-08,F,Singapore,VIP,2016-12-13
CUST0604,Customer Name 604,1989-01-14,F,Australia,Corporate,2020-11-20
CUST0605,Customer Name 605,1997-04-13,M,Australia,Corporate,2022-08-01
CUST0606,Customer Name 606,1990-05-06,F,Germany,Corporate,2019-02-02
CUST0607,Customer Name 607,1970-10-30,F,Canada,SME,2025-12-04
CUST0608,Customer Name 608,1992-04-20,Other,Singapore,VIP,2025-06-10
CUST0609,Customer Name 609,1990-08-17,F,USA,VIP,2025-07-26
CUST0610,Customer Name 610,1977-08-21,Other,India,SME,2019-02-24
CUST0611,Customer Name 611,1976-10-28,Other,India,Retail,2015-09-05
CUST0612,Customer Name 612,2003-05-24,M,Canada,VIP,2020-06-17
CUST0613,Customer Name 613,1978-11-14,M,India,SME,2021-06-27
CUST0614,Customer Name 614,1995-06-22,M,Australia,SME,2016-12-05
CUST0615,Customer Name 615,1992-12-22,M,Germany,Corporate,2021-07-25
CUST0616,Customer Name 616,2002-08-25,Other,Australia,SME,2019-05-14
CUST0617,Customer Name 617,1976-04-12,M,France,Corporate,2024-03-10
CUST0618,Customer Name 618,1978-09-08,Other,UK,Youth,2019-10-24
CUST0619,Customer Name 619,1989-12-07,M,Singapore,SME,2015-06-03
CUST0620,Customer Name 620,1965-04-09,F,France,VIP,2023-10-17
CUST0621,Customer Name 621,1979-06-11,F,UK,Corporate,2021-05-18
CUST0622,Customer Name 622,1975-12-16,Other,Australia,Youth,2023-10-01
CUST0623,Customer Name 623,1978-06-28,F,USA,Retail,2023-08-28
CUST0624,Customer Name 624,1982-11-08,F,Germany,Retail,2022-07-31
CUST0625,Customer Name 625,1981-10-03,Other,India,Retail,2023-04-13
CUST0626,Customer Name 626,1996-10-03,F,USA,Corporate,2015-09-30
CUST0627,Customer Name 627,1965-06-25,F,UK,SME,2020-01-16
CUST0628,Customer Name 628,1969-06-01,F,Australia,Corporate,2018-04-11
CUST0629,Customer Name 629,1970-04-06,M,Australia,Retail,2020-06-13
CUST0630,Customer Name 630,1975-09-27,Other,Singapore,SME,2023-09-29
CUST0631,Customer Name 631,1986-01-24,M,Australia,Youth,2016-05-26
CUST0632,Customer Name 632,1970-05-25,F,France,Retail,2016-08-19
CUST0633,Customer Name 633,1974-07-23,F,Germany,VIP,2017-11-06
CUST0634,Customer Name 634,1964-05-15,M,USA,SME,2024-02-25
CUST0635,Customer Name 635,1988-03-25,F,Australia,Corporate,2024-01-27
CUST0636,Customer Name 636,1987-09-26,Other,Australia,Corporate,2015-02-15
CUST0637,Customer Name 637,1982-07-08,Other,UK,VIP,2025-08-31
CUST0638,Customer Name 638,1996-12-03,Other,Singapore,Corporate,2016-02-11
CUST0639,Customer Name 639,1991-09-15,F,Australia,VIP,2018-08-02
CUST0640,Customer Name 640,1988-04-17,Other,Australia,Retail,2025-09-16
CUST0641,Customer Name 641,1964-03-27,Other,India,Retail,2018-08-17
CUST0642,Customer Name 642,1974-01-27,F,Australia,Corporate,2022-03-20
CUST0643,Customer Name 643,1988-08-03,M,France,SME,2016-10-07
CUST0644,Customer Name 644,1986-07-03,M,Germany,Corporate,2018-07-01
CUST0645,Customer Name 645,1999-09-30,F,India,Retail,2024-02-24
CUST0646,Customer Name 646,1961-04-30,Other,Singapore,SME,2022-05-28
CUST0647,Customer Name 647,1999-03-05,M,France,VIP,2016-03-24
CUST0648,Customer Name 648,1985-11-19,M,Germany,Retail,2017-08-13
CUST0649,Customer Name 649,1992-06-16,M,Germany,VIP,2015-05-28
CUST0650,Customer Name 650,1960-05-26,F,France,Youth,2022-10-24
CUST0651,Customer Name 651,1983-12-09,M,Singapore,SME,2020-08-23
CUST0652,Customer Name 652,1980-04-27,M,Singapore,Retail,2015-08-24
CUST0653,Customer Name 653,1986-07-16,F,UK,VIP,2016-06-27
CUST0654,Customer Name 654,1988-07-06,F,Singapore,VIP,2016-03-31
CUST0655,Customer Name 655,1996-08-16,F,France,VIP,2015-12-04
CUST0656,Customer Name 656,1997-03-01,M,Australia,Corporate,2018-01-11
CUST0657,Customer Name 657,2001-01-18,M,France,Corporate,2019-04-15
CUST0658,Customer Name 658,1975-01-03,F,France,Youth,2024-06-29
CUST0659,Customer Name 659,1993-03-23,Other,India,Youth,2016-03-13
CUST0660,Customer Name 660,1974-12-06,F,USA,VIP,2024-10-12
CUST0661,Customer Name 661,1978-07-28,M,Australia,Corporate,2018-11-15
CUST0662,Customer Name 662,1989-08-28,M,Canada,SME,2019-05-27
CUST0663,Customer Name 663,1993-01-17,F,USA,SME,2021-12-07
CUST0664,Customer Name 664,1961-12-22,Other,Germany,VIP,2021-08-08
CUST0665,Customer Name 665,1986-06-18,Other,India,Corporate,2022-09-04
CUST0666,Customer Name 666,1982-11-15,M,Germany,SME,2025-09-21
CUST0667,Customer Name 667,2005-07-07,Other,Canada,Corporate,2021-11-18
CUST0668,Customer Name 668,1987-07-07,Other,Australia,Youth,2022-05-14
CUST0669,Customer Name 669,1971-03-26,Other,France,VIP,2020-05-20
CUST0670,Customer Name 670,1991-10-22,F,Australia,VIP,2015-04-15
CUST0671,Customer Name 671,1968-09-07,M,India,Corporate,2021-08-17
CUST0672,Customer Name 672,2002-05-06,F,Australia,Corporate,2017-01-05
CUST0673,Customer Name 673,1996-05-06,Other,Singapore,Retail,2024-02-06
CUST0674,Customer Name 674,1961-11-01,M,France,SME,2015-02-06
CUST0675,Customer Name 675,1986-10-24,F,Germany,Youth,2025-11-29
CUST0676,Customer Name 676,2000-04-11,M,Singapore,SME,2025-07-09
CUST0677,Customer Name 677,1998-05-29,F,Singapore,Retail,2016-01-28
CUST0678,Customer Name 678,2005-02-11,M,Singapore,Corporate,2024-12-17
CUST0679,Customer Name 679,1961-11-04,F,Canada,SME,2015-10-10
CUST0680,Customer Name 680,1965-09-17,Other,France,VIP,2016-03-27
CUST0681,Customer Name 681,2003-09-27,F,Canada,SME,2021-01-31
CUST0682,Customer Name 682,1989-03-02,Other,Canada,Corporate,2023-07-22
CUST0683,Customer Name 683,1969-03-26,F,Singapore,SME,2016-10-21
CUST0684,Customer Name 684,1991-06-02,Other,Canada,Retail,2019-12-06
CUST0685,Customer Name 685,1972-05-13,Other,USA,Youth,2020-02-16
CUST0686,Customer Name 686,1963-06-03,F,USA,Corporate,2025-04-27
CUST0687,Customer Name 687,1977-09-14,F,UK,VIP,2016-06-21
CUST0688,Customer Name 688,1985-10-18,M,USA,Retail,2019-10-16
CUST0689,Customer Name 689,1982-04-11,F,USA,Corporate,2022-06-12
CUST0690,Customer Name 690,1974-05-27,M,India,VIP,2021-06-28
CUST0691,Customer Name 691,1990-12-10,F,Canada,VIP,2021-09-21
CUST0692,Customer Name 692,1982-03-29,M,Australia,Corporate,2015-07-11
CUST0693,Customer Name 693,1982-12-19,Other,UK,Retail,2023-01-24
CUST0694,Customer Name 694,1985-10-19,F,Canada,VIP,2017-08-29
CUST0695,Customer Name 695,1978-12-08,Other,USA,Youth,2024-01-28
CUST0696,Customer Name 696,1988-09-08,F,Australia,Retail,2018-09-28
CUST0697,Customer Name 697,1977-03-02,M,Singapore,VIP,2017-04-27
CUST0698,Customer Name 698,1965-07-28,F,France,Corporate,2021-08-26
CUST0699,Customer Name 699,1992-01-02,M,USA,Corporate,2024-04-14
CUST0700,Customer Name 700,1961-04-26,M,Singapore,Retail,2020-01-07
CUST0701,Customer Name 701,1996-09-15,F,Singapore,VIP,2025-10-14
CUST0702,Customer Name 702,1963-07-18,Other,USA,VIP,2017-06-14
CUST0703,Customer Name 703,1983-10-25,F,USA,Retail,2020-01-27
CUST0704,Customer Name 704,1975-04-05,Other,India,Retail,2021-05-07
CUST0705,Customer Name 705,2004-03-29,M,USA,Retail,2015-03-11
CUST0706,Customer Name 706,1964-09-01,F,USA,Youth,2024-06-01
CUST0707,Customer Name 707,2004-05-08,F,Germany,Youth,2024-06-11
CUST0708,Customer Name 708,1962-09-27,Other,Germany,Youth,2017-05-28
CUST0709,Customer Name 709,1962-02-10,F,USA,Corporate,2017-02-04
CUST0710,Customer Name 710,1976-10-29,M,India,Youth,2015-09-17
CUST0711,Customer Name 711,1973-07-26,F,Canada,Youth,2015-02-01
CUST0712,Customer Name 712,1961-05-21,M,UK,Youth,2024-09-28
CUST0713,Customer Name 713,2002-04-13,M,UK,VIP,2025-02-24
CUST0714,Customer Name 714,1970-05-15,Other,Canada,SME,2021-09-14
CUST0715,Customer Name 715,1976-03-26,Other,Australia,Youth,2024-02-20
CUST0716,Customer Name 716,1968-08-03,M,Australia,Retail,2024-04-25
CUST0717,Customer Name 717,1992-03-23,Other,Germany,Youth,2016-06-12
CUST0718,Customer Name 718,2005-07-22,Other,France,SME,2020-03-08
CUST0719,Customer Name 719,1967-10-14,M,Germany,Corporate,2018-07-29
CUST0720,Customer Name 720,1998-05-18,F,India,Corporate,2020-11-06
CUST0721,Customer Name 721,1974-10-31,F,UK,Youth,2018-08-08
CUST0722,Customer Name 722,1991-08-24,Other,France,Retail,2022-01-08
CUST0723,Customer Name 723,1977-06-08,Other,India,Retail,2025-12-27
CUST0724,Customer Name 724,1985-02-06,M,Singapore,VIP,2023-09-20
CUST0725,Customer Name 725,1971-06-02,M,Australia,Retail,2017-06-04
CUST0726,Customer Name 726,2001-03-25,M,Australia,VIP,2017-09-27
CUST0727,Customer Name 727,2001-04-28,M,Germany,VIP,2018-02-17
CUST0728,Customer Name 728,1967-10-17,F,UK,Retail,2018-10-03
CUST0729,Customer Name 729,1971-02-22,M,USA,Retail,2025-06-30
CUST0730,Customer Name 730,1981-03-01,M,UK,VIP,2019-04-20
CUST0731,Customer Name 731,1967-05-10,Other,India,Corporate,2018-04-22
CUST0732,Customer Name 732,1999-05-19,M,India,Youth,2016-12-13
CUST0733,Customer Name 733,1961-09-30,Other,India,Corporate,2018-01-31
CUST0734,Customer Name 734,1981-03-24,M,Singapore,Retail,2024-08-26
CUST0735,Customer Name 735,1999-03-08,M,USA,SME,2015-12-04
CUST0736,Customer Name 736,1985-07-16,Other,USA,Retail,2024-05-03
CUST0737,Customer Name 737,1986-12-28,F,Canada,VIP,2022-11-06
CUST0738,Customer Name 738,1973-06-30,F,UK,SME,2025-12-19
CUST0739,Customer Name 739,1965-03-03,Other,Singapore,SME,2024-05-08
CUST0740,Customer Name 740,2000-04-16,Other,India,Youth,2016-03-30
CUST0741,Customer Name 741,2002-09-07,F,France,Retail,2019-12-12
CUST0742,Customer Name 742,1976-07-11,Other,UK,Youth,2016-02-23
CUST0743,Customer Name 743,1966-12-07,Other,USA,Corporate,2019-04-07
CUST0744,Customer Name 744,1980-07-09,Other,Australia,SME,2016-09-02
CUST0745,Customer Name 745,2000-11-09,Other,Australia,Youth,2018-05-11
CUST0746,Customer Name 746,1968-03-27,Other,Singapore,Corporate,2024-11-16
CUST0747,Customer Name 747,1998-07-06,F,Germany,Retail,2023-04-16
CUST0748,Customer Name 748,1962-10-17,Other,USA,Retail,2020-08-17
CUST0749,Customer Name 749,1983-08-17,F,UK,VIP,2021-01-28
CUST0750,Customer Name 750,1996-04-02,M,Germany,Corporate,2017-03-07
CUST0751,Customer Name 751,1989-02-24,F,USA,Corporate,2018-12-28
CUST0752,Customer Name 752,2005-01-06,M,Canada,Youth,2016-09-13
CUST0753,Customer Name 753,1985-03-20,F,France,SME,2019-11-07
CUST0754,Customer Name 754,1964-09-09,F,USA,SME,2025-07-16
CUST0755,Customer Name 755,1994-06-06,Other,Australia,VIP,2016-03-09
CUST0756,Customer Name 756,2004-01-24,F,Canada,VIP,2018-04-17
CUST0757,Customer Name 757,1983-03-22,F,India,VIP,2020-05-28
CUST0758,Customer Name 758,1960-11-10,Other,UK,Corporate,2023-04-08
CUST0759,Customer Name 759,1988-08-01,M,Germany,Retail,2022-09-01
CUST0760,Customer Name 760,1993-05-11,F,Canada,Retail,2020-08-02
CUST0761,Customer Name 761,1967-03-08,Other,Australia,Youth,2025-06-26
CUST0762,Customer Name 762,1989-07-02,M,India,SME,2020-03-14
CUST0763,Customer Name 763,1984-08-24,F,France,SME,2024-12-08
CUST0764,Customer Name 764,2003-04-02,F,India,Youth,2017-08-04
CUST0765,Customer Name 765,1991-04-14,F,Canada,Corporate,2024-08-15
CUST0766,Customer Name 766,1970-05-30,M,UK,Retail,2024-08-23
CUST0767,Customer Name 767,1989-08-20,M,France,VIP,2021-03-14
CUST0768,Customer Name 768,1971-12-26,F,USA,Retail,2020-05-19
CUST0769,Customer Name 769,1995-07-04,F,UK,Youth,2022-04-15
CUST0770,Customer Name 770,2004-04-06,M,India,Retail,2017-11-13
CUST0771,Customer Name 771,1978-05-18,Other,Australia,VIP,2015-01-31
CUST0772,Customer Name 772,2001-11-29,M,UK,SME,2020-04-30
CUST0773,Customer Name 773,1996-08-15,Other,France,Youth,2019-03-10
CUST0774,Customer Name 774,1992-11-25,Other,India,Corporate,2018-10-08
CUST0775,Customer Name 775,1991-08-20,Other,France,Retail,2025-11-26
CUST0776,Customer Name 776,1989-08-22,F,USA,Retail,2022-06-02
CUST0777,Customer Name 777,2000-04-26,F,Germany,Corporate,2019-09-16
CUST0778,Customer Name 778,1978-04-07,Other,Singapore,Corporate,2021-02-11
CUST0779,Customer Name 779,1981-12-06,Other,Singapore,VIP,2017-04-14
CUST0780,Customer Name 780,1976-09-14,Other,Australia,Retail,2020-08-22
CUST0781,Customer Name 781,1965-11-24,M,France,Youth,2023-03-02
CUST0782,Customer Name 782,1978-12-24,F,India,Retail,2022-11-16
CUST0783,Customer Name 783,1990-09-04,Other,India,VIP,2022-07-30
CUST0784,Customer Name 784,1976-08-05,Other,Canada,Youth,2021-02-07
CUST0785,Customer Name 785,1991-08-16,M,India,Youth,2020-03-13
CUST0786,Customer Name 786,1998-10-11,F,UK,Youth,2023-04-14
CUST0787,Customer Name 787,2001-07-13,Other,Germany,VIP,2024-05-20
CUST0788,Customer Name 788,2005-06-20,F,Australia,Retail,2016-11-07
CUST0789,Customer Name 789,1985-10-15,Other,UK,SME,2017-12-28
CUST0790,Customer Name 790,1982-11-22,M,UK,Youth,2025-12-25
CUST0791,Customer Name 791,1961-12-14,M,Germany,Corporate,2025-04-27
CUST0792,Customer Name 792,1993-08-21,F,Canada,VIP,2016-05-24
CUST0793,Customer Name 793,1982-02-12,M,India,Youth,2019-10-10
CUST0794,Customer Name 794,1972-05-16,F,Canada,VIP,2017-05-19
CUST0795,Customer Name 795,1993-03-06,Other,India,Corporate,2024-02-29
CUST0796,Customer Name 796,1974-06-08,M,France,Youth,2018-05-05
CUST0797,Customer Name 797,1984-02-23,Other,France,Retail,2019-06-24
CUST0798,Customer Name 798,1977-07-31,Other,UK,VIP,2025-08-29
CUST0799,Customer Name 799,1983-02-28,M,UK,Youth,2016-04-20
CUST0800,Customer Name 800,1979-01-11,M,USA,Youth,2016-04-13
CUST0801,Customer Name 801,2000-07-26,M,Germany,VIP,2015-04-26
CUST0802,Customer Name 802,1978-10-19,Other,Singapore,Corporate,2023-08-18
CUST0803,Customer Name 803,1997-10-27,F,France,VIP,2025-09-29
CUST0804,Customer Name 804,1960-09-09,F,Germany,SME,2015-07-13
CUST0805,Customer Name 805,1995-02-26,Other,UK,Retail,2024-11-24
CUST0806,Customer Name 806,1972-12-31,Other,Canada,Corporate,2024-11-06
CUST0807,Customer Name 807,1965-10-28,Other,UK,Retail,2021-11-22
CUST0808,Customer Name 808,1976-06-03,M,Canada,Retail,2025-01-14
CUST0809,Customer Name 809,1987-08-28,F,India,VIP,2018-08-15
CUST0810,Customer Name 810,1993-03-31,F,Singapore,SME,2015-08-16
CUST0811,Customer Name 811,1997-10-11,F,India,Youth,2024-05-20
CUST0812,Customer Name 812,1976-05-09,F,UK,SME,2019-06-08
CUST0813,Customer Name 813,1992-05-25,F,USA,Corporate,2024-03-31
CUST0814,Customer Name 814,2003-12-15,F,UK,SME,2024-03-07
CUST0815,Customer Name 815,1993-05-26,Other,France,Retail,2023-01-12
CUST0816,Customer Name 816,1990-07-01,Other,UK,Youth,2017-07-12
CUST0817,Customer Name 817,1961-03-04,M,France,SME,2021-03-23
CUST0818,Customer Name 818,1966-05-01,Other,India,Youth,2021-09-04
CUST0819,Customer Name 819,1980-01-09,Other,USA,SME,2018-10-19
CUST0820,Customer Name 820,1975-01-29,F,Germany,Youth,2025-01-11
CUST0821,Customer Name 821,1987-07-09,M,India,SME,2019-12-14
CUST0822,Customer Name 822,1976-07-22,F,India,Corporate,2017-04-11
CUST0823,Customer Name 823,1980-11-01,M,UK,Youth,2022-11-27
CUST0824,Customer Name 824,2005-03-07,Other,Australia,VIP,2023-07-11
CUST0825,Customer Name 825,1999-07-29,Other,Canada,Retail,2023-09-07
CUST0826,Customer Name 826,1985-02-10,F,India,Youth,2016-07-16
CUST0827,Customer Name 827,1992-03-15,F,Canada,Retail,2021-10-01
CUST0828,Customer Name 828,1997-08-30,F,Canada,SME,2021-03-10
CUST0829,Customer Name 829,1996-02-17,Other,Germany,SME,2023-07-18
CUST0830,Customer Name 830,1983-05-24,Other,Germany,SME,2015-03-07
CUST0831,Customer Name 831,1988-12-14,Other,Germany,SME,2019-01-24
CUST0832,Customer Name 832,1997-06-14,M,Singapore,SME,2025-06-12
CUST0833,Customer Name 833,1982-07-05,F,Canada,Corporate,2017-10-27
CUST0834,Customer Name 834,1983-12-10,M,UK,Retail,2023-09-30
CUST0835,Customer Name 835,1990-11-16,Other,Canada,Youth,2017-05-22
CUST0836,Customer Name 836,1978-06-08,Other,India,Corporate,2022-08-04
CUST0837,Customer Name 837,1980-11-12,M,Germany,Corporate,2017-09-16
CUST0838,Customer Name 838,1977-02-08,F,India,Corporate,2018-01-18
CUST0839,Customer Name 839,1975-09-09,F,Germany,Corporate,2024-08-20
CUST0840,Customer Name 840,1968-03-17,Other,Singapore,Corporate,2024-08-16
CUST0841,Customer Name 841,1973-02-07,Other,UK,Retail,2017-06-27
CUST0842,Customer Name 842,1981-06-21,Other,France,Youth,2023-03-24
CUST0843,Customer Name 843,1968-02-19,F,Germany,Retail,2021-02-07
CUST0844,Customer Name 844,1996-06-18,M,Australia,Youth,2015-09-09
CUST0845,Customer Name 845,1972-08-06,Other,Singapore,Corporate,2018-09-21
CUST0846,Customer Name 846,1973-01-12,Other,Australia,Corporate,2023-04-19
CUST0847,Customer Name 847,1974-09-22,M,Singapore,SME,2018-12-11
CUST0848,Customer Name 848,1992-12-12,F,UK,VIP,2016-01-26
CUST0849,Customer Name 849,1978-10-25,Other,Canada,VIP,2019-07-01
CUST0850,Customer Name 850,2000-02-14,F,Germany,Retail,2021-04-14
CUST0851,Customer Name 851,1995-09-13,Other,USA,Retail,2018-12-25
CUST0852,Customer Name 852,2000-08-11,F,India,Youth,2015-09-24
CUST0853,Customer Name 853,1979-04-04,M,France,SME,2018-07-08
CUST0854,Customer Name 854,1966-11-03,Other,India,Youth,2023-10-24
CUST0855,Customer Name 855,1973-03-17,Other,France,SME,2021-02-22
CUST0856,Customer Name 856,1980-02-28,Other,Singapore,VIP,2021-08-08
CUST0857,Customer Name 857,1975-06-25,Other,France,VIP,2022-12-28
CUST0858,Customer Name 858,1984-07-22,Other,India,SME,2022-09-26
CUST0859,Customer Name 859,1972-03-18,M,Canada,Youth,2015-10-16
CUST0860,Customer Name 860,1980-07-26,Other,Germany,Retail,2015-09-05
CUST0861,Customer Name 861,1960-12-17,Other,France,SME,2020-07-06
CUST0862,Customer Name 862,1996-05-06,F,Australia,SME,2016-10-03
CUST0863,Customer Name 863,1968-08-12,Other,Singapore,SME,2023-11-14
CUST0864,Customer Name 864,1978-09-01,F,France,Youth,2025-10-11
CUST0865,Customer Name 865,1963-02-05,M,Canada,Retail,2019-08-27
CUST0866,Customer Name 866,1963-09-17,F,India,Youth,2019-06-25
CUST0867,Customer Name 867,1997-08-27,F,France,Corporate,2024-11-04
CUST0868,Customer Name 868,1979-11-18,M,Germany,Corporate,2024-04-05
CUST0869,Customer Name 869,1968-08-04,M,Singapore,SME,2024-09-12
CUST0870,Customer Name 870,2003-05-29,F,Australia,SME,2017-12-16
CUST0871,Customer Name 871,1993-05-27,F,France,SME,2021-05-29
CUST0872,Customer Name 872,1966-12-24,M,India,Retail,2021-06-10
CUST0873,Customer Name 873,1960-10-31,M,Germany,Retail,2021-03-19
CUST0874,Customer Name 874,1999-01-24,M,India,SME,2024-12-30
CUST0875,Customer Name 875,1979-05-08,M,France,Retail,2016-04-28
CUST0876,Customer Name 876,1991-12-10,M,UK,VIP,2023-10-16
CUST0877,Customer Name 877,1992-07-29,F,Australia,SME,2019-04-13
CUST0878,Customer Name 878,1989-12-21,M,Canada,VIP,2021-05-27
CUST0879,Customer Name 879,1983-03-09,Other,USA,Youth,2018-10-17
CUST0880,Customer Name 880,1972-07-18,Other,Singapore,VIP,2023-10-14
CUST0881,Customer Name 881,1963-06-30,Other,Australia,Youth,2021-11-26
CUST0882,Customer Name 882,1977-03-07,Other,Singapore,Youth,2021-01-01
CUST0883,Customer Name 883,1992-07-05,M,Germany,SME,2020-11-13
CUST0884,Customer Name 884,1967-10-06,Other,UK,SME,2023-04-14
CUST0885,Customer Name 885,1964-06-12,F,India,Youth,2023-03-15
CUST0886,Customer Name 886,1987-04-08,Other,Singapore,Retail,2025-04-12
CUST0887,Customer Name 887,1993-06-18,M,Canada,Corporate,2015-02-10
CUST0888,Customer Name 888,1965-01-15,Other,Germany,VIP,2023-07-16
CUST0889,Customer Name 889,1999-04-07,F,Australia,Youth,2017-05-13
CUST0890,Customer Name 890,2002-10-31,M,Germany,Corporate,2022-06-26
CUST0891,Customer Name 891,1963-08-25,M,Canada,SME,2017-10-26
CUST0892,Customer Name 892,1970-04-29,M,India,SME,2018-11-30
CUST0893,Customer Name 893,1970-02-25,Other,India,Youth,2016-04-24
CUST0894,Customer Name 894,1998-04-20,Other,UK,Retail,2023-10-03
CUST0895,Customer Name 895,1980-09-03,M,Singapore,Youth,2025-12-12
CUST0896,Customer Name 896,1965-10-18,Other,Singapore,VIP,2019-10-11
CUST0897,Customer Name 897,1976-11-20,F,India,Corporate,2018-08-07
CUST0898,Customer Name 898,1968-01-23,M,India,Retail,2017-07-22
CUST0899,Customer Name 899,1997-12-22,F,USA,Youth,2018-03-07
CUST0900,Customer Name 900,1988-04-27,F,France,VIP,2017-09-04
CUST0901,Customer Name 901,2001-04-05,Other,UK,VIP,2021-02-28
CUST0902,Customer Name 902,2000-07-25,Other,UK,Retail,2025-03-29
CUST0903,Customer Name 903,2002-01-30,M,Australia,VIP,2017-01-05
CUST0904,Customer Name 904,1975-05-11,F,France,VIP,2018-12-02
CUST0905,Customer Name 905,1995-07-24,Other,Canada,VIP,2022-01-20
CUST0906,Customer Name 906,1985-11-19,F,USA,VIP,2020-08-13
CUST0907,Customer Name 907,1990-08-28,Other,India,Youth,2016-12-05
CUST0908,Customer Name 908,1990-02-15,F,France,Retail,2023-03-12
CUST0909,Customer Name 909,1980-03-26,M,India,Corporate,2023-02-23
CUST0910,Customer Name 910,2000-01-18,Other,UK,Corporate,2023-02-24
CUST0911,Customer Name 911,1989-03-07,M,USA,VIP,2018-08-02
CUST0912,Customer Name 912,1980-10-12,F,UK,Youth,2025-01-19
CUST0913,Customer Name 913,1998-09-11,F,Germany,VIP,2017-09-28
CUST0914,Customer Name 914,2002-04-05,M,Australia,VIP,2021-12-28
CUST0915,Customer Name 915,1964-02-06,F,Australia,Youth,2015-05-20
CUST0916,Customer Name 916,2001-06-26,Other,Singapore,SME,2019-02-23
CUST0917,Customer Name 917,1966-10-02,Other,France,Retail,2015-09-26
CUST0918,Customer Name 918,1974-02-20,F,India,Corporate,2017-03-05
CUST0919,Customer Name 919,2002-07-26,F,Singapore,Youth,2024-10-03
CUST0920,Customer Name 920,1974-05-12,F,Canada,Corporate,2025-01-28
CUST0921,Customer Name 921,1978-01-03,F,France,Youth,2017-09-28
CUST0922,Customer Name 922,2004-12-10,Other,USA,Youth,2017-04-17
CUST0923,Customer Name 923,1965-07-10,Other,Singapore,SME,2025-09-16
CUST0924,Customer Name 924,1970-09-08,F,UK,VIP,2023-09-21
CUST0925,Customer Name 925,1976-04-27,M,Germany,Retail,2015-09-01
CUST0926,Customer Name 926,1971-10-30,M,India,SME,2024-09-25
CUST0927,Customer Name 927,1997-07-24,Other,UK,Corporate,2017-07-01
CUST0928,Customer Name 928,1965-02-08,M,UK,Retail,2015-12-14
CUST0929,Customer Name 929,1970-08-26,F,Canada,VIP,2017-10-30
CUST0930,Customer Name 930,1960-03-07,M,France,SME,2019-05-24
CUST0931,Customer Name 931,1987-10-19,Other,Germany,Youth,2018-01-23
CUST0932,Customer Name 932,1990-08-28,F,France,Corporate,2023-10-16
CUST0933,Customer Name 933,2000-05-29,F,Singapore,SME,2021-11-24
CUST0934,Customer Name 934,1991-12-23,Other,Australia,SME,2025-03-13
CUST0935,Customer Name 935,1979-10-27,M,Singapore,Retail,2024-08-03
CUST0936,Customer Name 936,1962-03-22,Other,France,Corporate,2025-11-06
CUST0937,Customer Name 937,1975-10-02,Other,Singapore,Corporate,2015-04-26
CUST0938,Customer Name 938,1979-08-09,M,UK,Corporate,2019-10-28
CUST0939,Customer Name 939,1979-03-29,F,Singapore,Retail,2016-06-16
CUST0940,Customer Name 940,1990-11-24,M,Singapore,Corporate,2018-09-07
CUST0941,Customer Name 941,1964-11-04,M,France,Retail,2022-08-23
CUST0942,Customer Name 942,1975-11-19,F,UK,Youth,2025-04-26
CUST0943,Customer Name 943,1978-01-01,F,Germany,Retail,2023-01-08
CUST0944,Customer Name 944,2002-07-14,Other,USA,VIP,2023-03-12
CUST0945,Customer Name 945,2000-02-19,M,UK,Corporate,2017-11-25
CUST0946,Customer Name 946,2004-12-28,F,USA,VIP,2018-09-25
CUST0947,Customer Name 947,1973-06-17,M,France,VIP,2021-12-27
CUST0948,Customer Name 948,1988-12-05,M,UK,Youth,2025-03-22
CUST0949,Customer Name 949,1967-10-23,F,Canada,SME,2017-06-05
CUST0950,Customer Name 950,1997-01-21,F,Australia,Youth,2024-11-29
CUST0951,Customer Name 951,1975-04-19,M,Canada,Retail,2018-02-04
CUST0952,Customer Name 952,2004-01-27,F,Canada,Retail,2025-08-08
CUST0953,Customer Name 953,1970-02-20,M,France,Corporate,2023-09-10
CUST0954,Customer Name 954,1978-01-28,F,India,VIP,2019-07-02
CUST0955,Customer Name 955,1969-09-05,Other,Singapore,Youth,2017-11-08
CUST0956,Customer Name 956,1964-11-09,F,Australia,SME,2020-10-30
CUST0957,Customer Name 957,1964-01-22,M,India,Youth,2022-09-18
CUST0958,Customer Name 958,1971-04-17,F,Canada,Corporate,2025-02-23
CUST0959,Customer Name 959,1980-12-06,M,Canada,Youth,2025-01-17
CUST0960,Customer Name 960,2000-06-28,F,India,SME,2016-03-03
CUST0961,Customer Name 961,1998-09-25,M,India,SME,2018-11-29
CUST0962,Customer Name 962,1979-08-22,M,USA,VIP,2021-06-08
CUST0963,Customer Name 963,1989-11-19,F,Australia,VIP,2021-07-23
CUST0964,Customer Name 964,1968-06-17,M,Singapore,Corporate,2017-04-01
CUST0965,Customer Name 965,1991-11-23,Other,India,VIP,2016-11-05
CUST0966,Customer Name 966,1980-09-10,Other,India,Retail,2015-04-13
CUST0967,Customer Name 967,1987-05-23,F,USA,VIP,2018-06-11
CUST0968,Customer Name 968,1978-07-11,M,Australia,Retail,2023-11-23
CUST0969,Customer Name 969,1994-01-21,M,Australia,Youth,2023-07-31
CUST0970,Customer Name 970,1996-09-29,M,Germany,Retail,2022-02-21
CUST0971,Customer Name 971,1993-08-08,F,UK,Corporate,2017-07-18
CUST0972,Customer Name 972,1989-10-15,F,UK,SME,2025-04-20
CUST0973,Customer Name 973,1965-06-22,Other,Canada,Corporate,2016-08-21
CUST0974,Customer Name 974,2000-09-11,M,France,Corporate,2018-01-07
CUST0975,Customer Name 975,1962-09-17,Other,France,Corporate,2023-02-04
CUST0976,Customer Name 976,1989-05-26,F,Australia,Corporate,2025-06-16
CUST0977,Customer Name 977,1981-12-07,F,Singapore,VIP,2025-03-16
CUST0978,Customer Name 978,2001-01-30,Other,UK,Youth,2015-08-31
CUST0979,Customer Name 979,1977-01-13,M,Germany,SME,2024-01-16
CUST0980,Customer Name 980,1961-10-04,M,Singapore,Retail,2023-07-25
CUST0981,Customer Name 981,1966-03-19,M,France,Retail,2016-12-31
CUST0982,Customer Name 982,1975-07-30,F,India,Youth,2016-08-02
CUST0983,Customer Name 983,2005-11-19,M,India,Corporate,2023-03-16
CUST0984,Customer Name 984,1999-02-21,M,UK,Corporate,2017-03-20
CUST0985,Customer Name 985,1999-12-15,Other,France,SME,2025-04-07
CUST0986,Customer Name 986,1961-05-30,Other,France,Retail,2024-03-05
CUST0987,Customer Name 987,2005-09-30,Other,Singapore,Corporate,2015-01-08
CUST0988,Customer Name 988,1978-05-04,Other,Canada,VIP,2022-05-05
CUST0989,Customer Name 989,1999-03-19,F,Germany,SME,2023-11-18
CUST0990,Customer Name 990,1962-09-26,M,UK,VIP,2022-02-27
CUST0991,Customer Name 991,1971-12-03,F,Canada,VIP,2021-04-20
CUST0992,Customer Name 992,1992-01-07,M,France,Youth,2015-09-27
CUST0993,Customer Name 993,1995-04-25,F,UK,Youth,2024-01-06
CUST0994,Customer Name 994,2004-05-02,M,Australia,VIP,2022-04-19
CUST0995,Customer Name 995,1990-02-03,M,Germany,Youth,2018-11-26
CUST0996,Customer Name 996,1978-12-05,M,UK,VIP,2023-03-15
CUST0997,Customer Name 997,1972-05-07,F,Canada,Corporate,2021-06-26
CUST0998,Customer Name 998,1999-10-31,Other,France,Youth,2020-12-18
CUST0999,Customer Name 999,1989-08-29,Other,Canada,VIP,2025-01-08
CUST1000,Customer Name 1000,2003-03-13,F,India,SME,2024-10-19
