WalletID,CustomerID,CardID,WalletProvider,Status
WAL0001,CUST0587,CARD0098,PayPal,Linked
WAL0002,CUST0334,CARD0336,PayPal,Unlinked
WAL0003,CUST0234,CARD0205,Google Pay,Linked
WAL0004,CUST0475,CARD0618,Venmo,Unlinked
WAL0005,CUST0178,CARD0541,Google Pay,Linked
WAL0006,CUST0205,CARD0764,Google Pay,Linked
WAL0007,CUST0278,CARD0195,Venmo,Active
WAL0008,CUST0434,CARD1000,Samsung Pay,Active
WAL0009,CUST0093,CARD0783,Google Pay,Unlinked
WAL0010,CUST0456,CARD0614,Apple Pay,Unlinked
WAL0011,CUST0846,CARD0087,Google Pay,Active
WAL0012,CUST0436,CARD0159,Google Pay,Unlinked
WAL0013,CUST0675,CARD0130,Google Pay,Active
WAL0014,CUST0151,CARD0413,Apple Pay,Linked
WAL0015,CUST0878,CARD0011,Venmo,Linked
WAL0016,CUST0229,CARD0031,Apple Pay,Active
WAL0017,CUST0690,CARD0005,Samsung Pay,Active
WAL0018,CUST0114,CARD0919,Apple Pay,Active
WAL0019,CUST0211,CARD0069,Apple Pay,Linked
WAL0020,CUST0889,CARD0297,PayPal,Linked
WAL0021,CUST0908,CARD0305,Venmo,Linked
WAL0022,CUST0203,CARD0051,Google Pay,Linked
WAL0023,CUST0806,CARD0669,Google Pay,Unlinked
WAL0024,CUST0421,CARD0675,Google Pay,Unlinked
WAL0025,CUST0118,CARD0716,Venmo,Unlinked
WAL0026,CUST0013,CARD0478,Samsung Pay,Active
WAL0027,CUST0659,CARD0953,Samsung Pay,Linked
WAL0028,CUST0960,CARD0409,Google Pay,Unlinked
WAL0029,CUST0812,CARD0151,Google Pay,Linked
WAL0030,CUST0633,CARD0861,Samsung Pay,Linked
WAL0031,CUST0266,CARD0632,PayPal,Unlinked
WAL0032,CUST0290,CARD0742,Apple Pay,Active
WAL0033,CUST0730,CARD0765,Venmo,Active
WAL0034,CUST0096,CARD0967,Venmo,Linked
WAL0035,CUST0989,CARD0069,Venmo,Active
WAL0036,CUST0446,CARD0980,Google Pay,Active
WAL0037,CUST0307,CARD0812,Venmo,Linked
WAL0038,CUST0141,CARD0313,Apple Pay,Unlinked
WAL0039,CUST0962,CARD0759,PayPal,Unlinked
WAL0040,CUST0205,CARD0668,Samsung Pay,Linked
WAL0041,CUST0733,CARD0678,Samsung Pay,Unlinked
WAL0042,CUST0102,CARD0233,Apple Pay,Unlinked
WAL0043,CUST0399,CARD0874,Samsung Pay,Linked
WAL0044,CUST0358,CARD0035,Samsung Pay,Unlinked
WAL0045,CUST0283,CARD0892,Samsung Pay,Linked
WAL0046,CUST0922,CARD0292,Google Pay,Active
WAL0047,CUST0837,CARD0749,PayPal,Active
WAL0048,CUST0295,CARD0959,Apple Pay,Active
WAL0049,CUST0120,CARD0578,PayPal,Unlinked
WAL0050,CUST0938,CARD0073,Samsung Pay,Active
WAL0051,CUST0767,CARD0223,PayPal,Linked
WAL0052,CUST0202,CARD0308,Venmo,Active
WAL0053,CUST0471,CARD0122,Venmo,Unlinked
WAL0054,CUST0183,CARD0018,Venmo,Linked
WAL0055,CUST0476,CARD0210,Apple Pay,Linked
WAL0056,CUST0482,CARD0529,Google Pay,Active
WAL0057,CUST0675,CARD0832,Venmo,Linked
WAL0058,CUST0917,CARD0589,Google Pay,Linked
WAL0059,CUST0398,CARD0508,Apple Pay,Unlinked
WAL0060,CUST0536,CARD0330,Apple Pay,Linked
WAL0061,CUST0371,CARD0156,Apple Pay,Linked
WAL0062,CUST0489,CARD0923,PayPal,Active
WAL0063,CUST0974,CARD0651,Samsung Pay,Unlinked
WAL0064,CUST0431,CARD0864,Google Pay,Active
WAL0065,CUST0916,CARD0557,Google Pay,Active
WAL0066,CUST0941,CARD0482,Google Pay,Unlinked
WAL0067,CUST0771,CARD0136,Google Pay,Unlinked
WAL0068,CUST0033,CARD0034,PayPal,Linked
WAL0069,CUST0433,CARD0606,Google Pay,Unlinked
WAL0070,CUST0880,CARD0628,Google Pay,Active
WAL0071,CUST0710,CARD0554,PayPal,Active
WAL0072,CUST0214,CARD0446,PayPal,Active
WAL0073,CUST0810,CARD0660,PayPal,Unlinked
WAL0074,CUST0258,CARD0336,PayPal,Unlinked
WAL0075,CUST0619,CARD0853,Google Pay,Unlinked
WAL0076,CUST0300,CARD0688,Google Pay,Linked
WAL0077,CUST0185,CARD0393,Apple Pay,Active
WAL0078,CUST0639,CARD0305,PayPal,Active
WAL0079,CUST0999,CARD0164,Venmo,Linked
WAL0080,CUST0047,CARD0761,Apple Pay,Active
WAL0081,CUST0839,CARD0805,PayPal,Unlinked
WAL0082,CUST0285,CARD0684,PayPal,Active
WAL0083,CUST0902,CARD0963,Samsung Pay,Linked
WAL0084,CUST0439,CARD0715,PayPal,Active
WAL0085,CUST0829,CARD0139,Apple Pay,Active
WAL0086,CUST0072,CARD0304,PayPal,Linked
WAL0087,CUST0485,CARD0931,Apple Pay,Active
WAL0088,CUST0336,CARD0012,Google Pay,Linked
WAL0089,CUST0879,CARD0338,Venmo,Linked
WAL0090,CUST0349,CARD0636,Samsung Pay,Unlinked
WAL0091,CUST0103,CARD0993,Apple Pay,Linked
WAL0092,CUST0524,CARD0727,Google Pay,Active
WAL0093,CUST0564,CARD0665,PayPal,Unlinked
WAL0094,CUST0452,CARD0155,Apple Pay,Active
WAL0095,CUST0021,CARD0057,Samsung Pay,Active
WAL0096,CUST0089,CARD0532,Venmo,Linked
WAL0097,CUST0856,CARD0188,Samsung Pay,Unlinked
WAL0098,CUST0867,CARD0240,Google Pay,Active
WAL0099,CUST0507,CARD0345,Venmo,Unlinked
WAL0100,CUST0635,CARD0852,Venmo,Linked
WAL0101,CUST0631,CARD0238,Samsung Pay,Active
WAL0102,CUST0579,CARD0032,Google Pay,Active
WAL0103,CUST0194,CARD0584,Samsung Pay,Unlinked
WAL0104,CUST0177,CARD0955,Apple Pay,Unlinked
WAL0105,CUST0307,CARD0497,Apple Pay,Linked
WAL0106,CUST0715,CARD0437,PayPal,Unlinked
WAL0107,CUST0188,CARD0439,Samsung Pay,Unlinked
WAL0108,CUST0043,CARD0624,Apple Pay,Linked
WAL0109,CUST0904,CARD0966,Google Pay,Linked
WAL0110,CUST0173,CARD0820,PayPal,Linked
WAL0111,CUST0294,CARD0105,Samsung Pay,Active
WAL0112,CUST0574,CARD0638,Apple Pay,Linked
WAL0113,CUST0225,CARD0966,PayPal,Linked
WAL0114,CUST0456,CARD0268,PayPal,Active
WAL0115,CUST0316,CARD0573,Samsung Pay,Linked
WAL0116,CUST0274,CARD0928,Venmo,Unlinked
WAL0117,CUST0791,CARD0636,Google Pay,Unlinked
WAL0118,CUST0274,CARD0411,PayPal,Unlinked
WAL0119,CUST0080,CARD0129,PayPal,Active
WAL0120,CUST0788,CARD0938,PayPal,Active
WAL0121,CUST0509,CARD0961,Google Pay,Linked
WAL0122,CUST0173,CARD0583,Samsung Pay,Unlinked
WAL0123,CUST0225,CARD0963,Venmo,Unlinked
WAL0124,CUST0276,CARD0848,Apple Pay,Active
WAL0125,CUST0354,CARD0796,PayPal,Active
WAL0126,CUST0439,CARD0559,Google Pay,Unlinked
WAL0127,CUST0800,CARD0944,Apple Pay,Active
WAL0128,CUST0344,CARD0997,Apple Pay,Linked
WAL0129,CUST0816,CARD0837,Google Pay,Linked
WAL0130,CUST0202,CARD0035,PayPal,Active
WAL0131,CUST0514,CARD0665,Google Pay,Unlinked
WAL0132,CUST0844,CARD0878,Venmo,Unlinked
WAL0133,CUST0399,CARD0379,Samsung Pay,Active
WAL0134,CUST0587,CARD0412,PayPal,Active
WAL0135,CUST0262,CARD0547,Samsung Pay,Linked
WAL0136,CUST0460,CARD0135,PayPal,Active
WAL0137,CUST0584,CARD0901,Apple Pay,Active
WAL0138,CUST0780,CARD0005,Samsung Pay,Active
WAL0139,CUST0012,CARD0088,Venmo,Active
WAL0140,CUST0170,CARD0486,PayPal,Active
WAL0141,CUST0368,CARD0675,Samsung Pay,Active
WAL0142,CUST0896,CARD0374,Samsung Pay,Unlinked
WAL0143,CUST0301,CARD0252,Venmo,Linked
WAL0144,CUST0792,CARD0644,PayPal,Linked
WAL0145,CUST0549,CARD0958,Venmo,Unlinked
WAL0146,CUST0379,CARD0003,Google Pay,Unlinked
WAL0147,CUST0764,CARD0460,Apple Pay,Linked
WAL0148,CUST0231,CARD0631,Venmo,Unlinked
WAL0149,CUST0388,CARD0419,Google Pay,Active
WAL0150,CUST0863,CARD0419,Venmo,Unlinked
WAL0151,CUST0780,CARD0103,Venmo,Linked
WAL0152,CUST0141,CARD0959,PayPal,Active
WAL0153,CUST0429,CARD0539,Venmo,Active
WAL0154,CUST0573,CARD0441,Venmo,Linked
WAL0155,CUST0582,CARD0586,Samsung Pay,Unlinked
WAL0156,CUST0043,CARD0342,Venmo,Active
WAL0157,CUST0288,CARD0492,Apple Pay,Active
WAL0158,CUST0705,CARD0157,Samsung Pay,Linked
WAL0159,CUST0479,CARD0776,Venmo,Active
WAL0160,CUST0178,CARD0783,Venmo,Active
WAL0161,CUST0203,CARD0668,PayPal,Linked
WAL0162,CUST0529,CARD0938,Apple Pay,Linked
WAL0163,CUST0445,CARD0751,Venmo,Linked
WAL0164,CUST0752,CARD0658,Venmo,Active
WAL0165,CUST0724,CARD0987,Samsung Pay,Active
WAL0166,CUST0273,CARD0790,Samsung Pay,Linked
WAL0167,CUST0065,CARD0298,Apple Pay,Active
WAL0168,CUST0669,CARD0870,Samsung Pay,Linked
WAL0169,CUST0013,CARD0867,Venmo,Linked
WAL0170,CUST0981,CARD0007,Google Pay,Unlinked
WAL0171,CUST0004,CARD0318,Google Pay,Unlinked
WAL0172,CUST0610,CARD0254,PayPal,Unlinked
WAL0173,CUST0348,CARD0815,PayPal,Active
WAL0174,CUST0233,CARD0962,Samsung Pay,Active
WAL0175,CUST0513,CARD0315,Google Pay,Active
WAL0176,CUST0896,CARD0503,Google Pay,Linked
WAL0177,CUST0346,CARD0264,Google Pay,Linked
WAL0178,CUST0641,CARD0124,Google Pay,Active
WAL0179,CUST0907,CARD0728,Venmo,Active
WAL0180,CUST0321,CARD0168,Samsung Pay,Unlinked
WAL0181,CUST0494,CARD0326,PayPal,Unlinked
WAL0182,CUST0760,CARD0231,Apple Pay,Active
WAL0183,CUST0967,CARD0988,Google Pay,Active
WAL0184,CUST0275,CARD0075,Apple Pay,Active
WAL0185,CUST0179,CARD0673,Google Pay,Active
WAL0186,CUST0094,CARD0199,Venmo,Linked
WAL0187,CUST0401,CARD0494,Venmo,Active
WAL0188,CUST0744,CARD0677,Venmo,Active
WAL0189,CUST0286,CARD0634,Apple Pay,Linked
WAL0190,CUST0241,CARD0324,Apple Pay,Active
WAL0191,CUST0329,CARD0871,Samsung Pay,Unlinked
WAL0192,CUST0799,CARD0415,Venmo,Active
WAL0193,CUST0605,CARD0100,Samsung Pay,Active
WAL0194,CUST0618,CARD0014,Venmo,Unlinked
WAL0195,CUST0017,CARD0054,Samsung Pay,Active
WAL0196,CUST0856,CARD0509,Google Pay,Active
WAL0197,CUST0818,CARD0502,Samsung Pay,Linked
WAL0198,CUST0034,CARD0508,Apple Pay,Linked
WAL0199,CUST0596,CARD0202,Apple Pay,Active
WAL0200,CUST0800,CARD0658,Apple Pay,Unlinked
WAL0201,CUST0226,CARD0174,Google Pay,Active
WAL0202,CUST0489,CARD0076,PayPal,Active
WAL0203,CUST0547,CARD0509,PayPal,Unlinked
WAL0204,CUST0080,CARD0994,Google Pay,Unlinked
WAL0205,CUST0269,CARD0359,Google Pay,Unlinked
WAL0206,CUST0689,CARD0064,Google Pay,Active
WAL0207,CUST0438,CARD0232,Venmo,Active
WAL0208,CUST0052,CARD0430,Venmo,Active
WAL0209,CUST0313,CARD0089,Samsung Pay,Active
WAL0210,CUST0501,CARD0776,PayPal,Linked
WAL0211,CUST0867,CARD0590,Samsung Pay,Unlinked
WAL0212,CUST0664,CARD0781,Google Pay,Linked
WAL0213,CUST0651,CARD0680,Google Pay,Active
WAL0214,CUST0421,CARD0184,Samsung Pay,Active
WAL0215,CUST0755,CARD0990,PayPal,Unlinked
WAL0216,CUST0097,CARD0047,PayPal,Active
WAL0217,CUST0301,CARD0151,Venmo,Active
WAL0218,CUST0228,CARD0712,PayPal,Active
WAL0219,CUST0467,CARD0342,Apple Pay,Unlinked
WAL0220,CUST0518,CARD0854,Venmo,Active
WAL0221,CUST0980,CARD0637,Venmo,Linked
WAL0222,CUST0929,CARD0763,Venmo,Active
WAL0223,CUST0536,CARD0856,Google Pay,Unlinked
WAL0224,CUST0269,CARD0598,Google Pay,Linked
WAL0225,CUST0283,CARD0612,Google Pay,Active
WAL0226,CUST0218,CARD0740,PayPal,Active
WAL0227,CUST0469,CARD0073,Venmo,Active
WAL0228,CUST0053,CARD0605,Venmo,Active
WAL0229,CUST0406,CARD0204,PayPal,Unlinked
WAL0230,CUST0746,CARD0529,Apple Pay,Unlinked
WAL0231,CUST0385,CARD0496,Samsung Pay,Linked
WAL0232,CUST0085,CARD0199,Venmo,Linked
WAL0233,CUST0556,CARD0216,Samsung Pay,Linked
WAL0234,CUST0771,CARD0471,Apple Pay,Unlinked
WAL0235,CUST0463,CARD0042,PayPal,Linked
WAL0236,CUST0864,CARD0195,Venmo,Linked
WAL0237,CUST0668,CARD0306,Apple Pay,Active
WAL0238,CUST0987,CARD0750,PayPal,Active
WAL0239,CUST0877,CARD0189,Apple Pay,Linked
WAL0240,CUST0360,CARD0830,Google Pay,Active
WAL0241,CUST0900,CARD0301,Samsung Pay,Unlinked
WAL0242,CUST0426,CARD0873,Venmo,Linked
WAL0243,CUST0263,CARD0318,Samsung Pay,Linked
WAL0244,CUST0918,CARD0282,PayPal,Linked
WAL0245,CUST0425,CARD0867,Samsung Pay,Unlinked
WAL0246,CUST0870,CARD0460,PayPal,Linked
WAL0247,CUST0479,CARD0294,Venmo,Linked
WAL0248,CUST0135,CARD0564,Venmo,Active
WAL0249,CUST0696,CARD0624,Venmo,Active
WAL0250,CUST0898,CARD0001,Samsung Pay,Linked
WAL0251,CUST0398,CARD0799,PayPal,Unlinked
WAL0252,CUST0774,CARD0278,Apple Pay,Unlinked
WAL0253,CUST0240,CARD0506,Samsung Pay,Linked
WAL0254,CUST0414,CARD0442,Venmo,Linked
WAL0255,CUST0567,CARD0027,PayPal,Active
WAL0256,CUST0947,CARD0455,PayPal,Linked
WAL0257,CUST0829,CARD0768,Venmo,Active
WAL0258,CUST0923,CARD0982,Samsung Pay,Unlinked
WAL0259,CUST0988,CARD0548,Venmo,Active
WAL0260,CUST0801,CARD0426,PayPal,Unlinked
WAL0261,CUST0069,CARD0887,Google Pay,Unlinked
WAL0262,CUST0377,CARD0132,Venmo,Linked
WAL0263,CUST0675,CARD0794,Google Pay,Active
WAL0264,CUST0305,CARD0231,Apple Pay,Linked
WAL0265,CUST0904,CARD0323,Venmo,Linked
WAL0266,CUST0711,CARD0068,PayPal,Unlinked
WAL0267,CUST0090,CARD0946,Google Pay,Unlinked
WAL0268,CUST0532,CARD0992,Google Pay,Linked
WAL0269,CUST0382,CARD0907,PayPal,Unlinked
WAL0270,CUST0837,CARD0006,Apple Pay,Active
WAL0271,CUST0530,CARD0709,Apple Pay,Linked
WAL0272,CUST0765,CARD0858,Venmo,Unlinked
WAL0273,CUST0624,CARD0482,Apple Pay,Unlinked
WAL0274,CUST0585,CARD0424,Venmo,Unlinked
WAL0275,CUST0035,CARD0330,Google Pay,Unlinked
WAL0276,CUST0961,CARD0079,PayPal,Unlinked
WAL0277,CUST0062,CARD0797,Apple Pay,Linked
WAL0278,CUST0153,CARD0776,PayPal,Active
WAL0279,CUST0464,CARD0623,PayPal,Unlinked
WAL0280,CUST0487,CARD0074,Google Pay,Linked
WAL0281,CUST0947,CARD0806,Apple Pay,Active
WAL0282,CUST0713,CARD0483,Apple Pay,Linked
WAL0283,CUST0171,CARD0645,PayPal,Linked
WAL0284,CUST0591,CARD0035,Samsung Pay,Active
WAL0285,CUST0864,CARD0941,Samsung Pay,Linked
WAL0286,CUST0113,CARD0705,Samsung Pay,Unlinked
WAL0287,CUST0012,CARD0571,PayPal,Active
WAL0288,CUST0796,CARD0874,Venmo,Linked
WAL0289,CUST0530,CARD0800,PayPal,Linked
WAL0290,CUST0316,CARD0999,Samsung Pay,Linked
WAL0291,CUST0343,CARD0366,Samsung Pay,Linked
WAL0292,CUST0042,CARD0092,PayPal,Unlinked
WAL0293,CUST0715,CARD0495,Venmo,Active
WAL0294,CUST0466,CARD0712,PayPal,Linked
WAL0295,CUST0666,CARD0245,Samsung Pay,Linked
WAL0296,CUST0862,CARD0985,Samsung Pay,Linked
WAL0297,CUST0858,CARD0674,Samsung Pay,Active
WAL0298,CUST0576,CARD0171,PayPal,Linked
WAL0299,CUST0395,CARD0885,Samsung Pay,Active
WAL0300,CUST0021,CARD0552,Apple Pay,Unlinked
WAL0301,CUST0298,CARD0608,Google Pay,Unlinked
WAL0302,CUST1000,CARD0356,Samsung Pay,Active
WAL0303,CUST0242,CARD0081,PayPal,Unlinked
WAL0304,CUST0373,CARD0275,PayPal,Linked
WAL0305,CUST0422,CARD0361,Samsung Pay,Linked
WAL0306,CUST0771,CARD0393,Apple Pay,Linked
WAL0307,CUST0904,CARD0198,Apple Pay,Active
WAL0308,CUST0439,CARD0995,Apple Pay,Linked
WAL0309,CUST0035,CARD0262,PayPal,Linked
WAL0310,CUST0346,CARD0038,Venmo,Linked
WAL0311,CUST0922,CARD0620,PayPal,Active
WAL0312,CUST0038,CARD0834,Samsung Pay,Active
WAL0313,CUST0234,CARD0076,Venmo,Linked
WAL0314,CUST0723,CARD0572,PayPal,Unlinked
WAL0315,CUST0254,CARD0814,Venmo,Unlinked
WAL0316,CUST0455,CARD0363,Google Pay,Linked
WAL0317,CUST0274,CARD0522,Samsung Pay,Active
WAL0318,CUST0937,CARD0002,Apple Pay,Linked
WAL0319,CUST0436,CARD0353,Samsung Pay,Linked
WAL0320,CUST0607,CARD0355,Apple Pay,Linked
WAL0321,CUST0522,CARD0558,PayPal,Linked
WAL0322,CUST0252,CARD0760,PayPal,Linked
WAL0323,CUST0217,CARD0081,Samsung Pay,Unlinked
WAL0324,CUST0028,CARD0747,Samsung Pay,Linked
WAL0325,CUST0406,CARD0755,Samsung Pay,Unlinked
WAL0326,CUST0495,CARD0828,Apple Pay,Active
WAL0327,CUST0661,CARD0098,Google Pay,Linked
WAL0328,CUST0451,CARD0329,Google Pay,Active
WAL0329,CUST0682,CARD0917,Samsung Pay,Unlinked
WAL0330,CUST0217,CARD0856,Samsung Pay,Unlinked
WAL0331,CUST0023,CARD0463,Samsung Pay,Unlinked
WAL0332,CUST0838,CARD0267,Apple Pay,Unlinked
WAL0333,CUST0415,CARD0278,Venmo,Unlinked
WAL0334,CUST0483,CARD0736,Venmo,Linked
WAL0335,CUST0718,CARD0820,Venmo,Active
WAL0336,CUST0811,CARD0635,PayPal,Unlinked
WAL0337,CUST0909,CARD0402,Samsung Pay,Unlinked
WAL0338,CUST0927,CARD0686,Apple Pay,Unlinked
WAL0339,CUST0124,CARD0375,Google Pay,Linked
WAL0340,CUST0562,CARD0255,Google Pay,Unlinked
WAL0341,CUST0956,CARD0617,Google Pay,Active
WAL0342,CUST0139,CARD0683,Venmo,Active
WAL0343,CUST0188,CARD0120,PayPal,Linked
WAL0344,CUST0753,CARD0944,Venmo,Active
WAL0345,CUST0188,CARD0408,PayPal,Unlinked
WAL0346,CUST0431,CARD0049,Apple Pay,Linked
WAL0347,CUST0421,CARD0663,Venmo,Linked
WAL0348,CUST0910,CARD0504,Google Pay,Unlinked
WAL0349,CUST0879,CARD0841,Samsung Pay,Active
WAL0350,CUST0487,CARD0485,PayPal,Linked
WAL0351,CUST0934,CARD0003,Apple Pay,Active
WAL0352,CUST0589,CARD0052,Apple Pay,Linked
WAL0353,CUST0658,CARD0292,PayPal,Linked
WAL0354,CUST0288,CARD0012,Apple Pay,Active
WAL0355,CUST0795,CARD0602,Google Pay,Active
WAL0356,CUST0084,CARD0252,PayPal,Unlinked
WAL0357,CUST0630,CARD0914,Google Pay,Linked
WAL0358,CUST0017,CARD0849,Apple Pay,Unlinked
WAL0359,CUST0790,CARD0821,Venmo,Unlinked
WAL0360,CUST0525,CARD0013,Samsung Pay,Linked
WAL0361,CUST0463,CARD0735,Samsung Pay,Active
WAL0362,CUST0521,CARD0319,Google Pay,Unlinked
WAL0363,CUST0663,CARD0327,Google Pay,Unlinked
WAL0364,CUST0520,CARD0915,Venmo,Unlinked
WAL0365,CUST0442,CARD0320,PayPal,Active
WAL0366,CUST0337,CARD0121,Apple Pay,Linked
WAL0367,CUST0224,CARD0553,Google Pay,Linked
WAL0368,CUST0515,CARD0283,Apple Pay,Active
WAL0369,CUST0779,CARD0019,Samsung Pay,Unlinked
WAL0370,CUST0338,CARD0780,Apple Pay,Linked
WAL0371,CUST0693,CARD0255,Venmo,Linked
WAL0372,CUST0613,CARD0619,Venmo,Unlinked
WAL0373,CUST0828,CARD0946,Venmo,Linked
WAL0374,CUST0847,CARD0808,Google Pay,Unlinked
WAL0375,CUST0048,CARD0729,Apple Pay,Unlinked
WAL0376,CUST0397,CARD0560,Venmo,Linked
WAL0377,CUST0483,CARD0154,Samsung Pay,Active
WAL0378,CUST0770,CARD0183,Apple Pay,Unlinked
WAL0379,CUST0211,CARD0084,Google Pay,Unlinked
WAL0380,CUST0587,CARD0824,Samsung Pay,Active
WAL0381,CUST0425,CARD0553,Venmo,Linked
WAL0382,CUST0210,CARD0025,Apple Pay,Active
WAL0383,CUST0312,CARD0698,Venmo,Linked
WAL0384,CUST0697,CARD0215,PayPal,Unlinked
WAL0385,CUST0833,CARD0603,Apple Pay,Unlinked
WAL0386,CUST0174,CARD0392,Venmo,Active
WAL0387,CUST0714,CARD0404,PayPal,Linked
WAL0388,CUST0528,CARD0788,Venmo,Unlinked
WAL0389,CUST0711,CARD0165,PayPal,Linked
WAL0390,CUST0633,CARD0786,Venmo,Unlinked
WAL0391,CUST0890,CARD0963,PayPal,Unlinked
WAL0392,CUST0869,CARD0757,Google Pay,Active
WAL0393,CUST0516,CARD0749,Samsung Pay,Unlinked
WAL0394,CUST0775,CARD0041,Samsung Pay,Unlinked
WAL0395,CUST0494,CARD0245,Google Pay,Unlinked
WAL0396,CUST0410,CARD0527,Venmo,Unlinked
WAL0397,CUST0025,CARD0381,Samsung Pay,Active
WAL0398,CUST0760,CARD0938,Apple Pay,Linked
WAL0399,CUST0865,CARD0841,Google Pay,Active
WAL0400,CUST0323,CARD0558,Samsung Pay,Linked
WAL0401,CUST0818,CARD0568,PayPal,Active
WAL0402,CUST0653,CARD0409,Venmo,Unlinked
WAL0403,CUST0331,CARD0701,Samsung Pay,Unlinked
WAL0404,CUST0869,CARD0972,Venmo,Active
WAL0405,CUST0023,CARD0286,Apple Pay,Active
WAL0406,CUST0865,CARD0644,Samsung Pay,Linked
WAL0407,CUST0687,CARD0996,Samsung Pay,Unlinked
WAL0408,CUST0653,CARD0711,Apple Pay,Unlinked
WAL0409,CUST0310,CARD0762,PayPal,Active
WAL0410,CUST0585,CARD0022,Google Pay,Unlinked
WAL0411,CUST0142,CARD0676,Samsung Pay,Linked
WAL0412,CUST0143,CARD0456,PayPal,Active
WAL0413,CUST0849,CARD0547,PayPal,Active
WAL0414,CUST0121,CARD0554,Samsung Pay,Active
WAL0415,CUST0712,CARD0013,Venmo,Active
WAL0416,CUST0467,CARD0156,Apple Pay,Linked
WAL0417,CUST0061,CARD0402,Venmo,Active
WAL0418,CUST0269,CARD0330,Samsung Pay,Linked
WAL0419,CUST0664,CARD0162,PayPal,Active
WAL0420,CUST0878,CARD0623,Google Pay,Linked
WAL0421,CUST0575,CARD0715,Venmo,Active
WAL0422,CUST0433,CARD0347,Samsung Pay,Linked
WAL0423,CUST0784,CARD0093,Apple Pay,Unlinked
WAL0424,CUST0717,CARD0995,Samsung Pay,Active
WAL0425,CUST0784,CARD0923,Venmo,Active
WAL0426,CUST0080,CARD0392,Venmo,Active
WAL0427,CUST0559,CARD0290,Apple Pay,Linked
WAL0428,CUST0886,CARD0709,Google Pay,Unlinked
WAL0429,CUST0412,CARD0448,PayPal,Unlinked
WAL0430,CUST0700,CARD0727,Apple Pay,Linked
WAL0431,CUST0741,CARD0615,Google Pay,Linked
WAL0432,CUST0454,CARD0212,Venmo,Unlinked
WAL0433,CUST0031,CARD0888,Samsung Pay,Unlinked
WAL0434,CUST0417,CARD0209,Samsung Pay,Active
WAL0435,CUST0401,CARD0740,Google Pay,Unlinked
WAL0436,CUST0211,CARD0243,Apple Pay,Active
WAL0437,CUST0192,CARD0351,Google Pay,Linked
WAL0438,CUST0860,CARD0739,Apple Pay,Unlinked
WAL0439,CUST0063,CARD0428,Samsung Pay,Linked
WAL0440,CUST0781,CARD0136,Venmo,Unlinked
WAL0441,CUST0072,CARD0205,Venmo,Active
WAL0442,CUST0412,CARD0057,Google Pay,Active
WAL0443,CUST0782,CARD0955,Samsung Pay,Active
WAL0444,CUST0167,CARD0195,Venmo,Active
WAL0445,CUST0592,CARD0620,Samsung Pay,Linked
WAL0446,CUST0954,CARD0480,Venmo,Linked
WAL0447,CUST0986,CARD0308,Apple Pay,Active
WAL0448,CUST0693,CARD0270,PayPal,Unlinked
WAL0449,CUST0918,CARD0871,Google Pay,Linked
WAL0450,CUST0901,CARD0022,Samsung Pay,Linked
WAL0451,CUST0016,CARD0516,Google Pay,Linked
WAL0452,CUST0486,CARD0930,Apple Pay,Active
WAL0453,CUST0197,CARD0520,Google Pay,Linked
WAL0454,CUST0967,CARD0922,Apple Pay,Unlinked
WAL0455,CUST0830,CARD0055,Venmo,Linked
WAL0456,CUST0595,CARD0781,PayPal,Active
WAL0457,CUST0596,CARD0788,PayPal,Unlinked
WAL0458,CUST0182,CARD0861,PayPal,Unlinked
WAL0459,CUST0786,CARD0443,Samsung Pay,Unlinked
WAL0460,CUST0858,CARD0500,Venmo,Active
WAL0461,CUST0522,CARD0044,PayPal,Linked
WAL0462,CUST0860,CARD0518,PayPal,Unlinked
WAL0463,CUST0631,CARD0738,Samsung Pay,Linked
WAL0464,CUST0083,CARD0989,Venmo,Linked
WAL0465,CUST0690,CARD0620,Samsung Pay,Linked
WAL0466,CUST0581,CARD0572,Apple Pay,Active
WAL0467,CUST0836,CARD0495,Samsung Pay,Active
WAL0468,CUST0550,CARD0993,Apple Pay,Unlinked
WAL0469,CUST0953,CARD0044,Venmo,Active
WAL0470,CUST0164,CARD0611,PayPal,Linked
WAL0471,CUST0503,CARD0173,Samsung Pay,Active
WAL0472,CUST0123,CARD0043,Venmo,Unlinked
WAL0473,CUST0576,CARD0696,Google Pay,Unlinked
WAL0474,CUST0158,CARD0733,Google Pay,Unlinked
WAL0475,CUST0429,CARD0121,Apple Pay,Unlinked
WAL0476,CUST0720,CARD0614,Venmo,Linked
WAL0477,CUST0331,CARD0717,Venmo,Active
WAL0478,CUST0989,CARD0630,Google Pay,Active
WAL0479,CUST0905,CARD0095,Venmo,Linked
WAL0480,CUST0788,CARD0554,Samsung Pay,Unlinked
WAL0481,CUST0209,CARD0860,Venmo,Linked
WAL0482,CUST0792,CARD0741,PayPal,Unlinked
WAL0483,CUST0824,CARD0843,Venmo,Unlinked
WAL0484,CUST0239,CARD0710,Samsung Pay,Active
WAL0485,CUST0475,CARD0645,Apple Pay,Unlinked
WAL0486,CUST0093,CARD0907,Venmo,Active
WAL0487,CUST0469,CARD0289,PayPal,Active
WAL0488,CUST0756,CARD0887,Google Pay,Unlinked
WAL0489,CUST0937,CARD0228,Google Pay,Linked
WAL0490,CUST0945,CARD0081,Google Pay,Unlinked
WAL0491,CUST0007,CARD0095,Google Pay,Linked
WAL0492,CUST0547,CARD0205,PayPal,Unlinked
WAL0493,CUST0434,CARD0698,Apple Pay,Linked
WAL0494,CUST0843,CARD0877,Samsung Pay,Unlinked
WAL0495,CUST0851,CARD0933,Venmo,Linked
WAL0496,CUST0316,CARD0149,PayPal,Active
WAL0497,CUST0626,CARD0831,Venmo,Unlinked
WAL0498,CUST0269,CARD0400,Samsung Pay,Linked
WAL0499,CUST0176,CARD0388,Google Pay,Linked
WAL0500,CUST0415,CARD0103,PayPal,Unlinked
WAL0501,CUST0602,CARD0099,PayPal,Active
WAL0502,CUST0299,CARD0344,PayPal,Linked
WAL0503,CUST0162,CARD0551,Samsung Pay,Unlinked
WAL0504,CUST0031,CARD0283,Venmo,Unlinked
WAL0505,CUST0212,CARD0567,Google Pay,Active
WAL0506,CUST0736,CARD0347,Apple Pay,Active
WAL0507,CUST0713,CARD0575,PayPal,Linked
WAL0508,CUST0606,CARD0049,Google Pay,Active
WAL0509,CUST0549,CARD0352,Apple Pay,Unlinked
WAL0510,CUST0704,CARD0167,PayPal,Active
WAL0511,CUST0977,CARD0820,PayPal,Active
WAL0512,CUST0681,CARD0409,Google Pay,Active
WAL0513,CUST0241,CARD0247,Venmo,Linked
WAL0514,CUST0996,CARD0191,Google Pay,Active
WAL0515,CUST0906,CARD0674,Apple Pay,Active
WAL0516,CUST0090,CARD0123,Samsung Pay,Linked
WAL0517,CUST0691,CARD0115,Apple Pay,Unlinked
WAL0518,CUST0790,CARD0609,Venmo,Active
WAL0519,CUST0244,CARD0672,Apple Pay,Active
WAL0520,CUST0981,CARD0413,PayPal,Linked
WAL0521,CUST0335,CARD0034,Venmo,Unlinked
WAL0522,CUST0310,CARD0303,Venmo,Active
WAL0523,CUST0704,CARD0466,Google Pay,Unlinked
WAL0524,CUST0656,CARD0818,Samsung Pay,Unlinked
WAL0525,CUST0616,CARD0701,Google Pay,Linked
WAL0526,CUST0709,CARD0689,PayPal,Unlinked
WAL0527,CUST0020,CARD0163,Samsung Pay,Unlinked
WAL0528,CUST0116,CARD0151,Samsung Pay,Active
WAL0529,CUST0290,CARD0019,Venmo,Active
WAL0530,CUST0368,CARD0322,Samsung Pay,Active
WAL0531,CUST0794,CARD0232,PayPal,Active
WAL0532,CUST0580,CARD0616,Venmo,Active
WAL0533,CUST0626,CARD0927,Venmo,Linked
WAL0534,CUST0429,CARD0482,Venmo,Linked
WAL0535,CUST0461,CARD0695,Apple Pay,Active
WAL0536,CUST0028,CARD0008,PayPal,Linked
WAL0537,CUST0390,CARD0488,Google Pay,Unlinked
WAL0538,CUST0614,CARD0489,Google Pay,Linked
WAL0539,CUST0184,CARD0975,Google Pay,Linked
WAL0540,CUST0066,CARD0280,PayPal,Unlinked
WAL0541,CUST0632,CARD0373,Google Pay,Active
WAL0542,CUST0349,CARD0729,Google Pay,Unlinked
WAL0543,CUST0840,CARD0286,PayPal,Linked
WAL0544,CUST0552,CARD0304,Apple Pay,Unlinked
WAL0545,CUST0450,CARD0492,PayPal,Active
WAL0546,CUST0195,CARD0744,Venmo,Linked
WAL0547,CUST0003,CARD0715,Venmo,Active
WAL0548,CUST0377,CARD0982,Venmo,Unlinked
WAL0549,CUST0265,CARD0809,Apple Pay,Unlinked
WAL0550,CUST0622,CARD0059,Google Pay,Unlinked
WAL0551,CUST0544,CARD0885,Google Pay,Linked
WAL0552,CUST0167,CARD0545,Google Pay,Active
WAL0553,CUST0982,CARD0696,PayPal,Unlinked
WAL0554,CUST0279,CARD0914,Venmo,Active
WAL0555,CUST0238,CARD0696,Apple Pay,Active
WAL0556,CUST0575,CARD0792,Apple Pay,Linked
WAL0557,CUST0935,CARD0141,PayPal,Linked
WAL0558,CUST0525,CARD0941,Samsung Pay,Unlinked
WAL0559,CUST0761,CARD0656,Samsung Pay,Active
WAL0560,CUST0795,CARD0917,Venmo,Active
WAL0561,CUST0285,CARD0202,PayPal,Active
WAL0562,CUST0675,CARD0082,Apple Pay,Linked
WAL0563,CUST0806,CARD0455,Venmo,Unlinked
WAL0564,CUST0252,CARD0769,Samsung Pay,Active
WAL0565,CUST0832,CARD0066,PayPal,Active
WAL0566,CUST0056,CARD0297,PayPal,Linked
WAL0567,CUST0715,CARD0400,Venmo,Active
WAL0568,CUST0151,CARD0764,Samsung Pay,Linked
WAL0569,CUST0802,CARD0076,Samsung Pay,Unlinked
WAL0570,CUST0893,CARD0843,Apple Pay,Unlinked
WAL0571,CUST0711,CARD0633,PayPal,Unlinked
WAL0572,CUST0695,CARD0587,PayPal,Unlinked
WAL0573,CUST0842,CARD0348,PayPal,Unlinked
WAL0574,CUST0759,CARD0747,Samsung Pay,Unlinked
WAL0575,CUST0078,CARD0250,Samsung Pay,Active
WAL0576,CUST0478,CARD0591,Google Pay,Active
WAL0577,CUST0743,CARD0279,Venmo,Active
WAL0578,CUST0552,CARD0432,Venmo,Linked
WAL0579,CUST0115,CARD0898,Apple Pay,Unlinked
WAL0580,CUST0425,CARD0812,Venmo,Active
WAL0581,CUST0483,CARD0498,Venmo,Active
WAL0582,CUST0515,CARD0824,Venmo,Active
WAL0583,CUST0881,CARD0397,Apple Pay,Unlinked
WAL0584,CUST0950,CARD0418,PayPal,Unlinked
WAL0585,CUST0006,CARD0136,Google Pay,Linked
WAL0586,CUST0396,CARD0894,PayPal,Linked
WAL0587,CUST0650,CARD0418,Venmo,Active
WAL0588,CUST0386,CARD0185,Apple Pay,Linked
WAL0589,CUST0977,CARD0255,Samsung Pay,Unlinked
WAL0590,CUST0657,CARD0335,Venmo,Active
WAL0591,CUST0278,CARD0720,Apple Pay,Unlinked
WAL0592,CUST0680,CARD0778,Samsung Pay,Active
WAL0593,CUST0228,CARD0591,PayPal,Unlinked
WAL0594,CUST0695,CARD0385,Venmo,Unlinked
WAL0595,CUST0117,CARD0945,Apple Pay,Active
WAL0596,CUST0352,CARD0003,Venmo,Active
WAL0597,CUST0905,CARD0373,Venmo,Linked
WAL0598,CUST0661,CARD0238,Samsung Pay,Active
WAL0599,CUST0541,CARD1000,Samsung Pay,Active
WAL0600,CUST0594,CARD0014,Venmo,Active
WAL0601,CUST0885,CARD0142,Venmo,Linked
WAL0602,CUST0774,CARD0768,PayPal,Unlinked
WAL0603,CUST0777,CARD0394,Google Pay,Unlinked
WAL0604,CUST0925,CARD0076,PayPal,Linked
WAL0605,CUST0944,CARD0758,Venmo,Linked
WAL0606,CUST0054,CARD0548,Google Pay,Unlinked
WAL0607,CUST0106,CARD0309,Venmo,Linked
WAL0608,CUST0389,CARD0017,Samsung Pay,Active
WAL0609,CUST0667,CARD0133,Venmo,Active
WAL0610,CUST0872,CARD0383,Venmo,Active
WAL0611,CUST0259,CARD0498,PayPal,Linked
WAL0612,CUST0904,CARD0833,PayPal,Active
WAL0613,CUST0791,CARD0569,Google Pay,Active
WAL0614,CUST0595,CARD0929,Venmo,Linked
WAL0615,CUST0944,CARD0460,Apple Pay,Active
WAL0616,CUST0741,CARD0007,Google Pay,Unlinked
WAL0617,CUST0674,CARD0222,Apple Pay,Linked
WAL0618,CUST0146,CARD0929,PayPal,Unlinked
WAL0619,CUST0923,CARD0398,PayPal,Unlinked
WAL0620,CUST0871,CARD0530,Apple Pay,Active
WAL0621,CUST0670,CARD0411,Google Pay,Linked
WAL0622,CUST0524,CARD0050,Google Pay,Unlinked
WAL0623,CUST0096,CARD0339,Venmo,Active
WAL0624,CUST0337,CARD0951,PayPal,Active
WAL0625,CUST0002,CARD0833,Apple Pay,Unlinked
WAL0626,CUST0205,CARD0054,Google Pay,Linked
WAL0627,CUST0963,CARD0403,Apple Pay,Active
WAL0628,CUST0460,CARD0243,Venmo,Active
WAL0629,CUST0794,CARD0043,Apple Pay,Linked
WAL0630,CUST0048,CARD0406,Samsung Pay,Linked
WAL0631,CUST0118,CARD0406,Apple Pay,Active
WAL0632,CUST0488,CARD0245,Venmo,Unlinked
WAL0633,CUST0056,CARD0445,Venmo,Active
WAL0634,CUST0960,CARD0850,Apple Pay,Linked
WAL0635,CUST0614,CARD0009,Google Pay,Active
WAL0636,CUST0160,CARD0380,Venmo,Active
WAL0637,CUST0423,CARD0046,Venmo,Active
WAL0638,CUST0646,CARD0133,Venmo,Unlinked
WAL0639,CUST0306,CARD0749,PayPal,Active
WAL0640,CUST0044,CARD0544,Apple Pay,Unlinked
WAL0641,CUST0457,CARD0909,Venmo,Unlinked
WAL0642,CUST0901,CARD0657,Google Pay,Linked
WAL0643,CUST0050,CARD0090,Apple Pay,Active
WAL0644,CUST0209,CARD0663,PayPal,Active
WAL0645,CUST0032,CARD0649,Apple Pay,Linked
WAL0646,CUST0526,CARD0440,PayPal,Linked
WAL0647,CUST0645,CARD0273,PayPal,Unlinked
WAL0648,CUST0553,CARD0858,Venmo,Active
WAL0649,CUST0033,CARD0009,Apple Pay,Active
WAL0650,CUST0531,CARD0639,Apple Pay,Unlinked
WAL0651,CUST0656,CARD0559,Apple Pay,Unlinked
WAL0652,CUST0920,CARD0602,PayPal,Unlinked
WAL0653,CUST0887,CARD0124,Venmo,Active
WAL0654,CUST0985,CARD0012,Google Pay,Linked
WAL0655,CUST0880,CARD0881,Google Pay,Active
WAL0656,CUST0068,CARD0222,PayPal,Active
WAL0657,CUST0466,CARD0601,Google Pay,Active
WAL0658,CUST0164,CARD0045,Venmo,Unlinked
WAL0659,CUST0412,CARD0607,Venmo,Linked
WAL0660,CUST0154,CARD0122,Google Pay,Unlinked
WAL0661,CUST0542,CARD0169,PayPal,Linked
WAL0662,CUST0170,CARD0061,Venmo,Linked
WAL0663,CUST0616,CARD0825,Venmo,Active
WAL0664,CUST0969,CARD0759,Google Pay,Linked
WAL0665,CUST0425,CARD0243,Google Pay,Unlinked
WAL0666,CUST0564,CARD0655,Samsung Pay,Active
WAL0667,CUST0179,CARD0030,Venmo,Unlinked
WAL0668,CUST0667,CARD0147,PayPal,Active
WAL0669,CUST0892,CARD0374,Samsung Pay,Linked
WAL0670,CUST0789,CARD0139,Venmo,Linked
WAL0671,CUST0304,CARD0024,PayPal,Unlinked
WAL0672,CUST0853,CARD0623,Apple Pay,Linked
WAL0673,CUST0307,CARD0269,Google Pay,Linked
WAL0674,CUST0863,CARD0348,Samsung Pay,Linked
WAL0675,CUST0540,CARD0162,Apple Pay,Linked
WAL0676,CUST0335,CARD0706,PayPal,Linked
WAL0677,CUST0771,CARD0205,PayPal,Active
WAL0678,CUST0970,CARD0786,Samsung Pay,Unlinked
WAL0679,CUST0031,CARD0966,PayPal,Active
WAL0680,CUST0677,CARD0472,Venmo,Active
WAL0681,CUST0872,CARD0776,Venmo,Unlinked
WAL0682,CUST0020,CARD0380,PayPal,Active
WAL0683,CUST0469,CARD0583,Venmo,Active
WAL0684,CUST0151,CARD0479,Google Pay,Unlinked
WAL0685,CUST0529,CARD0713,Google Pay,Linked
WAL0686,CUST0520,CARD0612,Samsung Pay,Linked
WAL0687,CUST0676,CARD0376,Samsung Pay,Unlinked
WAL0688,CUST0594,CARD0237,PayPal,Active
WAL0689,CUST0990,CARD0879,Apple Pay,Unlinked
WAL0690,CUST0348,CARD0115,PayPal,Linked
WAL0691,CUST0975,CARD0589,PayPal,Active
WAL0692,CUST0579,CARD0665,Google Pay,Unlinked
WAL0693,CUST0189,CARD0845,Apple Pay,Linked
WAL0694,CUST0657,CARD0192,Google Pay,Active
WAL0695,CUST0663,CARD0993,Google Pay,Active
WAL0696,CUST0479,CARD0402,Apple Pay,Unlinked
WAL0697,CUST0647,CARD0043,Samsung Pay,Active
WAL0698,CUST0283,CARD0051,Samsung Pay,Active
WAL0699,CUST0091,CARD0639,Samsung Pay,Linked
WAL0700,CUST0078,CARD0734,Apple Pay,Linked
WAL0701,CUST0430,CARD0547,Samsung Pay,Active
WAL0702,CUST0553,CARD0441,PayPal,Active
WAL0703,CUST0003,CARD0045,Apple Pay,Unlinked
WAL0704,CUST0434,CARD0137,Samsung Pay,Active
WAL0705,CUST0960,CARD0884,Google Pay,Active
WAL0706,CUST0607,CARD0991,Apple Pay,Linked
WAL0707,CUST0702,CARD0475,Venmo,Active
WAL0708,CUST0116,CARD0358,PayPal,Linked
WAL0709,CUST0737,CARD0940,Venmo,Active
WAL0710,CUST0615,CARD0835,Venmo,Linked
WAL0711,CUST0906,CARD0971,Google Pay,Unlinked
WAL0712,CUST0916,CARD0505,Venmo,Unlinked
WAL0713,CUST0395,CARD0957,Samsung Pay,Linked
WAL0714,CUST0880,CARD0303,Samsung Pay,Unlinked
WAL0715,CUST0113,CARD0678,Samsung Pay,Active
WAL0716,CUST0176,CARD0330,Apple Pay,Linked
WAL0717,CUST0820,CARD0264,Samsung Pay,Active
WAL0718,CUST0484,CARD0831,Samsung Pay,Linked
WAL0719,CUST0416,CARD0280,Venmo,Unlinked
WAL0720,CUST0402,CARD0646,Venmo,Linked
WAL0721,CUST0136,CARD0605,Google Pay,Linked
WAL0722,CUST0016,CARD0975,Apple Pay,Linked
WAL0723,CUST0571,CARD0141,Apple Pay,Active
WAL0724,CUST0034,CARD0045,Samsung Pay,Linked
WAL0725,CUST0544,CARD0327,Apple Pay,Active
WAL0726,CUST0137,CARD0293,Samsung Pay,Unlinked
WAL0727,CUST0861,CARD0766,PayPal,Linked
WAL0728,CUST0018,CARD0571,Apple Pay,Unlinked
WAL0729,CUST0246,CARD0986,Apple Pay,Linked
WAL0730,CUST0640,CARD0620,Google Pay,Active
WAL0731,CUST0123,CARD0289,Google Pay,Active
WAL0732,CUST0468,CARD0711,Samsung Pay,Active
WAL0733,CUST0059,CARD0293,Apple Pay,Unlinked
WAL0734,CUST0651,CARD0948,Google Pay,Linked
WAL0735,CUST0776,CARD0338,PayPal,Linked
WAL0736,CUST0824,CARD0231,Venmo,Linked
WAL0737,CUST0180,CARD0527,PayPal,Unlinked
WAL0738,CUST0945,CARD0093,Apple Pay,Active
WAL0739,CUST0432,CARD0128,Samsung Pay,Unlinked
WAL0740,CUST0200,CARD0571,PayPal,Linked
WAL0741,CUST0689,CARD0017,Venmo,Unlinked
WAL0742,CUST0923,CARD0646,Venmo,Unlinked
WAL0743,CUST0904,CARD0575,Apple Pay,Unlinked
WAL0744,CUST0271,CARD0124,Apple Pay,Unlinked
WAL0745,CUST0288,CARD0736,Venmo,Unlinked
WAL0746,CUST0276,CARD0562,PayPal,Linked
WAL0747,CUST0224,CARD0610,PayPal,Unlinked
WAL0748,CUST0334,CARD0399,Venmo,Unlinked
WAL0749,CUST0823,CARD0357,PayPal,Linked
WAL0750,CUST0610,CARD0645,Venmo,Linked
WAL0751,CUST0391,CARD0359,Apple Pay,Linked
WAL0752,CUST0646,CARD0543,Google Pay,Unlinked
WAL0753,CUST0667,CARD0217,Google Pay,Linked
WAL0754,CUST0189,CARD0291,Samsung Pay,Unlinked
WAL0755,CUST0658,CARD0908,Samsung Pay,Unlinked
WAL0756,CUST0260,CARD0860,Samsung Pay,Unlinked
WAL0757,CUST0343,CARD0866,PayPal,Active
WAL0758,CUST0535,CARD0290,Venmo,Active
WAL0759,CUST0697,CARD0781,Samsung Pay,Active
WAL0760,CUST0842,CARD0339,Samsung Pay,Linked
WAL0761,CUST0897,CARD0408,PayPal,Active
WAL0762,CUST0497,CARD0416,PayPal,Unlinked
WAL0763,CUST0922,CARD0161,Venmo,Unlinked
WAL0764,CUST0007,CARD0888,Samsung Pay,Unlinked
WAL0765,CUST0084,CARD0172,Apple Pay,Unlinked
WAL0766,CUST0183,CARD0612,Google Pay,Linked
WAL0767,CUST0012,CARD0814,PayPal,Linked
WAL0768,CUST0754,CARD0703,PayPal,Linked
WAL0769,CUST0765,CARD0380,Samsung Pay,Linked
WAL0770,CUST0303,CARD0153,Apple Pay,Unlinked
WAL0771,CUST0830,CARD0127,Apple Pay,Linked
WAL0772,CUST0678,CARD0506,PayPal,Active
WAL0773,CUST0953,CARD0632,Google Pay,Linked
WAL0774,CUST0674,CARD0507,Google Pay,Linked
WAL0775,CUST0147,CARD0054,Venmo,Unlinked
WAL0776,CUST0306,CARD0323,Samsung Pay,Linked
WAL0777,CUST0167,CARD0717,PayPal,Active
WAL0778,CUST0674,CARD0418,Google Pay,Active
WAL0779,CUST0898,CARD0390,PayPal,Linked
WAL0780,CUST0383,CARD0013,Venmo,Unlinked
WAL0781,CUST0221,CARD0241,Google Pay,Unlinked
WAL0782,CUST0418,CARD0993,Apple Pay,Active
WAL0783,CUST0611,CARD0832,Samsung Pay,Linked
WAL0784,CUST0020,CARD0419,Venmo,Active
WAL0785,CUST0600,CARD0106,PayPal,Linked
WAL0786,CUST0093,CARD0831,Samsung Pay,Linked
WAL0787,CUST0962,CARD0431,PayPal,Active
WAL0788,CUST0949,CARD0861,Google Pay,Unlinked
WAL0789,CUST0160,CARD0143,Venmo,Linked
WAL0790,CUST0980,CARD0318,Google Pay,Linked
WAL0791,CUST0229,CARD0555,PayPal,Linked
WAL0792,CUST0470,CARD0434,Google Pay,Active
WAL0793,CUST0373,CARD0032,Apple Pay,Linked
WAL0794,CUST0255,CARD0459,Venmo,Linked
WAL0795,CUST0010,CARD0011,PayPal,Active
WAL0796,CUST0188,CARD0304,Venmo,Linked
WAL0797,CUST0565,CARD0460,Google Pay,Active
WAL0798,CUST0932,CARD0885,Apple Pay,Unlinked
WAL0799,CUST0273,CARD0656,Google Pay,Active
WAL0800,CUST0584,CARD0158,Venmo,Active
WAL0801,CUST0463,CARD0776,Apple Pay,Linked
WAL0802,CUST0415,CARD0432,Samsung Pay,Unlinked
WAL0803,CUST0843,CARD0924,Venmo,Linked
WAL0804,CUST0836,CARD0944,Samsung Pay,Active
WAL0805,CUST0950,CARD0416,Samsung Pay,Active
WAL0806,CUST0722,CARD0017,Google Pay,Active
WAL0807,CUST0061,CARD0135,Google Pay,Linked
WAL0808,CUST0256,CARD0202,Google Pay,Unlinked
WAL0809,CUST0625,CARD0362,Google Pay,Unlinked
WAL0810,CUST0386,CARD0819,Samsung Pay,Linked
WAL0811,CUST0665,CARD0065,Apple Pay,Active
WAL0812,CUST0780,CARD0375,PayPal,Linked
WAL0813,CUST0460,CARD0517,Samsung Pay,Active
WAL0814,CUST0001,CARD0374,Apple Pay,Unlinked
WAL0815,CUST0136,CARD0028,Venmo,Unlinked
WAL0816,CUST0941,CARD0073,Samsung Pay,Linked
WAL0817,CUST0773,CARD0384,Samsung Pay,Active
WAL0818,CUST0301,CARD0978,Venmo,Active
WAL0819,CUST0249,CARD0204,Google Pay,Active
WAL0820,CUST0385,CARD0698,Venmo,Unlinked
WAL0821,CUST0326,CARD0005,PayPal,Linked
WAL0822,CUST0137,CARD0070,PayPal,Linked
WAL0823,CUST0865,CARD0452,Apple Pay,Unlinked
WAL0824,CUST0784,CARD0236,PayPal,Unlinked
WAL0825,CUST0913,CARD0696,Google Pay,Active
WAL0826,CUST0707,CARD0744,Samsung Pay,Unlinked
WAL0827,CUST0316,CARD0651,Samsung Pay,Linked
WAL0828,CUST0044,CARD0974,PayPal,Active
WAL0829,CUST0361,CARD0093,PayPal,Linked
WAL0830,CUST0364,CARD0434,Samsung Pay,Active
WAL0831,CUST0228,CARD0509,PayPal,Unlinked
WAL0832,CUST0716,CARD0829,Google Pay,Active
WAL0833,CUST0783,CARD0097,Apple Pay,Active
WAL0834,CUST0436,CARD0324,Samsung Pay,Linked
WAL0835,CUST0262,CARD0434,Venmo,Linked
WAL0836,CUST0514,CARD0056,Samsung Pay,Active
WAL0837,CUST0772,CARD0356,Venmo,Active
WAL0838,CUST0082,CARD0540,Samsung Pay,Unlinked
WAL0839,CUST0717,CARD0451,Apple Pay,Unlinked
WAL0840,CUST0546,CARD0586,PayPal,Active
WAL0841,CUST0835,CARD0064,Samsung Pay,Active
WAL0842,CUST0451,CARD0383,Venmo,Linked
WAL0843,CUST0809,CARD0133,Apple Pay,Unlinked
WAL0844,CUST0377,CARD0184,PayPal,Active
WAL0845,CUST0798,CARD0262,Apple Pay,Active
WAL0846,CUST0965,CARD0310,PayPal,Active
WAL0847,CUST0286,CARD0077,Apple Pay,Active
WAL0848,CUST0696,CARD0215,Samsung Pay,Unlinked
WAL0849,CUST0017,CARD0252,Apple Pay,Active
WAL0850,CUST0995,CARD0605,Google Pay,Active
WAL0851,CUST0249,CARD0335,Google Pay,Active
WAL0852,CUST0895,CARD0315,Apple Pay,Unlinked
WAL0853,CUST0410,CARD0453,Venmo,Active
WAL0854,CUST0847,CARD0581,Apple Pay,Linked
WAL0855,CUST0719,CARD0272,PayPal,Active
WAL0856,CUST0279,CARD0058,Venmo,Unlinked
WAL0857,CUST0861,CARD0727,Venmo,Linked
WAL0858,CUST0899,CARD0385,Apple Pay,Linked
WAL0859,CUST0921,CARD0992,Samsung Pay,Linked
WAL0860,CUST0523,CARD0271,Apple Pay,Active
WAL0861,CUST0560,CARD0750,Google Pay,Unlinked
WAL0862,CUST0151,CARD0764,Samsung Pay,Active
WAL0863,CUST0122,CARD0375,Samsung Pay,Linked
WAL0864,CUST0361,CARD0219,PayPal,Unlinked
WAL0865,CUST0896,CARD0100,PayPal,Unlinked
WAL0866,CUST0735,CARD0697,Apple Pay,Unlinked
WAL0867,CUST0584,CARD0832,Venmo,Linked
WAL0868,CUST0463,CARD0328,Samsung Pay,Active
WAL0869,CUST0511,CARD0712,Venmo,Active
WAL0870,CUST0255,CARD0962,Google Pay,Linked
WAL0871,CUST0531,CARD0940,PayPal,Active
WAL0872,CUST0379,CARD0479,PayPal,Active
WAL0873,CUST0284,CARD0598,Samsung Pay,Unlinked
WAL0874,CUST0962,CARD0056,Apple Pay,Unlinked
WAL0875,CUST0730,CARD0327,Google Pay,Linked
WAL0876,CUST0410,CARD0741,Venmo,Linked
WAL0877,CUST0421,CARD0472,Google Pay,Unlinked
WAL0878,CUST0156,CARD0127,Venmo,Active
WAL0879,CUST0203,CARD0587,PayPal,Active
WAL0880,CUST0984,CARD0956,Samsung Pay,Linked
WAL0881,CUST0131,CARD0753,Google Pay,Active
WAL0882,CUST0237,CARD0082,Google Pay,Unlinked
WAL0883,CUST0439,CARD0777,Apple Pay,Active
WAL0884,CUST0040,CARD0659,Google Pay,Active
WAL0885,CUST0391,CARD0955,PayPal,Linked
WAL0886,CUST0413,CARD0538,Samsung Pay,Unlinked
WAL0887,CUST0827,CARD0653,Apple Pay,Active
WAL0888,CUST0475,CARD0590,Venmo,Linked
WAL0889,CUST0619,CARD0545,Venmo,Active
WAL0890,CUST0795,CARD0408,PayPal,Linked
WAL0891,CUST0640,CARD0446,Google Pay,Linked
WAL0892,CUST0994,CARD0988,Apple Pay,Active
WAL0893,CUST0542,CARD0762,Venmo,Active
WAL0894,CUST0418,CARD0960,Google Pay,Unlinked
WAL0895,CUST0291,CARD0308,PayPal,Unlinked
WAL0896,CUST0600,CARD0868,PayPal,Unlinked
WAL0897,CUST0076,CARD0736,PayPal,Active
WAL0898,CUST0133,CARD0415,PayPal,Active
WAL0899,CUST0382,CARD0595,Apple Pay,Linked
WAL0900,CUST0596,CARD0220,Venmo,Linked
WAL0901,CUST0318,CARD0440,PayPal,Active
WAL0902,CUST0581,CARD0339,PayPal,Unlinked
WAL0903,CUST0837,CARD0398,PayPal,Unlinked
WAL0904,CUST0497,CARD0907,PayPal,Unlinked
WAL0905,CUST0992,CARD0127,Apple Pay,Linked
WAL0906,CUST0934,CARD0568,Apple Pay,Linked
WAL0907,CUST0876,CARD0241,Google Pay,Unlinked
WAL0908,CUST0909,CARD0200,Samsung Pay,Active
WAL0909,CUST0683,CARD0903,PayPal,Unlinked
WAL0910,CUST0927,CARD0331,Google Pay,Linked
WAL0911,CUST0179,CARD0731,Samsung Pay,Unlinked
WAL0912,CUST0139,CARD0622,Google Pay,Active
WAL0913,CUST0767,CARD0507,Apple Pay,Active
WAL0914,CUST0052,CARD0271,Google Pay,Active
WAL0915,CUST0975,CARD0643,Google Pay,Unlinked
WAL0916,CUST0263,CARD0687,Google Pay,Active
WAL0917,CUST0191,CARD0573,Google Pay,Active
WAL0918,CUST0620,CARD0472,Samsung Pay,Active
WAL0919,CUST0538,CARD0406,Venmo,Linked
WAL0920,CUST0397,CARD0561,Venmo,Active
WAL0921,CUST0189,CARD0978,Venmo,Unlinked
WAL0922,CUST0170,CARD0008,Apple Pay,Linked
WAL0923,CUST0985,CARD0384,Apple Pay,Unlinked
WAL0924,CUST0421,CARD0704,Google Pay,Linked
WAL0925,CUST0578,CARD0480,PayPal,Active
WAL0926,CUST0635,CARD0051,PayPal,Linked
WAL0927,CUST0132,CARD0791,Venmo,Active
WAL0928,CUST0012,CARD0191,Google Pay,Unlinked
WAL0929,CUST0394,CARD0994,PayPal,Linked
WAL0930,CUST0427,CARD0249,PayPal,Active
WAL0931,CUST0408,CARD0764,Samsung Pay,Unlinked
WAL0932,CUST0075,CARD0711,Venmo,Active
WAL0933,CUST0990,CARD0490,Apple Pay,Unlinked
WAL0934,CUST0465,CARD0868,Apple Pay,Linked
WAL0935,CUST0972,CARD0486,PayPal,Linked
WAL0936,CUST0954,CARD0821,PayPal,Linked
WAL0937,CUST0583,CARD0749,Venmo,Unlinked
WAL0938,CUST0598,CARD0091,Apple Pay,Linked
WAL0939,CUST0418,CARD0556,Samsung Pay,Linked
WAL0940,CUST0182,CARD0272,Google Pay,Linked
WAL0941,CUST0194,CARD0251,Samsung Pay,Unlinked
WAL0942,CUST0914,CARD0877,Samsung Pay,Unlinked
WAL0943,CUST0354,CARD0007,PayPal,Active
WAL0944,CUST0387,CARD0826,Apple Pay,Unlinked
WAL0945,CUST0625,CARD0658,Samsung Pay,Active
WAL0946,CUST0605,CARD0103,Samsung Pay,Active
WAL0947,CUST0931,CARD0578,Apple Pay,Active
WAL0948,CUST0912,CARD0191,Venmo,Unlinked
WAL0949,CUST0971,CARD0168,Google Pay,Unlinked
WAL0950,CUST0616,CARD0027,Google Pay,Unlinked
WAL0951,CUST0674,CARD0618,Google Pay,Unlinked
WAL0952,CUST0841,CARD0369,Samsung Pay,Unlinked
WAL0953,CUST0159,CARD0443,Apple Pay,Active
WAL0954,CUST0603,CARD0501,PayPal,Active
WAL0955,CUST0937,CARD0248,Samsung Pay,Linked
WAL0956,CUST0755,CARD0223,PayPal,Active
WAL0957,CUST0618,CARD0195,Samsung Pay,Linked
WAL0958,CUST0811,CARD0871,PayPal,Linked
WAL0959,CUST0975,CARD0837,Samsung Pay,Unlinked
WAL0960,CUST0752,CARD0148,Google Pay,Unlinked
WAL0961,CUST0562,CARD0707,PayPal,Unlinked
WAL0962,CUST0254,CARD0724,Apple Pay,Active
WAL0963,CUST0221,CARD0619,Apple Pay,Unlinked
WAL0964,CUST0329,CARD0716,Venmo,Active
WAL0965,CUST0770,CARD0491,PayPal,Linked
WAL0966,CUST0567,CARD0218,Google Pay,Unlinked
WAL0967,CUST0753,CARD0806,PayPal,Unlinked
WAL0968,CUST0489,CARD0699,Google Pay,Active
WAL0969,CUST0886,CARD0137,PayPal,Unlinked
WAL0970,CUST0996,CARD0216,Google Pay,Active
WAL0971,CUST0410,CARD0580,Apple Pay,Active
WAL0972,CUST0570,CARD0882,Venmo,Active
WAL0973,CUST0528,CARD0415,Venmo,Unlinked
WAL0974,CUST0476,CARD0297,Samsung Pay,Unlinked
WAL0975,CUST0728,CARD0266,PayPal,Unlinked
WAL0976,CUST0508,CARD0041,Venmo,Unlinked
WAL0977,CUST0462,CARD0191,Samsung Pay,Linked
WAL0978,CUST0626,CARD0890,Samsung Pay,Linked
WAL0979,CUST0192,CARD0575,Venmo,Active
WAL0980,CUST0382,CARD0944,Google Pay,Unlinked
WAL0981,CUST0939,CARD0137,Google Pay,Linked
WAL0982,CUST0800,CARD0330,PayPal,Unlinked
WAL0983,CUST0445,CARD0246,PayPal,Unlinked
WAL0984,CUST0013,CARD0782,PayPal,Active
WAL0985,CUST0309,CARD0168,Samsung Pay,Linked
WAL0986,CUST0125,CARD0836,Apple Pay,Linked
WAL0987,CUST0253,CARD0405,Samsung Pay,Unlinked
WAL0988,CUST0261,CARD0958,Venmo,Linked
WAL0989,CUST0538,CARD0824,Apple Pay,Linked
WAL0990,CUST0177,CARD0918,Apple Pay,Linked
WAL0991,CUST0051,CARD0988,Google Pay,Linked
WAL0992,CUST0536,CARD0472,Venmo,Unlinked
WAL0993,CUST0971,CARD0386,Samsung Pay,Unlinked
WAL0994,CUST0888,CARD0633,Apple Pay,Linked
WAL0995,CUST0827,CARD0881,Google Pay,Unlinked
WAL0996,CUST0258,CARD0608,Samsung Pay,Active
WAL0997,CUST0917,CARD0669,Samsung Pay,Unlinked
WAL0998,CUST0623,CARD0192,Apple Pay,Linked
WAL0999,CUST0833,CARD0265,Google Pay,Active
WAL1000,CUST0253,CARD0170,Samsung Pay,Unlinked
