MerchantID,MerchantName,Sector,Country
MERCH0001,Merchant Generic 1,Entertainment,Australia
MERCH0002,Merchant Generic 2,Dining,USA
MERCH0003,Merchant Generic 3,Travel,Germany
MERCH0004,Merchant Generic 4,Utilities,UK
MERCH0005,Merchant Generic 5,E-commerce,India
MERCH0006,Merchant Generic 6,Dining,India
MERCH0007,Merchant Generic 7,Utilities,Canada
MERCH0008,Merchant Generic 8,Dining,Germany
MERCH0009,Merchant Generic 9,Travel,UK
MERCH0010,Merchant Generic 10,Retail,UK
MERCH0011,Merchant Generic 11,Utilities,UK
MERCH0012,Merchant Generic 12,Travel,India
MERCH0013,Merchant Generic 13,Travel,USA
MERCH0014,Merchant Generic 14,Travel,USA
MERCH0015,Merchant Generic 15,Entertainment,Canada
MERCH0016,Merchant Generic 16,Utilities,UK
MERCH0017,Merchant Generic 17,E-commerce,India
MERCH0018,Merchant Generic 18,Entertainment,Australia
MERCH0019,Merchant Generic 19,Utilities,Germany
MERCH0020,Merchant Generic 20,Entertainment,France
MERCH0021,Merchant Generic 21,Utilities,India
MERCH0022,Merchant Generic 22,Entertainment,USA
MERCH0023,Merchant Generic 23,Dining,Germany
MERCH0024,Merchant Generic 24,E-commerce,Germany
MERCH0025,Merchant Generic 25,Utilities,Singapore
MERCH0026,Merchant Generic 26,Dining,Australia
MERCH0027,Merchant Generic 27,Entertainment,UK
MERCH0028,Merchant Generic 28,Entertainment,Germany
MERCH0029,Merchant Generic 29,Dining,Singapore
MERCH0030,Merchant Generic 30,Entertainment,India
MERCH0031,Merchant Generic 31,Entertainment,Germany
MERCH0032,Merchant Generic 32,Travel,India
MERCH0033,Merchant Generic 33,Retail,UK
MERCH0034,Merchant Generic 34,Retail,Australia
MERCH0035,Merchant Generic 35,Retail,India
MERCH0036,Merchant Generic 36,Utilities,Germany
MERCH0037,Merchant Generic 37,E-commerce,Singapore
MERCH0038,Merchant Generic 38,E-commerce,Germany
MERCH0039,Merchant Generic 39,Retail,Australia
MERCH0040,Merchant Generic 40,Utilities,India
MERCH0041,Merchant Generic 41,Retail,USA
MERCH0042,Merchant Generic 42,Travel,Singapore
MERCH0043,Merchant Generic 43,Utilities,India
MERCH0044,Merchant Generic 44,Travel,France
MERCH0045,Merchant Generic 45,Dining,UK
MERCH0046,Merchant Generic 46,E-commerce,Singapore
MERCH0047,Merchant Generic 47,Utilities,Australia
MERCH0048,Merchant Generic 48,E-commerce,USA
MERCH0049,Merchant Generic 49,Retail,India
MERCH0050,Merchant Generic 50,E-commerce,Australia
MERCH0051,Merchant Generic 51,Utilities,Singapore
MERCH0052,Merchant Generic 52,Travel,France
MERCH0053,Merchant Generic 53,Travel,Singapore
MERCH0054,Merchant Generic 54,Retail,UK
MERCH0055,Merchant Generic 55,Retail,Germany
MERCH0056,Merchant Generic 56,Entertainment,France
MERCH0057,Merchant Generic 57,Dining,Canada
MERCH0058,Merchant Generic 58,Retail,UK
MERCH0059,Merchant Generic 59,Retail,UK
MERCH0060,Merchant Generic 60,Utilities,Canada
MERCH0061,Merchant Generic 61,Retail,Australia
MERCH0062,Merchant Generic 62,Travel,Singapore
MERCH0063,Merchant Generic 63,Dining,Australia
MERCH0064,Merchant Generic 64,Entertainment,UK
MERCH0065,Merchant Generic 65,Utilities,Canada
MERCH0066,Merchant Generic 66,Retail,India
MERCH0067,Merchant Generic 67,E-commerce,Singapore
MERCH0068,Merchant Generic 68,Dining,Australia
MERCH0069,Merchant Generic 69,Retail,USA
MERCH0070,Merchant Generic 70,Utilities,Singapore
MERCH0071,Merchant Generic 71,Travel,Germany
MERCH0072,Merchant Generic 72,Travel,India
MERCH0073,Merchant Generic 73,E-commerce,Germany
MERCH0074,Merchant Generic 74,Utilities,France
MERCH0075,Merchant Generic 75,Entertainment,Canada
MERCH0076,Merchant Generic 76,Entertainment,USA
MERCH0077,Merchant Generic 77,E-commerce,France
MERCH0078,Merchant Generic 78,E-commerce,India
MERCH0079,Merchant Generic 79,Dining,USA
MERCH0080,Merchant Generic 80,Travel,Germany
MERCH0081,Merchant Generic 81,Travel,Australia
MERCH0082,Merchant Generic 82,Utilities,Singapore
MERCH0083,Merchant Generic 83,Dining,Singapore
MERCH0084,Merchant Generic 84,E-commerce,France
MERCH0085,Merchant Generic 85,E-commerce,Australia
MERCH0086,Merchant Generic 86,Utilities,France
MERCH0087,Merchant Generic 87,E-commerce,Singapore
MERCH0088,Merchant Generic 88,Travel,Singapore
MERCH0089,Merchant Generic 89,Entertainment,UK
MERCH0090,Merchant Generic 90,E-commerce,UK
MERCH0091,Merchant Generic 91,Retail,India
MERCH0092,Merchant Generic 92,Entertainment,UK
MERCH0093,Merchant Generic 93,Retail,India
MERCH0094,Merchant Generic 94,Utilities,Canada
MERCH0095,Merchant Generic 95,Utilities,USA
MERCH0096,Merchant Generic 96,Retail,Canada
MERCH0097,Merchant Generic 97,E-commerce,UK
MERCH0098,Merchant Generic 98,Retail,Canada
MERCH0099,Merchant Generic 99,E-commerce,Australia
MERCH0100,Merchant Generic 100,Retail,Singapore
MERCH0101,Merchant Generic 101,Dining,UK
MERCH0102,Merchant Generic 102,Travel,USA
MERCH0103,Merchant Generic 103,Entertainment,India
MERCH0104,Merchant Generic 104,Entertainment,Singapore
MERCH0105,Merchant Generic 105,Retail,Canada
MERCH0106,Merchant Generic 106,Dining,Singapore
MERCH0107,Merchant Generic 107,E-commerce,Canada
MERCH0108,Merchant Generic 108,Utilities,India
MERCH0109,Merchant Generic 109,Utilities,India
MERCH0110,Merchant Generic 110,Utilities,USA
MERCH0111,Merchant Generic 111,Utilities,Germany
MERCH0112,Merchant Generic 112,Entertainment,UK
MERCH0113,Merchant Generic 113,Travel,India
MERCH0114,Merchant Generic 114,E-commerce,Germany
MERCH0115,Merchant Generic 115,E-commerce,Germany
MERCH0116,Merchant Generic 116,Entertainment,France
MERCH0117,Merchant Generic 117,Travel,France
MERCH0118,Merchant Generic 118,Entertainment,Canada
MERCH0119,Merchant Generic 119,Dining,Canada
MERCH0120,Merchant Generic 120,Dining,Germany
MERCH0121,Merchant Generic 121,Entertainment,Australia
MERCH0122,Merchant Generic 122,Entertainment,France
MERCH0123,Merchant Generic 123,E-commerce,Germany
MERCH0124,Merchant Generic 124,Retail,Singapore
MERCH0125,Merchant Generic 125,Travel,Singapore
MERCH0126,Merchant Generic 126,Travel,Australia
MERCH0127,Merchant Generic 127,Utilities,France
MERCH0128,Merchant Generic 128,Travel,Canada
MERCH0129,Merchant Generic 129,Retail,Canada
MERCH0130,Merchant Generic 130,Entertainment,Singapore
MERCH0131,Merchant Generic 131,Retail,USA
MERCH0132,Merchant Generic 132,E-commerce,France
MERCH0133,Merchant Generic 133,Entertainment,India
MERCH0134,Merchant Generic 134,Dining,Canada
MERCH0135,Merchant Generic 135,Retail,Canada
MERCH0136,Merchant Generic 136,Retail,Singapore
MERCH0137,Merchant Generic 137,Travel,UK
MERCH0138,Merchant Generic 138,E-commerce,USA
MERCH0139,Merchant Generic 139,Retail,Germany
MERCH0140,Merchant Generic 140,Entertainment,Australia
MERCH0141,Merchant Generic 141,Entertainment,Australia
MERCH0142,Merchant Generic 142,Dining,UK
MERCH0143,Merchant Generic 143,Retail,Singapore
MERCH0144,Merchant Generic 144,E-commerce,France
MERCH0145,Merchant Generic 145,Dining,UK
MERCH0146,Merchant Generic 146,Dining,USA
MERCH0147,Merchant Generic 147,Travel,Singapore
MERCH0148,Merchant Generic 148,Utilities,Canada
MERCH0149,Merchant Generic 149,Dining,UK
MERCH0150,Merchant Generic 150,Retail,France
MERCH0151,Merchant Generic 151,E-commerce,Australia
MERCH0152,Merchant Generic 152,Dining,France
MERCH0153,Merchant Generic 153,Retail,USA
MERCH0154,Merchant Generic 154,Entertainment,Australia
MERCH0155,Merchant Generic 155,Entertainment,Germany
MERCH0156,Merchant Generic 156,E-commerce,Germany
MERCH0157,Merchant Generic 157,Entertainment,India
MERCH0158,Merchant Generic 158,Entertainment,Germany
MERCH0159,Merchant Generic 159,Entertainment,France
MERCH0160,Merchant Generic 160,Dining,India
MERCH0161,Merchant Generic 161,Travel,Germany
MERCH0162,Merchant Generic 162,Entertainment,Australia
MERCH0163,Merchant Generic 163,Retail,UK
MERCH0164,Merchant Generic 164,Entertainment,Canada
MERCH0165,Merchant Generic 165,Utilities,UK
MERCH0166,Merchant Generic 166,Retail,Australia
MERCH0167,Merchant Generic 167,Entertainment,Germany
MERCH0168,Merchant Generic 168,Travel,Canada
MERCH0169,Merchant Generic 169,Dining,Germany
MERCH0170,Merchant Generic 170,Utilities,UK
MERCH0171,Merchant Generic 171,Retail,Canada
MERCH0172,Merchant Generic 172,Retail,India
MERCH0173,Merchant Generic 173,Dining,France
MERCH0174,Merchant Generic 174,Travel,Germany
MERCH0175,Merchant Generic 175,Dining,Singapore
MERCH0176,Merchant Generic 176,E-commerce,Australia
MERCH0177,Merchant Generic 177,Dining,Canada
MERCH0178,Merchant Generic 178,Retail,USA
MERCH0179,Merchant Generic 179,E-commerce,Australia
MERCH0180,Merchant Generic 180,E-commerce,Australia
MERCH0181,Merchant Generic 181,Entertainment,UK
MERCH0182,Merchant Generic 182,Utilities,Canada
MERCH0183,Merchant Generic 183,Dining,Canada
MERCH0184,Merchant Generic 184,Utilities,Canada
MERCH0185,Merchant Generic 185,Retail,Singapore
MERCH0186,Merchant Generic 186,E-commerce,USA
MERCH0187,Merchant Generic 187,Travel,France
MERCH0188,Merchant Generic 188,Retail,UK
MERCH0189,Merchant Generic 189,Entertainment,USA
MERCH0190,Merchant Generic 190,Entertainment,Canada
MERCH0191,Merchant Generic 191,Utilities,Singapore
MERCH0192,Merchant Generic 192,Retail,India
MERCH0193,Merchant Generic 193,Dining,Singapore
MERCH0194,Merchant Generic 194,Retail,France
MERCH0195,Merchant Generic 195,Travel,Germany
MERCH0196,Merchant Generic 196,Entertainment,UK
MERCH0197,Merchant Generic 197,Utilities,Australia
MERCH0198,Merchant Generic 198,Entertainment,India
MERCH0199,Merchant Generic 199,Retail,India
MERCH0200,Merchant Generic 200,Entertainment,India
MERCH0201,Merchant Generic 201,Travel,Singapore
MERCH0202,Merchant Generic 202,E-commerce,France
MERCH0203,Merchant Generic 203,Dining,Germany
MERCH0204,Merchant Generic 204,Utilities,France
MERCH0205,Merchant Generic 205,Retail,UK
MERCH0206,Merchant Generic 206,Retail,Australia
MERCH0207,Merchant Generic 207,Retail,Canada
MERCH0208,Merchant Generic 208,Travel,Germany
MERCH0209,Merchant Generic 209,Entertainment,Canada
MERCH0210,Merchant Generic 210,E-commerce,India
MERCH0211,Merchant Generic 211,Utilities,Singapore
MERCH0212,Merchant Generic 212,Dining,Singapore
MERCH0213,Merchant Generic 213,Travel,Germany
MERCH0214,Merchant Generic 214,Travel,UK
MERCH0215,Merchant Generic 215,Dining,India
MERCH0216,Merchant Generic 216,E-commerce,France
MERCH0217,Merchant Generic 217,Retail,Canada
MERCH0218,Merchant Generic 218,Retail,USA
MERCH0219,Merchant Generic 219,Retail,France
MERCH0220,Merchant Generic 220,E-commerce,Singapore
MERCH0221,Merchant Generic 221,Entertainment,France
MERCH0222,Merchant Generic 222,Entertainment,India
MERCH0223,Merchant Generic 223,Travel,Australia
MERCH0224,Merchant Generic 224,Utilities,Australia
MERCH0225,Merchant Generic 225,Utilities,India
MERCH0226,Merchant Generic 226,Utilities,France
MERCH0227,Merchant Generic 227,Retail,Canada
MERCH0228,Merchant Generic 228,Entertainment,USA
MERCH0229,Merchant Generic 229,Travel,Australia
MERCH0230,Merchant Generic 230,Retail,Singapore
MERCH0231,Merchant Generic 231,Travel,France
MERCH0232,Merchant Generic 232,Travel,Australia
MERCH0233,Merchant Generic 233,Utilities,USA
MERCH0234,Merchant Generic 234,E-commerce,Germany
MERCH0235,Merchant Generic 235,Travel,France
MERCH0236,Merchant Generic 236,Utilities,UK
MERCH0237,Merchant Generic 237,Travel,France
MERCH0238,Merchant Generic 238,Entertainment,Germany
MERCH0239,Merchant Generic 239,E-commerce,USA
MERCH0240,Merchant Generic 240,Retail,Germany
MERCH0241,Merchant Generic 241,Travel,USA
MERCH0242,Merchant Generic 242,Retail,Germany
MERCH0243,Merchant Generic 243,Entertainment,Singapore
MERCH0244,Merchant Generic 244,Dining,India
MERCH0245,Merchant Generic 245,Dining,USA
MERCH0246,Merchant Generic 246,E-commerce,Germany
MERCH0247,Merchant Generic 247,Dining,Germany
MERCH0248,Merchant Generic 248,Travel,USA
MERCH0249,Merchant Generic 249,Retail,USA
MERCH0250,Merchant Generic 250,E-commerce,Singapore
MERCH0251,Merchant Generic 251,E-commerce,Singapore
MERCH0252,Merchant Generic 252,Retail,Singapore
MERCH0253,Merchant Generic 253,Entertainment,Canada
MERCH0254,Merchant Generic 254,Retail,Singapore
MERCH0255,Merchant Generic 255,E-commerce,UK
MERCH0256,Merchant Generic 256,Travel,USA
MERCH0257,Merchant Generic 257,Utilities,France
MERCH0258,Merchant Generic 258,Entertainment,USA
MERCH0259,Merchant Generic 259,Entertainment,Canada
MERCH0260,Merchant Generic 260,Retail,Canada
MERCH0261,Merchant Generic 261,Retail,Canada
MERCH0262,Merchant Generic 262,Utilities,UK
MERCH0263,Merchant Generic 263,E-commerce,India
MERCH0264,Merchant Generic 264,Retail,UK
MERCH0265,Merchant Generic 265,Retail,USA
MERCH0266,Merchant Generic 266,Retail,Singapore
MERCH0267,Merchant Generic 267,E-commerce,USA
MERCH0268,Merchant Generic 268,Travel,France
MERCH0269,Merchant Generic 269,E-commerce,UK
MERCH0270,Merchant Generic 270,Dining,Germany
MERCH0271,Merchant Generic 271,Retail,Australia
MERCH0272,Merchant Generic 272,Dining,USA
MERCH0273,Merchant Generic 273,Dining,France
MERCH0274,Merchant Generic 274,Entertainment,France
MERCH0275,Merchant Generic 275,Utilities,Canada
MERCH0276,Merchant Generic 276,E-commerce,France
MERCH0277,Merchant Generic 277,Dining,USA
MERCH0278,Merchant Generic 278,E-commerce,India
MERCH0279,Merchant Generic 279,Entertainment,India
MERCH0280,Merchant Generic 280,Travel,USA
MERCH0281,Merchant Generic 281,Travel,UK
MERCH0282,Merchant Generic 282,Utilities,Australia
MERCH0283,Merchant Generic 283,Retail,Canada
MERCH0284,Merchant Generic 284,Utilities,Germany
MERCH0285,Merchant Generic 285,Retail,UK
MERCH0286,Merchant Generic 286,Retail,Canada
MERCH0287,Merchant Generic 287,Dining,Singapore
MERCH0288,Merchant Generic 288,Entertainment,USA
MERCH0289,Merchant Generic 289,E-commerce,Germany
MERCH0290,Merchant Generic 290,Travel,Australia
MERCH0291,Merchant Generic 291,Utilities,India
MERCH0292,Merchant Generic 292,Utilities,Canada
MERCH0293,Merchant Generic 293,Dining,USA
MERCH0294,Merchant Generic 294,E-commerce,Germany
MERCH0295,Merchant Generic 295,Travel,Germany
MERCH0296,Merchant Generic 296,Utilities,France
MERCH0297,Merchant Generic 297,Dining,UK
MERCH0298,Merchant Generic 298,Dining,France
MERCH0299,Merchant Generic 299,Entertainment,Singapore
MERCH0300,Merchant Generic 300,Dining,UK
MERCH0301,Merchant Generic 301,Utilities,Singapore
MERCH0302,Merchant Generic 302,E-commerce,UK
MERCH0303,Merchant Generic 303,Entertainment,UK
MERCH0304,Merchant Generic 304,Dining,UK
MERCH0305,Merchant Generic 305,Dining,Canada
MERCH0306,Merchant Generic 306,Utilities,UK
MERCH0307,Merchant Generic 307,Entertainment,Canada
MERCH0308,Merchant Generic 308,Entertainment,France
MERCH0309,Merchant Generic 309,Retail,USA
MERCH0310,Merchant Generic 310,Retail,Canada
MERCH0311,Merchant Generic 311,Dining,USA
MERCH0312,Merchant Generic 312,Travel,Australia
MERCH0313,Merchant Generic 313,Utilities,France
MERCH0314,Merchant Generic 314,Entertainment,Singapore
MERCH0315,Merchant Generic 315,Travel,UK
MERCH0316,Merchant Generic 316,Dining,Australia
MERCH0317,Merchant Generic 317,Retail,Germany
MERCH0318,Merchant Generic 318,E-commerce,Australia
MERCH0319,Merchant Generic 319,E-commerce,Canada
MERCH0320,Merchant Generic 320,Entertainment,Germany
MERCH0321,Merchant Generic 321,E-commerce,USA
MERCH0322,Merchant Generic 322,Dining,India
MERCH0323,Merchant Generic 323,Utilities,Germany
MERCH0324,Merchant Generic 324,Entertainment,Canada
MERCH0325,Merchant Generic 325,E-commerce,Germany
MERCH0326,Merchant Generic 326,Retail,Canada
MERCH0327,Merchant Generic 327,Dining,France
MERCH0328,Merchant Generic 328,Utilities,India
MERCH0329,Merchant Generic 329,E-commerce,Australia
MERCH0330,Merchant Generic 330,Retail,Australia
MERCH0331,Merchant Generic 331,E-commerce,Germany
MERCH0332,Merchant Generic 332,Utilities,Australia
MERCH0333,Merchant Generic 333,Travel,Canada
MERCH0334,Merchant Generic 334,Utilities,Germany
MERCH0335,Merchant Generic 335,Travel,Germany
MERCH0336,Merchant Generic 336,Retail,Singapore
MERCH0337,Merchant Generic 337,Retail,Germany
MERCH0338,Merchant Generic 338,Travel,UK
MERCH0339,Merchant Generic 339,Retail,Singapore
MERCH0340,Merchant Generic 340,Dining,France
MERCH0341,Merchant Generic 341,Dining,France
MERCH0342,Merchant Generic 342,Entertainment,France
MERCH0343,Merchant Generic 343,Travel,Singapore
MERCH0344,Merchant Generic 344,Dining,Canada
MERCH0345,Merchant Generic 345,Retail,USA
MERCH0346,Merchant Generic 346,Retail,India
MERCH0347,Merchant Generic 347,Dining,Canada
MERCH0348,Merchant Generic 348,Entertainment,Australia
MERCH0349,Merchant Generic 349,Travel,India
MERCH0350,Merchant Generic 350,Travel,France
MERCH0351,Merchant Generic 351,Retail,Germany
MERCH0352,Merchant Generic 352,Travel,Australia
MERCH0353,Merchant Generic 353,Travel,France
MERCH0354,Merchant Generic 354,Travel,Germany
MERCH0355,Merchant Generic 355,Retail,UK
MERCH0356,Merchant Generic 356,E-commerce,Australia
MERCH0357,Merchant Generic 357,E-commerce,Germany
MERCH0358,Merchant Generic 358,Travel,Australia
MERCH0359,Merchant Generic 359,E-commerce,Singapore
MERCH0360,Merchant Generic 360,Utilities,Germany
MERCH0361,Merchant Generic 361,Travel,USA
MERCH0362,Merchant Generic 362,Entertainment,UK
MERCH0363,Merchant Generic 363,Retail,Canada
MERCH0364,Merchant Generic 364,Utilities,Singapore
MERCH0365,Merchant Generic 365,Dining,Canada
MERCH0366,Merchant Generic 366,Retail,Singapore
MERCH0367,Merchant Generic 367,Entertainment,France
MERCH0368,Merchant Generic 368,Dining,France
MERCH0369,Merchant Generic 369,Retail,India
MERCH0370,Merchant Generic 370,Entertainment,USA
MERCH0371,Merchant Generic 371,Dining,France
MERCH0372,Merchant Generic 372,Dining,UK
MERCH0373,Merchant Generic 373,Entertainment,France
MERCH0374,Merchant Generic 374,E-commerce,USA
MERCH0375,Merchant Generic 375,Retail,Canada
MERCH0376,Merchant Generic 376,Dining,India
MERCH0377,Merchant Generic 377,Utilities,Singapore
MERCH0378,Merchant Generic 378,Entertainment,France
MERCH0379,Merchant Generic 379,Travel,France
MERCH0380,Merchant Generic 380,Travel,UK
MERCH0381,Merchant Generic 381,Utilities,Canada
MERCH0382,Merchant Generic 382,Utilities,France
MERCH0383,Merchant Generic 383,Retail,Germany
MERCH0384,Merchant Generic 384,Retail,Canada
MERCH0385,Merchant Generic 385,Entertainment,Singapore
MERCH0386,Merchant Generic 386,Travel,Canada
MERCH0387,Merchant Generic 387,Utilities,USA
MERCH0388,Merchant Generic 388,Utilities,Singapore
MERCH0389,Merchant Generic 389,Dining,Singapore
MERCH0390,Merchant Generic 390,Entertainment,India
MERCH0391,Merchant Generic 391,Travel,India
MERCH0392,Merchant Generic 392,Travel,Singapore
MERCH0393,Merchant Generic 393,Entertainment,Australia
MERCH0394,Merchant Generic 394,Utilities,Germany
MERCH0395,Merchant Generic 395,Entertainment,France
MERCH0396,Merchant Generic 396,Entertainment,France
MERCH0397,Merchant Generic 397,Dining,Singapore
MERCH0398,Merchant Generic 398,E-commerce,India
MERCH0399,Merchant Generic 399,Travel,Germany
MERCH0400,Merchant Generic 400,Travel,USA
MERCH0401,Merchant Generic 401,Utilities,Australia
MERCH0402,Merchant Generic 402,E-commerce,UK
MERCH0403,Merchant Generic 403,E-commerce,India
MERCH0404,Merchant Generic 404,Retail,India
MERCH0405,Merchant Generic 405,Dining,Germany
MERCH0406,Merchant Generic 406,Utilities,India
MERCH0407,Merchant Generic 407,Dining,USA
MERCH0408,Merchant Generic 408,Retail,Canada
MERCH0409,Merchant Generic 409,E-commerce,Canada
MERCH0410,Merchant Generic 410,Entertainment,Germany
MERCH0411,Merchant Generic 411,Dining,Australia
MERCH0412,Merchant Generic 412,Dining,Canada
MERCH0413,Merchant Generic 413,Entertainment,Canada
MERCH0414,Merchant Generic 414,Travel,France
MERCH0415,Merchant Generic 415,Retail,USA
MERCH0416,Merchant Generic 416,Entertainment,UK
MERCH0417,Merchant Generic 417,Dining,Germany
MERCH0418,Merchant Generic 418,Dining,Canada
MERCH0419,Merchant Generic 419,Dining,France
MERCH0420,Merchant Generic 420,Utilities,Singapore
MERCH0421,Merchant Generic 421,Dining,India
MERCH0422,Merchant Generic 422,Utilities,Canada
MERCH0423,Merchant Generic 423,Entertainment,Singapore
MERCH0424,Merchant Generic 424,Retail,USA
MERCH0425,Merchant Generic 425,Retail,Canada
MERCH0426,Merchant Generic 426,Dining,Australia
MERCH0427,Merchant Generic 427,Entertainment,Canada
MERCH0428,Merchant Generic 428,Utilities,Germany
MERCH0429,Merchant Generic 429,Dining,Germany
MERCH0430,Merchant Generic 430,Dining,UK
MERCH0431,Merchant Generic 431,E-commerce,Canada
MERCH0432,Merchant Generic 432,Travel,Australia
MERCH0433,Merchant Generic 433,Travel,Australia
MERCH0434,Merchant Generic 434,Retail,India
MERCH0435,Merchant Generic 435,Travel,UK
MERCH0436,Merchant Generic 436,Retail,Australia
MERCH0437,Merchant Generic 437,Travel,Canada
MERCH0438,Merchant Generic 438,Retail,France
MERCH0439,Merchant Generic 439,Dining,USA
MERCH0440,Merchant Generic 440,Travel,Singapore
MERCH0441,Merchant Generic 441,Utilities,Canada
MERCH0442,Merchant Generic 442,Entertainment,France
MERCH0443,Merchant Generic 443,E-commerce,UK
MERCH0444,Merchant Generic 444,Travel,Singapore
MERCH0445,Merchant Generic 445,Retail,India
MERCH0446,Merchant Generic 446,Entertainment,Australia
MERCH0447,Merchant Generic 447,Retail,Singapore
MERCH0448,Merchant Generic 448,Dining,India
MERCH0449,Merchant Generic 449,Entertainment,Singapore
MERCH0450,Merchant Generic 450,Entertainment,Australia
MERCH0451,Merchant Generic 451,Dining,UK
MERCH0452,Merchant Generic 452,Retail,India
MERCH0453,Merchant Generic 453,Travel,Canada
MERCH0454,Merchant Generic 454,E-commerce,France
MERCH0455,Merchant Generic 455,Dining,Canada
MERCH0456,Merchant Generic 456,Dining,India
MERCH0457,Merchant Generic 457,Dining,France
MERCH0458,Merchant Generic 458,Travel,Germany
MERCH0459,Merchant Generic 459,E-commerce,India
MERCH0460,Merchant Generic 460,E-commerce,India
MERCH0461,Merchant Generic 461,Utilities,UK
MERCH0462,Merchant Generic 462,E-commerce,France
MERCH0463,Merchant Generic 463,E-commerce,Singapore
MERCH0464,Merchant Generic 464,Entertainment,USA
MERCH0465,Merchant Generic 465,Utilities,Australia
MERCH0466,Merchant Generic 466,Retail,Canada
MERCH0467,Merchant Generic 467,E-commerce,Australia
MERCH0468,Merchant Generic 468,Retail,France
MERCH0469,Merchant Generic 469,Utilities,France
MERCH0470,Merchant Generic 470,Retail,France
MERCH0471,Merchant Generic 471,E-commerce,USA
MERCH0472,Merchant Generic 472,Utilities,India
MERCH0473,Merchant Generic 473,Entertainment,UK
MERCH0474,Merchant Generic 474,Travel,Australia
MERCH0475,Merchant Generic 475,Entertainment,Canada
MERCH0476,Merchant Generic 476,Dining,Singapore
MERCH0477,Merchant Generic 477,Retail,Australia
MERCH0478,Merchant Generic 478,Entertainment,USA
MERCH0479,Merchant Generic 479,Utilities,Australia
MERCH0480,Merchant Generic 480,E-commerce,Germany
MERCH0481,Merchant Generic 481,Retail,India
MERCH0482,Merchant Generic 482,Utilities,UK
MERCH0483,Merchant Generic 483,Dining,France
MERCH0484,Merchant Generic 484,Dining,India
MERCH0485,Merchant Generic 485,Retail,Canada
MERCH0486,Merchant Generic 486,Utilities,India
MERCH0487,Merchant Generic 487,Dining,Canada
MERCH0488,Merchant Generic 488,Entertainment,Germany
MERCH0489,Merchant Generic 489,Utilities,Germany
MERCH0490,Merchant Generic 490,Retail,India
MERCH0491,Merchant Generic 491,Entertainment,Singapore
MERCH0492,Merchant Generic 492,E-commerce,USA
MERCH0493,Merchant Generic 493,Dining,Germany
MERCH0494,Merchant Generic 494,Retail,India
MERCH0495,Merchant Generic 495,Retail,Canada
MERCH0496,Merchant Generic 496,Entertainment,Canada
MERCH0497,Merchant Generic 497,Travel,India
MERCH0498,Merchant Generic 498,Retail,UK
MERCH0499,Merchant Generic 499,Entertainment,Singapore
MERCH0500,Merchant Generic 500,Retail,UK
MERCH0501,Merchant Generic 501,E-commerce,France
MERCH0502,Merchant Generic 502,E-commerce,UK
MERCH0503,Merchant Generic 503,Dining,India
MERCH0504,Merchant Generic 504,Entertainment,USA
MERCH0505,Merchant Generic 505,Dining,Canada
MERCH0506,Merchant Generic 506,Utilities,France
MERCH0507,Merchant Generic 507,Travel,Canada
MERCH0508,Merchant Generic 508,Retail,India
MERCH0509,Merchant Generic 509,Utilities,Singapore
MERCH0510,Merchant Generic 510,Travel,USA
MERCH0511,Merchant Generic 511,Dining,Singapore
MERCH0512,Merchant Generic 512,E-commerce,India
MERCH0513,Merchant Generic 513,Retail,India
MERCH0514,Merchant Generic 514,Dining,USA
MERCH0515,Merchant Generic 515,Entertainment,Germany
MERCH0516,Merchant Generic 516,Dining,India
MERCH0517,Merchant Generic 517,Dining,Germany
MERCH0518,Merchant Generic 518,Travel,UK
MERCH0519,Merchant Generic 519,Utilities,Singapore
MERCH0520,Merchant Generic 520,Dining,France
MERCH0521,Merchant Generic 521,Travel,Singapore
MERCH0522,Merchant Generic 522,Dining,France
MERCH0523,Merchant Generic 523,Entertainment,France
MERCH0524,Merchant Generic 524,Retail,UK
MERCH0525,Merchant Generic 525,E-commerce,Canada
MERCH0526,Merchant Generic 526,Dining,India
MERCH0527,Merchant Generic 527,Retail,India
MERCH0528,Merchant Generic 528,Dining,UK
MERCH0529,Merchant Generic 529,E-commerce,Canada
MERCH0530,Merchant Generic 530,Entertainment,USA
MERCH0531,Merchant Generic 531,Retail,France
MERCH0532,Merchant Generic 532,Retail,Germany
MERCH0533,Merchant Generic 533,Entertainment,Australia
MERCH0534,Merchant Generic 534,E-commerce,Singapore
MERCH0535,Merchant Generic 535,Dining,India
MERCH0536,Merchant Generic 536,Entertainment,USA
MERCH0537,Merchant Generic 537,Utilities,Singapore
MERCH0538,Merchant Generic 538,Utilities,Germany
MERCH0539,Merchant Generic 539,Entertainment,USA
MERCH0540,Merchant Generic 540,Entertainment,UK
MERCH0541,Merchant Generic 541,Utilities,Singapore
MERCH0542,Merchant Generic 542,Dining,Singapore
MERCH0543,Merchant Generic 543,E-commerce,France
MERCH0544,Merchant Generic 544,Travel,USA
MERCH0545,Merchant Generic 545,Entertainment,France
MERCH0546,Merchant Generic 546,Retail,Germany
MERCH0547,Merchant Generic 547,Utilities,India
MERCH0548,Merchant Generic 548,Utilities,France
MERCH0549,Merchant Generic 549,E-commerce,Germany
MERCH0550,Merchant Generic 550,Travel,USA
MERCH0551,Merchant Generic 551,Utilities,Germany
MERCH0552,Merchant Generic 552,Retail,Canada
MERCH0553,Merchant Generic 553,Retail,Germany
MERCH0554,Merchant Generic 554,E-commerce,France
MERCH0555,Merchant Generic 555,Entertainment,India
MERCH0556,Merchant Generic 556,Entertainment,USA
MERCH0557,Merchant Generic 557,Entertainment,Singapore
MERCH0558,Merchant Generic 558,Utilities,France
MERCH0559,Merchant Generic 559,Entertainment,Germany
MERCH0560,Merchant Generic 560,Utilities,USA
MERCH0561,Merchant Generic 561,Travel,UK
MERCH0562,Merchant Generic 562,Entertainment,France
MERCH0563,Merchant Generic 563,Utilities,USA
MERCH0564,Merchant Generic 564,Retail,India
MERCH0565,Merchant Generic 565,Entertainment,Australia
MERCH0566,Merchant Generic 566,Retail,Canada
MERCH0567,Merchant Generic 567,Entertainment,UK
MERCH0568,Merchant Generic 568,Travel,UK
MERCH0569,Merchant Generic 569,Utilities,Canada
MERCH0570,Merchant Generic 570,Entertainment,Canada
MERCH0571,Merchant Generic 571,Entertainment,Singapore
MERCH0572,Merchant Generic 572,Travel,India
MERCH0573,Merchant Generic 573,Dining,Germany
MERCH0574,Merchant Generic 574,Dining,France
MERCH0575,Merchant Generic 575,E-commerce,Singapore
MERCH0576,Merchant Generic 576,Entertainment,Australia
MERCH0577,Merchant Generic 577,Dining,Singapore
MERCH0578,Merchant Generic 578,E-commerce,USA
MERCH0579,Merchant Generic 579,Dining,UK
MERCH0580,Merchant Generic 580,E-commerce,France
MERCH0581,Merchant Generic 581,Dining,France
MERCH0582,Merchant Generic 582,E-commerce,USA
MERCH0583,Merchant Generic 583,Travel,Canada
MERCH0584,Merchant Generic 584,Dining,UK
MERCH0585,Merchant Generic 585,Utilities,India
MERCH0586,Merchant Generic 586,Retail,UK
MERCH0587,Merchant Generic 587,Utilities,France
MERCH0588,Merchant Generic 588,E-commerce,Germany
MERCH0589,Merchant Generic 589,Travel,India
MERCH0590,Merchant Generic 590,Utilities,India
MERCH0591,Merchant Generic 591,Travel,USA
MERCH0592,Merchant Generic 592,Dining,Canada
MERCH0593,Merchant Generic 593,Retail,Germany
MERCH0594,Merchant Generic 594,Dining,UK
MERCH0595,Merchant Generic 595,Entertainment,India
MERCH0596,Merchant Generic 596,Entertainment,UK
MERCH0597,Merchant Generic 597,Retail,Australia
MERCH0598,Merchant Generic 598,Dining,Germany
MERCH0599,Merchant Generic 599,Utilities,Germany
MERCH0600,Merchant Generic 600,Travel,Australia
MERCH0601,Merchant Generic 601,Entertainment,USA
MERCH0602,Merchant Generic 602,E-commerce,France
MERCH0603,Merchant Generic 603,Travel,Singapore
MERCH0604,Merchant Generic 604,Travel,Australia
MERCH0605,Merchant Generic 605,E-commerce,India
MERCH0606,Merchant Generic 606,Entertainment,Germany
MERCH0607,Merchant Generic 607,E-commerce,Canada
MERCH0608,Merchant Generic 608,Entertainment,Germany
MERCH0609,Merchant Generic 609,E-commerce,USA
MERCH0610,Merchant Generic 610,Travel,India
MERCH0611,Merchant Generic 611,Utilities,Canada
MERCH0612,Merchant Generic 612,Entertainment,Germany
MERCH0613,Merchant Generic 613,Utilities,Germany
MERCH0614,Merchant Generic 614,E-commerce,USA
MERCH0615,Merchant Generic 615,Entertainment,India
MERCH0616,Merchant Generic 616,Dining,Australia
MERCH0617,Merchant Generic 617,Dining,USA
MERCH0618,Merchant Generic 618,Dining,India
MERCH0619,Merchant Generic 619,Dining,Canada
MERCH0620,Merchant Generic 620,Retail,Germany
MERCH0621,Merchant Generic 621,Retail,Germany
MERCH0622,Merchant Generic 622,Travel,Singapore
MERCH0623,Merchant Generic 623,Travel,France
MERCH0624,Merchant Generic 624,Entertainment,UK
MERCH0625,Merchant Generic 625,E-commerce,Australia
MERCH0626,Merchant Generic 626,Entertainment,Australia
MERCH0627,Merchant Generic 627,Travel,USA
MERCH0628,Merchant Generic 628,Utilities,France
MERCH0629,Merchant Generic 629,E-commerce,Australia
MERCH0630,Merchant Generic 630,E-commerce,UK
MERCH0631,Merchant Generic 631,Travel,Germany
MERCH0632,Merchant Generic 632,Retail,Singapore
MERCH0633,Merchant Generic 633,E-commerce,India
MERCH0634,Merchant Generic 634,Retail,France
MERCH0635,Merchant Generic 635,Travel,India
MERCH0636,Merchant Generic 636,Dining,Singapore
MERCH0637,Merchant Generic 637,Entertainment,USA
MERCH0638,Merchant Generic 638,Utilities,France
MERCH0639,Merchant Generic 639,Travel,France
MERCH0640,Merchant Generic 640,Utilities,France
MERCH0641,Merchant Generic 641,Retail,France
MERCH0642,Merchant Generic 642,E-commerce,Singapore
MERCH0643,Merchant Generic 643,Retail,Canada
MERCH0644,Merchant Generic 644,Travel,Singapore
MERCH0645,Merchant Generic 645,Retail,Singapore
MERCH0646,Merchant Generic 646,Utilities,Australia
MERCH0647,Merchant Generic 647,E-commerce,Canada
MERCH0648,Merchant Generic 648,Retail,India
MERCH0649,Merchant Generic 649,E-commerce,Germany
MERCH0650,Merchant Generic 650,Entertainment,India
MERCH0651,Merchant Generic 651,Entertainment,USA
MERCH0652,Merchant Generic 652,Travel,UK
MERCH0653,Merchant Generic 653,Travel,Singapore
MERCH0654,Merchant Generic 654,Dining,France
MERCH0655,Merchant Generic 655,E-commerce,UK
MERCH0656,Merchant Generic 656,Travel,Australia
MERCH0657,Merchant Generic 657,Utilities,France
MERCH0658,Merchant Generic 658,Entertainment,Germany
MERCH0659,Merchant Generic 659,E-commerce,Germany
MERCH0660,Merchant Generic 660,Utilities,France
MERCH0661,Merchant Generic 661,Dining,Singapore
MERCH0662,Merchant Generic 662,Retail,Singapore
MERCH0663,Merchant Generic 663,Dining,USA
MERCH0664,Merchant Generic 664,Dining,Canada
MERCH0665,Merchant Generic 665,Entertainment,Canada
MERCH0666,Merchant Generic 666,Entertainment,France
MERCH0667,Merchant Generic 667,Entertainment,India
MERCH0668,Merchant Generic 668,Retail,India
MERCH0669,Merchant Generic 669,Utilities,USA
MERCH0670,Merchant Generic 670,Retail,Germany
MERCH0671,Merchant Generic 671,Retail,Singapore
MERCH0672,Merchant Generic 672,Utilities,Australia
MERCH0673,Merchant Generic 673,Dining,India
MERCH0674,Merchant Generic 674,Travel,Canada
MERCH0675,Merchant Generic 675,Travel,India
MERCH0676,Merchant Generic 676,Utilities,UK
MERCH0677,Merchant Generic 677,Travel,UK
MERCH0678,Merchant Generic 678,Utilities,India
MERCH0679,Merchant Generic 679,Travel,Australia
MERCH0680,Merchant Generic 680,Dining,Australia
MERCH0681,Merchant Generic 681,Travel,UK
MERCH0682,Merchant Generic 682,Utilities,Germany
MERCH0683,Merchant Generic 683,E-commerce,Canada
MERCH0684,Merchant Generic 684,Utilities,Canada
MERCH0685,Merchant Generic 685,E-commerce,India
MERCH0686,Merchant Generic 686,Utilities,India
MERCH0687,Merchant Generic 687,Entertainment,France
MERCH0688,Merchant Generic 688,Entertainment,Australia
MERCH0689,Merchant Generic 689,Retail,India
MERCH0690,Merchant Generic 690,E-commerce,Germany
MERCH0691,Merchant Generic 691,Retail,France
MERCH0692,Merchant Generic 692,Entertainment,France
MERCH0693,Merchant Generic 693,Entertainment,UK
MERCH0694,Merchant Generic 694,Dining,France
MERCH0695,Merchant Generic 695,Utilities,India
MERCH0696,Merchant Generic 696,Utilities,Australia
MERCH0697,Merchant Generic 697,Travel,India
MERCH0698,Merchant Generic 698,Travel,Singapore
MERCH0699,Merchant Generic 699,Dining,Singapore
MERCH0700,Merchant Generic 700,Travel,Germany
MERCH0701,Merchant Generic 701,E-commerce,Singapore
MERCH0702,Merchant Generic 702,Entertainment,Canada
MERCH0703,Merchant Generic 703,Utilities,Canada
MERCH0704,Merchant Generic 704,Entertainment,India
MERCH0705,Merchant Generic 705,Dining,Germany
MERCH0706,Merchant Generic 706,Retail,USA
MERCH0707,Merchant Generic 707,E-commerce,France
MERCH0708,Merchant Generic 708,Dining,Singapore
MERCH0709,Merchant Generic 709,Travel,Canada
MERCH0710,Merchant Generic 710,Dining,UK
MERCH0711,Merchant Generic 711,Retail,India
MERCH0712,Merchant Generic 712,Entertainment,India
MERCH0713,Merchant Generic 713,Entertainment,India
MERCH0714,Merchant Generic 714,Entertainment,India
MERCH0715,Merchant Generic 715,Entertainment,Australia
MERCH0716,Merchant Generic 716,Entertainment,USA
MERCH0717,Merchant Generic 717,Travel,Australia
MERCH0718,Merchant Generic 718,Dining,Canada
MERCH0719,Merchant Generic 719,Dining,UK
MERCH0720,Merchant Generic 720,Travel,India
MERCH0721,Merchant Generic 721,Dining,USA
MERCH0722,Merchant Generic 722,E-commerce,France
MERCH0723,Merchant Generic 723,E-commerce,Australia
MERCH0724,Merchant Generic 724,Retail,Canada
MERCH0725,Merchant Generic 725,Utilities,Singapore
MERCH0726,Merchant Generic 726,Utilities,UK
MERCH0727,Merchant Generic 727,E-commerce,France
MERCH0728,Merchant Generic 728,Travel,USA
MERCH0729,Merchant Generic 729,Entertainment,India
MERCH0730,Merchant Generic 730,Dining,Australia
MERCH0731,Merchant Generic 731,Entertainment,Canada
MERCH0732,Merchant Generic 732,Entertainment,Singapore
MERCH0733,Merchant Generic 733,Dining,France
MERCH0734,Merchant Generic 734,Retail,Australia
MERCH0735,Merchant Generic 735,Dining,Canada
MERCH0736,Merchant Generic 736,Dining,Singapore
MERCH0737,Merchant Generic 737,E-commerce,Australia
MERCH0738,Merchant Generic 738,Retail,France
MERCH0739,Merchant Generic 739,Dining,Canada
MERCH0740,Merchant Generic 740,Dining,Germany
MERCH0741,Merchant Generic 741,Travel,UK
MERCH0742,Merchant Generic 742,Travel,USA
MERCH0743,Merchant Generic 743,E-commerce,Australia
MERCH0744,Merchant Generic 744,E-commerce,Singapore
MERCH0745,Merchant Generic 745,Dining,Singapore
MERCH0746,Merchant Generic 746,Dining,Australia
MERCH0747,Merchant Generic 747,Entertainment,Singapore
MERCH0748,Merchant Generic 748,Retail,Australia
MERCH0749,Merchant Generic 749,E-commerce,Canada
MERCH0750,Merchant Generic 750,Utilities,Singapore
MERCH0751,Merchant Generic 751,Dining,UK
MERCH0752,Merchant Generic 752,E-commerce,France
MERCH0753,Merchant Generic 753,Retail,Canada
MERCH0754,Merchant Generic 754,E-commerce,Australia
MERCH0755,Merchant Generic 755,Entertainment,Singapore
MERCH0756,Merchant Generic 756,Entertainment,UK
MERCH0757,Merchant Generic 757,E-commerce,USA
MERCH0758,Merchant Generic 758,Retail,USA
MERCH0759,Merchant Generic 759,Entertainment,India
MERCH0760,Merchant Generic 760,Retail,Singapore
MERCH0761,Merchant Generic 761,Entertainment,India
MERCH0762,Merchant Generic 762,Entertainment,UK
MERCH0763,Merchant Generic 763,E-commerce,India
MERCH0764,Merchant Generic 764,Retail,Germany
MERCH0765,Merchant Generic 765,Travel,UK
MERCH0766,Merchant Generic 766,Retail,USA
MERCH0767,Merchant Generic 767,Dining,Singapore
MERCH0768,Merchant Generic 768,E-commerce,Singapore
MERCH0769,Merchant Generic 769,Dining,USA
MERCH0770,Merchant Generic 770,Entertainment,Germany
MERCH0771,Merchant Generic 771,Travel,India
MERCH0772,Merchant Generic 772,Utilities,USA
MERCH0773,Merchant Generic 773,Travel,France
MERCH0774,Merchant Generic 774,Entertainment,India
MERCH0775,Merchant Generic 775,E-commerce,Singapore
MERCH0776,Merchant Generic 776,Travel,India
MERCH0777,Merchant Generic 777,Dining,UK
MERCH0778,Merchant Generic 778,Retail,UK
MERCH0779,Merchant Generic 779,Utilities,Canada
MERCH0780,Merchant Generic 780,Utilities,Germany
MERCH0781,Merchant Generic 781,Retail,UK
MERCH0782,Merchant Generic 782,Travel,Canada
MERCH0783,Merchant Generic 783,Travel,France
MERCH0784,Merchant Generic 784,Travel,India
MERCH0785,Merchant Generic 785,Dining,France
MERCH0786,Merchant Generic 786,Retail,Canada
MERCH0787,Merchant Generic 787,E-commerce,Australia
MERCH0788,Merchant Generic 788,Dining,Singapore
MERCH0789,Merchant Generic 789,Utilities,Australia
MERCH0790,Merchant Generic 790,Utilities,Germany
MERCH0791,Merchant Generic 791,Retail,UK
MERCH0792,Merchant Generic 792,Dining,France
MERCH0793,Merchant Generic 793,Retail,UK
MERCH0794,Merchant Generic 794,Utilities,Singapore
MERCH0795,Merchant Generic 795,E-commerce,Singapore
MERCH0796,Merchant Generic 796,Utilities,Australia
MERCH0797,Merchant Generic 797,Retail,Germany
MERCH0798,Merchant Generic 798,Dining,France
MERCH0799,Merchant Generic 799,E-commerce,Germany
MERCH0800,Merchant Generic 800,Entertainment,Singapore
MERCH0801,Merchant Generic 801,Dining,France
MERCH0802,Merchant Generic 802,Dining,Singapore
MERCH0803,Merchant Generic 803,Travel,Germany
MERCH0804,Merchant Generic 804,Utilities,Germany
MERCH0805,Merchant Generic 805,Utilities,USA
MERCH0806,Merchant Generic 806,Entertainment,Canada
MERCH0807,Merchant Generic 807,Utilities,Canada
MERCH0808,Merchant Generic 808,Retail,Germany
MERCH0809,Merchant Generic 809,Utilities,USA
MERCH0810,Merchant Generic 810,Utilities,Australia
MERCH0811,Merchant Generic 811,Dining,France
MERCH0812,Merchant Generic 812,Retail,France
MERCH0813,Merchant Generic 813,Travel,Germany
MERCH0814,Merchant Generic 814,Retail,Germany
MERCH0815,Merchant Generic 815,Utilities,Canada
MERCH0816,Merchant Generic 816,Entertainment,Germany
MERCH0817,Merchant Generic 817,Dining,Singapore
MERCH0818,Merchant Generic 818,E-commerce,Singapore
MERCH0819,Merchant Generic 819,Entertainment,Germany
MERCH0820,Merchant Generic 820,Utilities,Canada
MERCH0821,Merchant Generic 821,Utilities,Canada
MERCH0822,Merchant Generic 822,Retail,Canada
MERCH0823,Merchant Generic 823,Utilities,Germany
MERCH0824,Merchant Generic 824,Utilities,India
MERCH0825,Merchant Generic 825,Retail,Germany
MERCH0826,Merchant Generic 826,E-commerce,Australia
MERCH0827,Merchant Generic 827,E-commerce,USA
MERCH0828,Merchant Generic 828,Entertainment,Australia
MERCH0829,Merchant Generic 829,Travel,Germany
MERCH0830,Merchant Generic 830,E-commerce,Canada
MERCH0831,Merchant Generic 831,Utilities,USA
MERCH0832,Merchant Generic 832,E-commerce,Germany
MERCH0833,Merchant Generic 833,Dining,France
MERCH0834,Merchant Generic 834,Travel,India
MERCH0835,Merchant Generic 835,E-commerce,Singapore
MERCH0836,Merchant Generic 836,Travel,Canada
MERCH0837,Merchant Generic 837,E-commerce,France
MERCH0838,Merchant Generic 838,Utilities,Canada
MERCH0839,Merchant Generic 839,Travel,France
MERCH0840,Merchant Generic 840,Dining,France
MERCH0841,Merchant Generic 841,E-commerce,India
MERCH0842,Merchant Generic 842,E-commerce,Singapore
MERCH0843,Merchant Generic 843,Utilities,Canada
MERCH0844,Merchant Generic 844,Retail,Singapore
MERCH0845,Merchant Generic 845,Entertainment,Canada
MERCH0846,Merchant Generic 846,Utilities,Singapore
MERCH0847,Merchant Generic 847,Utilities,India
MERCH0848,Merchant Generic 848,E-commerce,USA
MERCH0849,Merchant Generic 849,Retail,UK
MERCH0850,Merchant Generic 850,Travel,France
MERCH0851,Merchant Generic 851,Retail,Australia
MERCH0852,Merchant Generic 852,Travel,Germany
MERCH0853,Merchant Generic 853,Entertainment,Australia
MERCH0854,Merchant Generic 854,Entertainment,Australia
MERCH0855,Merchant Generic 855,E-commerce,Canada
MERCH0856,Merchant Generic 856,Utilities,Germany
MERCH0857,Merchant Generic 857,E-commerce,UK
MERCH0858,Merchant Generic 858,Retail,Australia
MERCH0859,Merchant Generic 859,Travel,France
MERCH0860,Merchant Generic 860,Utilities,Singapore
MERCH0861,Merchant Generic 861,Dining,Singapore
MERCH0862,Merchant Generic 862,Entertainment,USA
MERCH0863,Merchant Generic 863,Travel,Australia
MERCH0864,Merchant Generic 864,Utilities,Australia
MERCH0865,Merchant Generic 865,Entertainment,France
MERCH0866,Merchant Generic 866,E-commerce,USA
MERCH0867,Merchant Generic 867,Utilities,India
MERCH0868,Merchant Generic 868,Dining,UK
MERCH0869,Merchant Generic 869,Travel,France
MERCH0870,Merchant Generic 870,Entertainment,UK
MERCH0871,Merchant Generic 871,Utilities,Germany
MERCH0872,Merchant Generic 872,E-commerce,UK
MERCH0873,Merchant Generic 873,Dining,USA
MERCH0874,Merchant Generic 874,E-commerce,Singapore
MERCH0875,Merchant Generic 875,Dining,Australia
MERCH0876,Merchant Generic 876,Utilities,Australia
MERCH0877,Merchant Generic 877,Travel,Germany
MERCH0878,Merchant Generic 878,Travel,Canada
MERCH0879,Merchant Generic 879,Utilities,Australia
MERCH0880,Merchant Generic 880,Travel,Australia
MERCH0881,Merchant Generic 881,Entertainment,Singapore
MERCH0882,Merchant Generic 882,Dining,Canada
MERCH0883,Merchant Generic 883,Entertainment,USA
MERCH0884,Merchant Generic 884,Travel,Germany
MERCH0885,Merchant Generic 885,Dining,Germany
MERCH0886,Merchant Generic 886,Retail,UK
MERCH0887,Merchant Generic 887,E-commerce,Australia
MERCH0888,Merchant Generic 888,Retail,UK
MERCH0889,Merchant Generic 889,Dining,Canada
MERCH0890,Merchant Generic 890,Travel,Germany
MERCH0891,Merchant Generic 891,Travel,USA
MERCH0892,Merchant Generic 892,Dining,Australia
MERCH0893,Merchant Generic 893,E-commerce,Australia
MERCH0894,Merchant Generic 894,Utilities,Australia
MERCH0895,Merchant Generic 895,Travel,Singapore
MERCH0896,Merchant Generic 896,Retail,Singapore
MERCH0897,Merchant Generic 897,E-commerce,UK
MERCH0898,Merchant Generic 898,Travel,USA
MERCH0899,Merchant Generic 899,Dining,France
MERCH0900,Merchant Generic 900,Utilities,UK
MERCH0901,Merchant Generic 901,Retail,Australia
MERCH0902,Merchant Generic 902,Dining,Singapore
MERCH0903,Merchant Generic 903,Utilities,UK
MERCH0904,Merchant Generic 904,Travel,Singapore
MERCH0905,Merchant Generic 905,Utilities,UK
MERCH0906,Merchant Generic 906,E-commerce,Singapore
MERCH0907,Merchant Generic 907,Travel,Australia
MERCH0908,Merchant Generic 908,Travel,UK
MERCH0909,Merchant Generic 909,Entertainment,Australia
MERCH0910,Merchant Generic 910,Travel,Singapore
MERCH0911,Merchant Generic 911,Utilities,Germany
MERCH0912,Merchant Generic 912,E-commerce,USA
MERCH0913,Merchant Generic 913,Retail,India
MERCH0914,Merchant Generic 914,Dining,UK
MERCH0915,Merchant Generic 915,Dining,Singapore
MERCH0916,Merchant Generic 916,Entertainment,Australia
MERCH0917,Merchant Generic 917,E-commerce,Singapore
MERCH0918,Merchant Generic 918,Travel,USA
MERCH0919,Merchant Generic 919,Retail,Germany
MERCH0920,Merchant Generic 920,Entertainment,India
MERCH0921,Merchant Generic 921,Dining,Germany
MERCH0922,Merchant Generic 922,Dining,Singapore
MERCH0923,Merchant Generic 923,Utilities,Canada
MERCH0924,Merchant Generic 924,Dining,France
MERCH0925,Merchant Generic 925,Travel,Singapore
MERCH0926,Merchant Generic 926,Travel,Germany
MERCH0927,Merchant Generic 927,Travel,Germany
MERCH0928,Merchant Generic 928,Travel,Germany
MERCH0929,Merchant Generic 929,Travel,Australia
MERCH0930,Merchant Generic 930,Dining,France
MERCH0931,Merchant Generic 931,Retail,Germany
MERCH0932,Merchant Generic 932,Dining,Germany
MERCH0933,Merchant Generic 933,Travel,Singapore
MERCH0934,Merchant Generic 934,Utilities,UK
MERCH0935,Merchant Generic 935,E-commerce,Canada
MERCH0936,Merchant Generic 936,Dining,Singapore
MERCH0937,Merchant Generic 937,Utilities,USA
MERCH0938,Merchant Generic 938,Retail,France
MERCH0939,Merchant Generic 939,Dining,Singapore
MERCH0940,Merchant Generic 940,Travel,Singapore
MERCH0941,Merchant Generic 941,Travel,Canada
MERCH0942,Merchant Generic 942,E-commerce,Canada
MERCH0943,Merchant Generic 943,Entertainment,UK
MERCH0944,Merchant Generic 944,E-commerce,India
MERCH0945,Merchant Generic 945,Entertainment,Germany
MERCH0946,Merchant Generic 946,E-commerce,UK
MERCH0947,Merchant Generic 947,Utilities,Singapore
MERCH0948,Merchant Generic 948,Retail,France
MERCH0949,Merchant Generic 949,Entertainment,Canada
MERCH0950,Merchant Generic 950,Entertainment,Australia
MERCH0951,Merchant Generic 951,Dining,UK
MERCH0952,Merchant Generic 952,E-commerce,Australia
MERCH0953,Merchant Generic 953,Entertainment,Australia
MERCH0954,Merchant Generic 954,Entertainment,Germany
MERCH0955,Merchant Generic 955,Retail,Germany
MERCH0956,Merchant Generic 956,Utilities,France
MERCH0957,Merchant Generic 957,Retail,Singapore
MERCH0958,Merchant Generic 958,Travel,UK
MERCH0959,Merchant Generic 959,Retail,Germany
MERCH0960,Merchant Generic 960,Utilities,Australia
MERCH0961,Merchant Generic 961,Dining,Canada
MERCH0962,Merchant Generic 962,Dining,France
MERCH0963,Merchant Generic 963,Entertainment,Canada
MERCH0964,Merchant Generic 964,Retail,Australia
MERCH0965,Merchant Generic 965,Utilities,India
MERCH0966,Merchant Generic 966,Retail,Canada
MERCH0967,Merchant Generic 967,Entertainment,Canada
MERCH0968,Merchant Generic 968,E-commerce,Canada
MERCH0969,Merchant Generic 969,Dining,France
MERCH0970,Merchant Generic 970,Entertainment,Singapore
MERCH0971,Merchant Generic 971,E-commerce,India
MERCH0972,Merchant Generic 972,E-commerce,Germany
MERCH0973,Merchant Generic 973,Entertainment,Australia
MERCH0974,Merchant Generic 974,Travel,Germany
MERCH0975,Merchant Generic 975,Utilities,Singapore
MERCH0976,Merchant Generic 976,E-commerce,Germany
MERCH0977,Merchant Generic 977,Dining,France
MERCH0978,Merchant Generic 978,E-commerce,Canada
MERCH0979,Merchant Generic 979,Dining,Germany
MERCH0980,Merchant Generic 980,Dining,France
MERCH0981,Merchant Generic 981,Travel,France
MERCH0982,Merchant Generic 982,E-commerce,France
MERCH0983,Merchant Generic 983,Entertainment,Singapore
MERCH0984,Merchant Generic 984,Utilities,Germany
MERCH0985,Merchant Generic 985,E-commerce,India
MERCH0986,Merchant Generic 986,Retail,India
MERCH0987,Merchant Generic 987,Retail,India
MERCH0988,Merchant Generic 988,Retail,USA
MERCH0989,Merchant Generic 989,Entertainment,India
MERCH0990,Merchant Generic 990,Retail,USA
MERCH0991,Merchant Generic 991,Entertainment,India
MERCH0992,Merchant Generic 992,Travel,France
MERCH0993,Merchant Generic 993,Travel,Canada
MERCH0994,Merchant Generic 994,Retail,Singapore
MERCH0995,Merchant Generic 995,E-commerce,Germany
MERCH0996,Merchant Generic 996,Dining,USA
MERCH0997,Merchant Generic 997,Dining,Australia
MERCH0998,Merchant Generic 998,Retail,Australia
MERCH0999,Merchant Generic 999,E-commerce,Germany
MERCH1000,Merchant Generic 1000,Utilities,Germany
