MigrationID,Version,MigrationName,ExecutedAt,ExecutionTimeMs,Status
MIG-0001,v1.001,alter_table_exception_add_column_1,2020-01-03 17:09:00,1180,Success
MIG-0002,v1.002,alter_table_customer_rename_field_2,2020-01-05 03:05:00,555,Success
MIG-0003,v1.003,alter_table_wallet_create_table_3,2020-01-06 13:46:00,1150,Success
MIG-0004,v1.004,alter_table_transaction_create_table_4,2020-01-08 14:36:00,357,Success
MIG-0005,v1.005,alter_table_card_modify_index_5,2020-01-10 23:24:00,1931,Success
MIG-0006,v1.006,alter_table_card_modify_index_6,2020-01-13 11:53:00,2374,Success
MIG-0007,v1.007,alter_table_account_modify_index_7,2020-01-14 20:11:00,426,Success
MIG-0008,v1.008,alter_table_customer_rename_field_8,2020-01-15 22:43:00,181,Success
MIG-0009,v1.009,alter_table_merchant_drop_unused_9,2020-01-17 06:55:00,1420,Success
MIG-0010,v1.010,alter_table_wallet_add_column_10,2020-01-19 09:29:00,1439,Success
MIG-0011,v1.011,alter_table_card_drop_unused_11,2020-01-20 19:27:00,418,Success
MIG-0012,v1.012,alter_table_wallet_create_table_12,2020-01-22 06:39:00,591,Success
MIG-0013,v1.013,alter_table_transaction_drop_unused_13,2020-01-23 17:04:00,989,Success
MIG-0014,v1.014,alter_table_exception_drop_unused_14,2020-01-24 23:59:00,154,Success
MIG-0015,v1.015,alter_table_exception_drop_unused_15,2020-01-26 00:26:00,129,Success
MIG-0016,v1.016,alter_table_exception_modify_index_16,2020-01-28 12:58:00,2325,Success
MIG-0017,v1.017,alter_table_customer_add_column_17,2020-01-30 18:37:00,218,Success
MIG-0018,v1.018,alter_table_wallet_modify_index_18,2020-02-01 00:56:00,1032,Success
MIG-0019,v1.019,alter_table_card_drop_unused_19,2020-02-02 03:10:00,2451,Success
MIG-0020,v1.020,alter_table_card_create_table_20,2020-02-04 07:52:00,1681,Success
MIG-0021,v1.021,alter_table_transaction_modify_index_21,2020-02-06 08:55:00,1543,Success
MIG-0022,v1.022,alter_table_exception_drop_unused_22,2020-02-08 12:08:00,2125,Success
MIG-0023,v1.023,alter_table_transaction_rename_field_23,2020-02-11 01:01:00,124,Success
MIG-0024,v1.024,alter_table_account_rename_field_24,2020-02-13 06:47:00,946,Success
MIG-0025,v1.025,alter_table_exception_create_table_25,2020-02-14 19:17:00,1238,Success
MIG-0026,v1.026,alter_table_customer_create_table_26,2020-02-16 00:29:00,1426,Success
MIG-0027,v1.027,alter_table_customer_rename_field_27,2020-02-18 07:03:00,933,Success
MIG-0028,v1.028,alter_table_wallet_drop_unused_28,2020-02-20 15:10:00,2330,Success
MIG-0029,v1.029,alter_table_merchant_modify_index_29,2020-02-22 20:25:00,1081,Success
MIG-0030,v1.030,alter_table_transaction_drop_unused_30,2020-02-24 08:10:00,2180,Success
MIG-0031,v1.031,alter_table_exception_add_column_31,2020-02-25 13:11:00,832,Success
MIG-0032,v1.032,alter_table_account_create_table_32,2020-02-27 23:57:00,2075,Success
MIG-0033,v1.033,alter_table_merchant_modify_index_33,2020-02-29 11:20:00,1168,Success
MIG-0034,v1.034,alter_table_wallet_drop_unused_34,2020-03-01 12:37:00,564,Success
MIG-0035,v1.035,alter_table_wallet_rename_field_35,2020-03-04 00:18:00,2261,Success
MIG-0036,v1.036,alter_table_customer_modify_index_36,2020-03-06 02:44:00,687,Success
MIG-0037,v1.037,alter_table_merchant_modify_index_37,2020-03-08 05:13:00,2378,Success
MIG-0038,v1.038,alter_table_transaction_add_column_38,2020-03-09 15:30:00,1328,Failed
MIG-0039,v1.039,alter_table_transaction_add_column_38_retry,2020-03-11 20:25:00,2301,Success
MIG-0040,v1.040,alter_table_account_add_column_40,2020-03-12 23:01:00,1481,Failed
MIG-0041,v1.041,alter_table_account_add_column_40_retry,2020-03-14 06:36:00,329,Success
MIG-0042,v1.042,alter_table_account_add_column_42,2020-03-16 07:33:00,918,Success
MIG-0043,v1.043,alter_table_transaction_drop_unused_43,2020-03-17 19:00:00,1197,Success
MIG-0044,v1.044,alter_table_transaction_create_table_44,2020-03-19 22:46:00,1427,Success
MIG-0045,v1.045,alter_table_customer_drop_unused_45,2020-03-22 02:38:00,1729,Success
MIG-0046,v1.046,alter_table_card_rename_field_46,2020-03-23 07:17:00,980,Success
MIG-0047,v1.047,alter_table_exception_add_column_47,2020-03-24 17:22:00,2054,Success
MIG-0048,v1.048,alter_table_customer_rename_field_48,2020-03-25 21:25:00,591,Success
MIG-0049,v1.049,alter_table_transaction_drop_unused_49,2020-03-28 00:59:00,2025,Success
MIG-0050,v1.050,alter_table_account_rename_field_50,2020-03-29 03:28:00,97,Success
MIG-0051,v1.051,alter_table_account_add_column_51,2020-03-31 08:28:00,1400,Success
MIG-0052,v1.052,alter_table_customer_add_column_52,2020-04-02 20:31:00,729,Success
MIG-0053,v1.053,alter_table_card_modify_index_53,2020-04-04 09:08:00,1458,Success
MIG-0054,v1.054,alter_table_transaction_modify_index_54,2020-04-06 12:05:00,1345,Success
MIG-0055,v1.055,alter_table_transaction_modify_index_55,2020-04-08 22:07:00,1576,Success
MIG-0056,v1.056,alter_table_exception_create_table_56,2020-04-10 23:44:00,2402,Success
MIG-0057,v1.057,alter_table_wallet_modify_index_57,2020-04-12 01:35:00,1820,Success
MIG-0058,v1.058,alter_table_exception_create_table_58,2020-04-14 09:27:00,708,Success
MIG-0059,v1.059,alter_table_wallet_modify_index_59,2020-04-16 12:19:00,1742,Success
MIG-0060,v1.060,alter_table_exception_rename_field_60,2020-04-17 21:57:00,157,Success
MIG-0061,v1.061,alter_table_account_drop_unused_61,2020-04-20 03:48:00,1338,Success
MIG-0062,v1.062,alter_table_account_modify_index_62,2020-04-21 16:47:00,2209,Success
MIG-0063,v1.063,alter_table_account_drop_unused_63,2020-04-24 05:33:00,771,Success
MIG-0064,v1.064,alter_table_merchant_create_table_64,2020-04-26 06:46:00,1563,Success
MIG-0065,v1.065,alter_table_exception_create_table_65,2020-04-28 18:30:00,998,Success
MIG-0066,v1.066,alter_table_merchant_create_table_66,2020-04-30 05:42:00,1471,Success
MIG-0067,v1.067,alter_table_exception_rename_field_67,2020-05-01 09:31:00,354,Success
MIG-0068,v1.068,alter_table_card_drop_unused_68,2020-05-03 16:09:00,2196,Success
MIG-0069,v1.069,alter_table_card_create_table_69,2020-05-04 23:03:00,2201,Success
MIG-0070,v1.070,alter_table_exception_add_column_70,2020-05-06 09:36:00,1676,Success
MIG-0071,v1.071,alter_table_exception_create_table_71,2020-05-08 11:27:00,343,Success
MIG-0072,v1.072,alter_table_account_add_column_72,2020-05-09 11:49:00,1473,Success
MIG-0073,v1.073,alter_table_exception_create_table_73,2020-05-11 16:06:00,2319,Success
MIG-0074,v1.074,alter_table_exception_create_table_74,2020-05-13 21:22:00,2031,Success
MIG-0075,v1.075,alter_table_exception_modify_index_75,2020-05-16 06:48:00,481,Success
MIG-0076,v1.076,alter_table_card_rename_field_76,2020-05-18 15:03:00,2118,Success
MIG-0077,v1.077,alter_table_wallet_create_table_77,2020-05-20 21:58:00,599,Success
MIG-0078,v1.078,alter_table_customer_add_column_78,2020-05-22 00:57:00,2096,Success
MIG-0079,v1.079,alter_table_wallet_create_table_79,2020-05-23 05:49:00,996,Success
MIG-0080,v1.080,alter_table_card_modify_index_80,2020-05-24 13:37:00,1955,Success
MIG-0081,v1.081,alter_table_customer_rename_field_81,2020-05-26 22:15:00,932,Success
MIG-0082,v1.082,alter_table_account_rename_field_82,2020-05-29 08:00:00,534,Success
MIG-0083,v1.083,alter_table_card_drop_unused_83,2020-05-31 16:24:00,2403,Success
MIG-0084,v1.084,alter_table_transaction_add_column_84,2020-06-01 23:42:00,1850,Success
MIG-0085,v1.085,alter_table_account_modify_index_85,2020-06-04 02:11:00,2356,Success
MIG-0086,v1.086,alter_table_card_drop_unused_86,2020-06-06 13:45:00,364,Success
MIG-0087,v1.087,alter_table_customer_add_column_87,2020-06-08 23:28:00,1181,Success
MIG-0088,v1.088,alter_table_customer_drop_unused_88,2020-06-10 06:19:00,871,Success
MIG-0089,v1.089,alter_table_transaction_modify_index_89,2020-06-11 15:06:00,2496,Success
MIG-0090,v1.090,alter_table_account_modify_index_90,2020-06-12 20:55:00,715,Success
MIG-0091,v1.091,alter_table_account_rename_field_91,2020-06-15 09:33:00,558,Success
MIG-0092,v1.092,alter_table_customer_drop_unused_92,2020-06-16 11:29:00,1160,Success
MIG-0093,v1.093,alter_table_exception_drop_unused_93,2020-06-17 14:16:00,688,Success
MIG-0094,v1.094,alter_table_transaction_drop_unused_94,2020-06-18 15:12:00,984,Success
MIG-0095,v1.095,alter_table_merchant_modify_index_95,2020-06-19 18:15:00,2301,Success
MIG-0096,v1.096,alter_table_transaction_create_table_96,2020-06-21 05:48:00,1207,Success
MIG-0097,v1.097,alter_table_account_rename_field_97,2020-06-22 08:45:00,1199,Success
MIG-0098,v1.098,alter_table_wallet_modify_index_98,2020-06-24 13:52:00,693,Success
MIG-0099,v1.099,alter_table_customer_drop_unused_99,2020-06-25 19:36:00,40,Success
MIG-0100,v1.100,alter_table_card_drop_unused_100,2020-06-28 00:23:00,1831,Success
MIG-0101,v1.101,alter_table_wallet_add_column_101,2020-06-30 10:39:00,1959,Success
MIG-0102,v1.102,alter_table_transaction_add_column_102,2020-07-02 12:03:00,1474,Success
MIG-0103,v1.103,alter_table_card_create_table_103,2020-07-04 22:02:00,1982,Success
MIG-0104,v1.104,alter_table_card_drop_unused_104,2020-07-06 03:33:00,2341,Success
MIG-0105,v1.105,alter_table_account_modify_index_105,2020-07-07 08:42:00,1097,Success
MIG-0106,v1.106,alter_table_wallet_drop_unused_106,2020-07-09 21:31:00,446,Success
MIG-0107,v1.107,alter_table_customer_rename_field_107,2020-07-11 02:34:00,2433,Success
MIG-0108,v1.108,alter_table_customer_rename_field_108,2020-07-12 06:57:00,921,Success
MIG-0109,v1.109,alter_table_merchant_create_table_109,2020-07-13 12:23:00,1919,Success
MIG-0110,v1.110,alter_table_customer_rename_field_110,2020-07-15 21:55:00,1212,Success
MIG-0111,v1.111,alter_table_transaction_add_column_111,2020-07-18 07:55:00,1697,Success
MIG-0112,v1.112,alter_table_card_drop_unused_112,2020-07-19 16:08:00,2260,Success
MIG-0113,v1.113,alter_table_wallet_add_column_113,2020-07-21 21:48:00,1561,Success
MIG-0114,v1.114,alter_table_account_add_column_114,2020-07-23 23:20:00,692,Success
MIG-0115,v1.115,alter_table_account_drop_unused_115,2020-07-26 05:56:00,1586,Success
MIG-0116,v1.116,alter_table_customer_modify_index_116,2020-07-28 17:21:00,1102,Success
MIG-0117,v1.117,alter_table_card_rename_field_117,2020-07-29 20:29:00,1760,Success
MIG-0118,v1.118,alter_table_customer_drop_unused_118,2020-07-31 00:48:00,1828,Success
MIG-0119,v1.119,alter_table_exception_create_table_119,2020-08-01 10:08:00,1921,Success
MIG-0120,v1.120,alter_table_customer_drop_unused_120,2020-08-02 12:32:00,416,Success
MIG-0121,v1.121,alter_table_wallet_modify_index_121,2020-08-03 14:51:00,406,Success
MIG-0122,v1.122,alter_table_merchant_add_column_122,2020-08-04 21:17:00,1432,Success
MIG-0123,v1.123,alter_table_wallet_rename_field_123,2020-08-06 04:13:00,724,Success
MIG-0124,v1.124,alter_table_account_rename_field_124,2020-08-07 07:07:00,2389,Success
MIG-0125,v1.125,alter_table_wallet_modify_index_125,2020-08-08 14:39:00,281,Success
MIG-0126,v1.126,alter_table_transaction_add_column_126,2020-08-09 14:56:00,508,Success
MIG-0127,v1.127,alter_table_wallet_create_table_127,2020-08-11 03:34:00,909,Success
MIG-0128,v1.128,alter_table_wallet_modify_index_128,2020-08-13 03:51:00,538,Success
MIG-0129,v1.129,alter_table_exception_modify_index_129,2020-08-14 11:52:00,2328,Success
MIG-0130,v1.130,alter_table_card_drop_unused_130,2020-08-15 18:22:00,742,Success
MIG-0131,v1.131,alter_table_card_create_table_131,2020-08-17 03:11:00,1629,Success
MIG-0132,v1.132,alter_table_exception_drop_unused_132,2020-08-19 07:34:00,1022,Success
MIG-0133,v1.133,alter_table_account_drop_unused_133,2020-08-21 08:38:00,1471,Success
MIG-0134,v1.134,alter_table_transaction_create_table_134,2020-08-22 13:05:00,1852,Success
MIG-0135,v1.135,alter_table_exception_create_table_135,2020-08-23 14:52:00,548,Success
MIG-0136,v1.136,alter_table_customer_rename_field_136,2020-08-25 16:06:00,342,Success
MIG-0137,v1.137,alter_table_customer_drop_unused_137,2020-08-26 23:49:00,440,Success
MIG-0138,v1.138,alter_table_card_create_table_138,2020-08-28 00:35:00,1885,Success
MIG-0139,v1.139,alter_table_customer_modify_index_139,2020-08-30 09:53:00,1573,Success
MIG-0140,v1.140,alter_table_merchant_add_column_140,2020-08-31 12:10:00,1728,Success
MIG-0141,v1.141,alter_table_transaction_create_table_141,2020-09-01 13:40:00,1784,Success
MIG-0142,v1.142,alter_table_customer_create_table_142,2020-09-03 02:13:00,2026,Success
MIG-0143,v1.143,alter_table_account_rename_field_143,2020-09-04 04:00:00,2386,Success
MIG-0144,v1.144,alter_table_wallet_add_column_144,2020-09-05 15:07:00,478,Success
MIG-0145,v1.145,alter_table_wallet_modify_index_145,2020-09-07 00:31:00,2240,Success
MIG-0146,v1.146,alter_table_exception_modify_index_146,2020-09-09 09:21:00,1209,Success
MIG-0147,v1.147,alter_table_customer_add_column_147,2020-09-11 14:06:00,2259,Success
MIG-0148,v1.148,alter_table_wallet_rename_field_148,2020-09-13 15:34:00,1465,Success
MIG-0149,v1.149,alter_table_account_modify_index_149,2020-09-15 00:52:00,2006,Success
MIG-0150,v1.150,alter_table_customer_drop_unused_150,2020-09-17 04:37:00,1407,Success
MIG-0151,v1.151,alter_table_merchant_drop_unused_151,2020-09-19 10:01:00,655,Success
MIG-0152,v1.152,alter_table_wallet_drop_unused_152,2020-09-20 18:12:00,2033,Success
MIG-0153,v1.153,alter_table_card_modify_index_153,2020-09-22 19:46:00,1217,Success
MIG-0154,v1.154,alter_table_card_create_table_154,2020-09-24 08:20:00,1846,Success
MIG-0155,v1.155,alter_table_account_rename_field_155,2020-09-25 13:23:00,2395,Success
MIG-0156,v1.156,alter_table_exception_drop_unused_156,2020-09-27 01:10:00,2138,Success
MIG-0157,v1.157,alter_table_card_add_column_157,2020-09-28 09:41:00,287,Success
MIG-0158,v1.158,alter_table_merchant_add_column_158,2020-09-29 18:47:00,1059,Success
MIG-0159,v1.159,alter_table_merchant_modify_index_159,2020-10-01 06:30:00,702,Success
MIG-0160,v1.160,alter_table_exception_add_column_160,2020-10-02 19:28:00,1209,Success
MIG-0161,v1.161,alter_table_card_rename_field_161,2020-10-05 00:55:00,1122,Success
MIG-0162,v1.162,alter_table_transaction_create_table_162,2020-10-07 07:50:00,220,Success
MIG-0163,v1.163,alter_table_merchant_rename_field_163,2020-10-09 20:08:00,839,Success
MIG-0164,v1.164,alter_table_merchant_rename_field_164,2020-10-11 04:26:00,1452,Success
MIG-0165,v1.165,alter_table_transaction_rename_field_165,2020-10-12 15:30:00,354,Success
MIG-0166,v1.166,alter_table_card_rename_field_166,2020-10-14 17:33:00,879,Success
MIG-0167,v1.167,alter_table_exception_rename_field_167,2020-10-16 03:21:00,1303,Success
MIG-0168,v1.168,alter_table_customer_drop_unused_168,2020-10-18 07:07:00,17,Success
MIG-0169,v1.169,alter_table_customer_modify_index_169,2020-10-19 18:29:00,1119,Success
MIG-0170,v1.170,alter_table_exception_drop_unused_170,2020-10-21 20:30:00,2390,Success
MIG-0171,v1.171,alter_table_transaction_rename_field_171,2020-10-24 06:31:00,1458,Success
MIG-0172,v1.172,alter_table_customer_add_column_172,2020-10-26 08:30:00,1318,Success
MIG-0173,v1.173,alter_table_account_modify_index_173,2020-10-28 13:55:00,2235,Success
MIG-0174,v1.174,alter_table_card_rename_field_174,2020-10-29 19:04:00,277,Success
MIG-0175,v1.175,alter_table_exception_modify_index_175,2020-10-31 03:31:00,1746,Success
MIG-0176,v1.176,alter_table_wallet_rename_field_176,2020-11-01 11:26:00,2040,Success
MIG-0177,v1.177,alter_table_merchant_create_table_177,2020-11-02 18:17:00,1163,Success
MIG-0178,v1.178,alter_table_exception_create_table_178,2020-11-04 19:24:00,1475,Success
MIG-0179,v1.179,alter_table_merchant_drop_unused_179,2020-11-06 06:06:00,1116,Success
MIG-0180,v1.180,alter_table_merchant_drop_unused_180,2020-11-07 06:55:00,894,Success
MIG-0181,v1.181,alter_table_account_create_table_181,2020-11-08 12:30:00,871,Success
MIG-0182,v1.182,alter_table_merchant_rename_field_182,2020-11-10 18:51:00,2320,Success
MIG-0183,v1.183,alter_table_transaction_add_column_183,2020-11-12 04:14:00,624,Success
MIG-0184,v1.184,alter_table_account_drop_unused_184,2020-11-13 12:13:00,1781,Success
MIG-0185,v1.185,alter_table_exception_add_column_185,2020-11-15 22:35:00,1277,Success
MIG-0186,v1.186,alter_table_wallet_modify_index_186,2020-11-18 11:17:00,994,Success
MIG-0187,v1.187,alter_table_account_drop_unused_187,2020-11-20 16:14:00,1853,Success
MIG-0188,v1.188,alter_table_account_drop_unused_188,2020-11-22 01:37:00,1703,Success
MIG-0189,v1.189,alter_table_transaction_drop_unused_189,2020-11-23 02:07:00,1080,Success
MIG-0190,v1.190,alter_table_transaction_modify_index_190,2020-11-24 05:34:00,513,Success
MIG-0191,v1.191,alter_table_customer_create_table_191,2020-11-25 11:07:00,1396,Success
MIG-0192,v1.192,alter_table_customer_drop_unused_192,2020-11-26 20:33:00,1070,Success
MIG-0193,v1.193,alter_table_transaction_drop_unused_193,2020-11-28 01:59:00,1586,Success
MIG-0194,v1.194,alter_table_wallet_drop_unused_194,2020-11-30 14:29:00,939,Success
MIG-0195,v1.195,alter_table_customer_drop_unused_195,2020-12-01 16:48:00,2093,Success
MIG-0196,v1.196,alter_table_customer_drop_unused_196,2020-12-04 00:13:00,2362,Success
MIG-0197,v1.197,alter_table_account_rename_field_197,2020-12-05 05:10:00,1299,Success
MIG-0198,v1.198,alter_table_transaction_modify_index_198,2020-12-07 07:49:00,1606,Success
MIG-0199,v1.199,alter_table_transaction_rename_field_199,2020-12-08 19:47:00,1864,Success
MIG-0200,v1.200,alter_table_transaction_add_column_200,2020-12-10 00:54:00,1892,Success
MIG-0201,v1.201,alter_table_account_add_column_201,2020-12-12 00:59:00,1034,Success
MIG-0202,v1.202,alter_table_merchant_modify_index_202,2020-12-13 05:48:00,1800,Success
MIG-0203,v1.203,alter_table_card_modify_index_203,2020-12-15 08:52:00,428,Success
MIG-0204,v1.204,alter_table_wallet_modify_index_204,2020-12-16 15:21:00,205,Success
MIG-0205,v1.205,alter_table_wallet_create_table_205,2020-12-18 17:53:00,735,Success
MIG-0206,v1.206,alter_table_exception_rename_field_206,2020-12-19 23:57:00,985,Success
MIG-0207,v1.207,alter_table_account_add_column_207,2020-12-22 04:37:00,334,Success
MIG-0208,v1.208,alter_table_exception_add_column_208,2020-12-23 06:09:00,844,Success
MIG-0209,v1.209,alter_table_card_add_column_209,2020-12-25 09:20:00,185,Success
MIG-0210,v1.210,alter_table_wallet_add_column_210,2020-12-26 18:59:00,767,Success
MIG-0211,v1.211,alter_table_merchant_modify_index_211,2020-12-27 23:45:00,1860,Success
MIG-0212,v1.212,alter_table_card_rename_field_212,2020-12-29 01:29:00,2462,Success
MIG-0213,v1.213,alter_table_card_rename_field_213,2020-12-30 12:15:00,254,Success
MIG-0214,v1.214,alter_table_account_create_table_214,2020-12-31 16:37:00,1095,Success
MIG-0215,v1.215,alter_table_merchant_drop_unused_215,2021-01-02 00:15:00,255,Success
MIG-0216,v1.216,alter_table_wallet_add_column_216,2021-01-04 01:12:00,224,Success
MIG-0217,v1.217,alter_table_transaction_create_table_217,2021-01-06 02:45:00,2143,Success
MIG-0218,v1.218,alter_table_exception_drop_unused_218,2021-01-07 12:03:00,1462,Success
MIG-0219,v1.219,alter_table_customer_drop_unused_219,2021-01-09 15:50:00,714,Success
MIG-0220,v1.220,alter_table_wallet_rename_field_220,2021-01-11 00:16:00,1590,Success
MIG-0221,v1.221,alter_table_exception_modify_index_221,2021-01-12 02:05:00,2051,Success
MIG-0222,v1.222,alter_table_merchant_add_column_222,2021-01-13 12:59:00,1798,Success
MIG-0223,v1.223,alter_table_customer_create_table_223,2021-01-15 00:35:00,968,Success
MIG-0224,v1.224,alter_table_exception_rename_field_224,2021-01-17 11:00:00,2466,Success
MIG-0225,v1.225,alter_table_merchant_create_table_225,2021-01-19 13:39:00,1651,Success
MIG-0226,v1.226,alter_table_account_drop_unused_226,2021-01-21 22:59:00,2103,Success
MIG-0227,v1.227,alter_table_transaction_modify_index_227,2021-01-23 03:34:00,2074,Success
MIG-0228,v1.228,alter_table_transaction_modify_index_228,2021-01-24 06:11:00,2137,Success
MIG-0229,v1.229,alter_table_merchant_create_table_229,2021-01-25 13:41:00,2024,Success
MIG-0230,v1.230,alter_table_account_drop_unused_230,2021-01-26 17:12:00,793,Success
MIG-0231,v1.231,alter_table_exception_add_column_231,2021-01-28 19:14:00,739,Success
MIG-0232,v1.232,alter_table_transaction_modify_index_232,2021-01-30 07:06:00,152,Success
MIG-0233,v1.233,alter_table_exception_rename_field_233,2021-01-31 16:27:00,2350,Success
MIG-0234,v1.234,alter_table_wallet_modify_index_234,2021-02-02 19:06:00,245,Success
MIG-0235,v1.235,alter_table_wallet_add_column_235,2021-02-05 06:46:00,1262,Success
MIG-0236,v1.236,alter_table_merchant_add_column_236,2021-02-07 11:51:00,211,Success
MIG-0237,v1.237,alter_table_merchant_rename_field_237,2021-02-10 00:32:00,2169,Success
MIG-0238,v1.238,alter_table_account_create_table_238,2021-02-12 10:05:00,417,Success
MIG-0239,v1.239,alter_table_customer_add_column_239,2021-02-14 15:52:00,958,Success
MIG-0240,v1.240,alter_table_card_add_column_240,2021-02-16 17:59:00,319,Success
MIG-0241,v1.241,alter_table_merchant_modify_index_241,2021-02-18 06:32:00,15,Success
MIG-0242,v1.242,alter_table_wallet_modify_index_242,2021-02-20 11:17:00,1057,Success
MIG-0243,v1.243,alter_table_merchant_add_column_243,2021-02-21 22:02:00,1525,Success
MIG-0244,v1.244,alter_table_transaction_drop_unused_244,2021-02-22 22:41:00,2490,Success
MIG-0245,v1.245,alter_table_customer_rename_field_245,2021-02-23 23:25:00,1699,Success
MIG-0246,v1.246,alter_table_exception_modify_index_246,2021-02-26 06:40:00,190,Failed
MIG-0247,v1.247,alter_table_exception_modify_index_246_retry,2021-02-28 16:12:00,1956,Success
MIG-0248,v1.248,alter_table_transaction_drop_unused_248,2021-03-02 21:53:00,117,Success
MIG-0249,v1.249,alter_table_exception_add_column_249,2021-03-05 06:37:00,1305,Success
MIG-0250,v1.250,alter_table_account_create_table_250,2021-03-07 16:57:00,374,Success
MIG-0251,v1.251,alter_table_exception_rename_field_251,2021-03-10 03:32:00,855,Success
MIG-0252,v1.252,alter_table_account_modify_index_252,2021-03-12 12:27:00,1202,Success
MIG-0253,v1.253,alter_table_transaction_rename_field_253,2021-03-14 18:39:00,1659,Success
MIG-0254,v1.254,alter_table_card_rename_field_254,2021-03-17 04:19:00,1776,Success
MIG-0255,v1.255,alter_table_card_add_column_255,2021-03-18 17:00:00,802,Success
MIG-0256,v1.256,alter_table_transaction_rename_field_256,2021-03-20 05:40:00,98,Success
MIG-0257,v1.257,alter_table_merchant_modify_index_257,2021-03-22 09:30:00,230,Success
MIG-0258,v1.258,alter_table_wallet_add_column_258,2021-03-24 21:36:00,712,Success
MIG-0259,v1.259,alter_table_merchant_drop_unused_259,2021-03-27 05:35:00,1355,Success
MIG-0260,v1.260,alter_table_exception_rename_field_260,2021-03-28 14:28:00,395,Success
MIG-0261,v1.261,alter_table_card_add_column_261,2021-03-30 15:40:00,2483,Success
MIG-0262,v1.262,alter_table_account_create_table_262,2021-04-01 19:23:00,875,Success
MIG-0263,v1.263,alter_table_account_create_table_263,2021-04-02 23:58:00,2062,Success
MIG-0264,v1.264,alter_table_merchant_add_column_264,2021-04-05 01:18:00,1708,Success
MIG-0265,v1.265,alter_table_exception_create_table_265,2021-04-06 09:06:00,1268,Success
MIG-0266,v1.266,alter_table_customer_add_column_266,2021-04-07 15:40:00,2267,Success
MIG-0267,v1.267,alter_table_exception_create_table_267,2021-04-10 00:27:00,856,Success
MIG-0268,v1.268,alter_table_account_add_column_268,2021-04-11 01:57:00,1215,Success
MIG-0269,v1.269,alter_table_transaction_modify_index_269,2021-04-12 14:11:00,723,Success
MIG-0270,v1.270,alter_table_account_drop_unused_270,2021-04-15 02:57:00,1299,Success
MIG-0271,v1.271,alter_table_transaction_modify_index_271,2021-04-16 05:57:00,1894,Success
MIG-0272,v1.272,alter_table_card_add_column_272,2021-04-17 18:04:00,1281,Success
MIG-0273,v1.273,alter_table_merchant_modify_index_273,2021-04-18 19:22:00,1463,Success
MIG-0274,v1.274,alter_table_account_rename_field_274,2021-04-20 21:40:00,1947,Success
MIG-0275,v1.275,alter_table_exception_rename_field_275,2021-04-22 09:41:00,1856,Success
MIG-0276,v1.276,alter_table_account_rename_field_276,2021-04-24 10:33:00,1116,Success
MIG-0277,v1.277,alter_table_account_add_column_277,2021-04-26 19:47:00,57,Success
MIG-0278,v1.278,alter_table_customer_drop_unused_278,2021-04-29 03:39:00,1794,Success
MIG-0279,v1.279,alter_table_merchant_create_table_279,2021-04-30 05:30:00,252,Success
MIG-0280,v1.280,alter_table_account_create_table_280,2021-05-02 15:58:00,2332,Success
MIG-0281,v1.281,alter_table_transaction_rename_field_281,2021-05-05 02:23:00,1683,Success
MIG-0282,v1.282,alter_table_account_drop_unused_282,2021-05-07 06:28:00,1446,Success
MIG-0283,v1.283,alter_table_card_modify_index_283,2021-05-09 12:02:00,1068,Success
MIG-0284,v1.284,alter_table_merchant_modify_index_284,2021-05-11 14:41:00,2214,Success
MIG-0285,v1.285,alter_table_customer_drop_unused_285,2021-05-13 19:10:00,1970,Success
MIG-0286,v1.286,alter_table_merchant_add_column_286,2021-05-16 06:43:00,1646,Success
MIG-0287,v1.287,alter_table_card_create_table_287,2021-05-18 17:33:00,2338,Success
MIG-0288,v1.288,alter_table_wallet_add_column_288,2021-05-21 04:12:00,1877,Success
MIG-0289,v1.289,alter_table_transaction_modify_index_289,2021-05-22 10:32:00,1445,Success
MIG-0290,v1.290,alter_table_exception_create_table_290,2021-05-23 13:09:00,2192,Success
MIG-0291,v1.291,alter_table_account_modify_index_291,2021-05-25 20:49:00,2059,Success
MIG-0292,v1.292,alter_table_wallet_add_column_292,2021-05-28 06:59:00,1518,Success
MIG-0293,v1.293,alter_table_merchant_create_table_293,2021-05-30 11:44:00,1381,Success
MIG-0294,v1.294,alter_table_card_modify_index_294,2021-06-01 14:41:00,115,Success
MIG-0295,v1.295,alter_table_merchant_modify_index_295,2021-06-04 01:36:00,1601,Success
MIG-0296,v1.296,alter_table_account_rename_field_296,2021-06-06 05:05:00,1947,Success
MIG-0297,v1.297,alter_table_transaction_modify_index_297,2021-06-07 15:02:00,1442,Success
MIG-0298,v1.298,alter_table_card_rename_field_298,2021-06-08 21:39:00,446,Success
MIG-0299,v1.299,alter_table_wallet_rename_field_299,2021-06-10 08:43:00,1828,Success
MIG-0300,v1.300,alter_table_account_add_column_300,2021-06-12 13:18:00,2122,Success
MIG-0301,v1.301,alter_table_customer_drop_unused_301,2021-06-13 22:00:00,855,Success
MIG-0302,v1.302,alter_table_wallet_add_column_302,2021-06-15 03:21:00,873,Success
MIG-0303,v1.303,alter_table_merchant_add_column_303,2021-06-17 13:54:00,1486,Success
MIG-0304,v1.304,alter_table_card_rename_field_304,2021-06-18 20:49:00,676,Success
MIG-0305,v1.305,alter_table_customer_create_table_305,2021-06-19 23:24:00,2263,Success
MIG-0306,v1.306,alter_table_merchant_create_table_306,2021-06-21 23:42:00,2408,Success
MIG-0307,v1.307,alter_table_merchant_drop_unused_307,2021-06-24 03:54:00,1481,Success
MIG-0308,v1.308,alter_table_exception_add_column_308,2021-06-26 16:39:00,1198,Success
MIG-0309,v1.309,alter_table_exception_create_table_309,2021-06-28 04:34:00,1454,Success
MIG-0310,v1.310,alter_table_customer_add_column_310,2021-06-29 13:28:00,413,Success
MIG-0311,v1.311,alter_table_merchant_create_table_311,2021-07-01 17:21:00,1975,Success
MIG-0312,v1.312,alter_table_customer_rename_field_312,2021-07-03 04:11:00,1159,Success
MIG-0313,v1.313,alter_table_account_add_column_313,2021-07-05 04:39:00,490,Success
MIG-0314,v1.314,alter_table_exception_rename_field_314,2021-07-07 12:49:00,2499,Success
MIG-0315,v1.315,alter_table_exception_modify_index_315,2021-07-08 19:29:00,627,Success
MIG-0316,v1.316,alter_table_wallet_modify_index_316,2021-07-10 07:57:00,1208,Success
MIG-0317,v1.317,alter_table_card_add_column_317,2021-07-11 17:30:00,1349,Success
MIG-0318,v1.318,alter_table_transaction_add_column_318,2021-07-13 18:16:00,2190,Success
MIG-0319,v1.319,alter_table_card_add_column_319,2021-07-15 00:45:00,2421,Success
MIG-0320,v1.320,alter_table_exception_drop_unused_320,2021-07-17 05:43:00,1611,Success
MIG-0321,v1.321,alter_table_wallet_modify_index_321,2021-07-19 18:23:00,810,Success
MIG-0322,v1.322,alter_table_account_rename_field_322,2021-07-22 04:34:00,1898,Success
MIG-0323,v1.323,alter_table_exception_modify_index_323,2021-07-23 14:13:00,1188,Success
MIG-0324,v1.324,alter_table_account_add_column_324,2021-07-25 15:33:00,540,Success
MIG-0325,v1.325,alter_table_wallet_rename_field_325,2021-07-28 02:51:00,934,Success
MIG-0326,v1.326,alter_table_wallet_create_table_326,2021-07-29 07:55:00,727,Success
MIG-0327,v1.327,alter_table_wallet_drop_unused_327,2021-07-31 12:02:00,652,Success
MIG-0328,v1.328,alter_table_wallet_create_table_328,2021-08-01 16:05:00,1037,Success
MIG-0329,v1.329,alter_table_transaction_drop_unused_329,2021-08-02 16:29:00,1229,Success
MIG-0330,v1.330,alter_table_exception_modify_index_330,2021-08-04 01:02:00,2122,Success
MIG-0331,v1.331,alter_table_card_rename_field_331,2021-08-05 02:37:00,347,Success
MIG-0332,v1.332,alter_table_transaction_modify_index_332,2021-08-06 06:33:00,1552,Success
MIG-0333,v1.333,alter_table_transaction_add_column_333,2021-08-08 18:45:00,417,Success
MIG-0334,v1.334,alter_table_transaction_create_table_334,2021-08-10 23:17:00,453,Success
MIG-0335,v1.335,alter_table_account_modify_index_335,2021-08-13 02:15:00,2065,Failed
MIG-0336,v1.336,alter_table_account_modify_index_335_retry,2021-08-14 04:04:00,1517,Success
MIG-0337,v1.337,alter_table_customer_drop_unused_337,2021-08-15 09:13:00,1448,Success
MIG-0338,v1.338,alter_table_merchant_add_column_338,2021-08-17 18:05:00,2149,Success
MIG-0339,v1.339,alter_table_card_modify_index_339,2021-08-19 21:52:00,313,Success
MIG-0340,v1.340,alter_table_transaction_modify_index_340,2021-08-21 06:46:00,2489,Success
MIG-0341,v1.341,alter_table_transaction_drop_unused_341,2021-08-22 16:28:00,1790,Success
MIG-0342,v1.342,alter_table_merchant_modify_index_342,2021-08-24 17:29:00,1408,Success
MIG-0343,v1.343,alter_table_customer_rename_field_343,2021-08-26 20:45:00,1488,Success
MIG-0344,v1.344,alter_table_merchant_modify_index_344,2021-08-29 03:46:00,536,Success
MIG-0345,v1.345,alter_table_customer_add_column_345,2021-08-30 10:13:00,2059,Success
MIG-0346,v1.346,alter_table_merchant_add_column_346,2021-08-31 12:57:00,2402,Success
MIG-0347,v1.347,alter_table_card_drop_unused_347,2021-09-01 16:04:00,2184,Success
MIG-0348,v1.348,alter_table_account_add_column_348,2021-09-03 02:54:00,2392,Success
MIG-0349,v1.349,alter_table_exception_add_column_349,2021-09-05 15:27:00,1266,Failed
MIG-0350,v1.350,alter_table_exception_add_column_349_retry,2021-09-06 17:37:00,2343,Success
MIG-0351,v1.351,alter_table_account_rename_field_351,2021-09-09 02:43:00,1453,Success
MIG-0352,v1.352,alter_table_card_rename_field_352,2021-09-10 07:56:00,1328,Success
MIG-0353,v1.353,alter_table_account_drop_unused_353,2021-09-11 17:47:00,1115,Success
MIG-0354,v1.354,alter_table_account_add_column_354,2021-09-12 21:56:00,2169,Success
MIG-0355,v1.355,alter_table_wallet_add_column_355,2021-09-14 07:00:00,2171,Success
MIG-0356,v1.356,alter_table_exception_create_table_356,2021-09-16 11:00:00,1851,Success
MIG-0357,v1.357,alter_table_customer_create_table_357,2021-09-17 21:20:00,2383,Success
MIG-0358,v1.358,alter_table_exception_rename_field_358,2021-09-19 06:52:00,1613,Success
MIG-0359,v1.359,alter_table_wallet_modify_index_359,2021-09-20 09:13:00,846,Success
MIG-0360,v1.360,alter_table_wallet_add_column_360,2021-09-21 18:41:00,2311,Success
MIG-0361,v1.361,alter_table_transaction_modify_index_361,2021-09-24 07:18:00,2088,Success
MIG-0362,v1.362,alter_table_account_modify_index_362,2021-09-25 18:26:00,300,Success
MIG-0363,v1.363,alter_table_exception_drop_unused_363,2021-09-27 01:13:00,1845,Success
MIG-0364,v1.364,alter_table_exception_drop_unused_364,2021-09-28 12:56:00,1489,Success
MIG-0365,v1.365,alter_table_transaction_rename_field_365,2021-09-30 13:21:00,552,Success
MIG-0366,v1.366,alter_table_card_drop_unused_366,2021-10-02 00:28:00,1651,Success
MIG-0367,v1.367,alter_table_exception_create_table_367,2021-10-03 00:43:00,1130,Success
MIG-0368,v1.368,alter_table_wallet_rename_field_368,2021-10-05 00:52:00,969,Success
MIG-0369,v1.369,alter_table_account_create_table_369,2021-10-07 09:01:00,933,Success
MIG-0370,v1.370,alter_table_exception_create_table_370,2021-10-09 21:10:00,2080,Success
MIG-0371,v1.371,alter_table_wallet_rename_field_371,2021-10-11 21:27:00,1577,Success
MIG-0372,v1.372,alter_table_merchant_create_table_372,2021-10-14 05:06:00,1765,Success
MIG-0373,v1.373,alter_table_exception_drop_unused_373,2021-10-16 08:43:00,2470,Success
MIG-0374,v1.374,alter_table_exception_rename_field_374,2021-10-17 11:41:00,2229,Success
MIG-0375,v1.375,alter_table_wallet_create_table_375,2021-10-18 20:22:00,316,Success
MIG-0376,v1.376,alter_table_merchant_drop_unused_376,2021-10-21 06:30:00,944,Success
MIG-0377,v1.377,alter_table_customer_create_table_377,2021-10-23 09:46:00,1649,Success
MIG-0378,v1.378,alter_table_exception_rename_field_378,2021-10-25 17:51:00,510,Success
MIG-0379,v1.379,alter_table_account_create_table_379,2021-10-27 02:01:00,262,Success
MIG-0380,v1.380,alter_table_wallet_add_column_380,2021-10-29 13:57:00,1296,Success
MIG-0381,v1.381,alter_table_merchant_modify_index_381,2021-10-31 15:58:00,2140,Success
MIG-0382,v1.382,alter_table_transaction_rename_field_382,2021-11-03 02:42:00,1110,Success
MIG-0383,v1.383,alter_table_customer_drop_unused_383,2021-11-04 09:39:00,1715,Success
MIG-0384,v1.384,alter_table_transaction_create_table_384,2021-11-06 14:39:00,768,Success
MIG-0385,v1.385,alter_table_merchant_rename_field_385,2021-11-08 20:30:00,1691,Success
MIG-0386,v1.386,alter_table_exception_drop_unused_386,2021-11-09 22:42:00,1332,Success
MIG-0387,v1.387,alter_table_account_drop_unused_387,2021-11-11 00:20:00,2413,Success
MIG-0388,v1.388,alter_table_wallet_drop_unused_388,2021-11-12 04:14:00,727,Success
MIG-0389,v1.389,alter_table_merchant_add_column_389,2021-11-13 04:32:00,1270,Success
MIG-0390,v1.390,alter_table_wallet_rename_field_390,2021-11-15 16:06:00,895,Success
MIG-0391,v1.391,alter_table_wallet_drop_unused_391,2021-11-17 16:18:00,245,Success
MIG-0392,v1.392,alter_table_wallet_add_column_392,2021-11-18 21:46:00,1351,Success
MIG-0393,v1.393,alter_table_exception_modify_index_393,2021-11-20 05:52:00,927,Success
MIG-0394,v1.394,alter_table_account_drop_unused_394,2021-11-21 10:18:00,477,Success
MIG-0395,v1.395,alter_table_customer_add_column_395,2021-11-23 19:59:00,1187,Success
MIG-0396,v1.396,alter_table_exception_add_column_396,2021-11-26 06:31:00,1992,Success
MIG-0397,v1.397,alter_table_merchant_modify_index_397,2021-11-27 17:07:00,2130,Success
MIG-0398,v1.398,alter_table_exception_drop_unused_398,2021-11-29 20:14:00,2264,Success
MIG-0399,v1.399,alter_table_account_create_table_399,2021-12-02 06:00:00,1524,Success
MIG-0400,v1.400,alter_table_card_modify_index_400,2021-12-03 12:16:00,1731,Success
MIG-0401,v1.401,alter_table_merchant_modify_index_401,2021-12-04 17:41:00,2031,Success
MIG-0402,v1.402,alter_table_card_rename_field_402,2021-12-06 20:34:00,1634,Success
MIG-0403,v1.403,alter_table_exception_rename_field_403,2021-12-09 00:10:00,1163,Success
MIG-0404,v1.404,alter_table_account_modify_index_404,2021-12-10 02:53:00,105,Success
MIG-0405,v1.405,alter_table_transaction_drop_unused_405,2021-12-12 10:47:00,1986,Success
MIG-0406,v1.406,alter_table_transaction_drop_unused_406,2021-12-13 17:19:00,1587,Success
MIG-0407,v1.407,alter_table_merchant_create_table_407,2021-12-15 20:40:00,2177,Success
MIG-0408,v1.408,alter_table_transaction_create_table_408,2021-12-16 23:57:00,1933,Success
MIG-0409,v1.409,alter_table_merchant_modify_index_409,2021-12-19 08:31:00,64,Success
MIG-0410,v1.410,alter_table_customer_rename_field_410,2021-12-20 19:26:00,357,Success
MIG-0411,v1.411,alter_table_account_create_table_411,2021-12-22 21:42:00,672,Success
MIG-0412,v1.412,alter_table_account_rename_field_412,2021-12-24 10:01:00,1634,Success
MIG-0413,v1.413,alter_table_wallet_add_column_413,2021-12-26 12:34:00,2144,Failed
MIG-0414,v1.414,alter_table_wallet_add_column_413_retry,2021-12-28 18:19:00,1459,Success
MIG-0415,v1.415,alter_table_wallet_create_table_415,2021-12-31 01:57:00,1851,Failed
MIG-0416,v1.416,alter_table_wallet_create_table_415_retry,2022-01-02 07:50:00,917,Success
MIG-0417,v1.417,alter_table_wallet_modify_index_417,2022-01-03 13:26:00,520,Success
MIG-0418,v1.418,alter_table_merchant_add_column_418,2022-01-06 02:07:00,1856,Success
MIG-0419,v1.419,alter_table_customer_drop_unused_419,2022-01-07 02:16:00,1430,Success
MIG-0420,v1.420,alter_table_card_add_column_420,2022-01-09 14:03:00,1364,Success
MIG-0421,v1.421,alter_table_exception_rename_field_421,2022-01-11 14:19:00,1641,Success
MIG-0422,v1.422,alter_table_exception_create_table_422,2022-01-13 18:36:00,152,Success
MIG-0423,v1.423,alter_table_card_create_table_423,2022-01-15 00:23:00,908,Success
MIG-0424,v1.424,alter_table_exception_modify_index_424,2022-01-17 09:33:00,509,Success
MIG-0425,v1.425,alter_table_card_create_table_425,2022-01-18 14:43:00,1290,Success
MIG-0426,v1.426,alter_table_account_create_table_426,2022-01-21 02:02:00,2007,Success
MIG-0427,v1.427,alter_table_account_rename_field_427,2022-01-22 13:27:00,2488,Success
MIG-0428,v1.428,alter_table_account_drop_unused_428,2022-01-23 22:36:00,2234,Success
MIG-0429,v1.429,alter_table_customer_rename_field_429,2022-01-24 23:55:00,73,Success
MIG-0430,v1.430,alter_table_exception_modify_index_430,2022-01-27 12:40:00,710,Success
MIG-0431,v1.431,alter_table_exception_modify_index_431,2022-01-28 14:01:00,192,Success
MIG-0432,v1.432,alter_table_transaction_modify_index_432,2022-01-30 16:12:00,2328,Success
MIG-0433,v1.433,alter_table_customer_drop_unused_433,2022-02-01 23:18:00,2119,Success
MIG-0434,v1.434,alter_table_merchant_rename_field_434,2022-02-04 04:41:00,1362,Success
MIG-0435,v1.435,alter_table_account_modify_index_435,2022-02-05 08:15:00,1693,Success
MIG-0436,v1.436,alter_table_account_add_column_436,2022-02-07 16:45:00,1556,Success
MIG-0437,v1.437,alter_table_exception_drop_unused_437,2022-02-09 17:46:00,1178,Success
MIG-0438,v1.438,alter_table_merchant_modify_index_438,2022-02-11 20:52:00,2246,Success
MIG-0439,v1.439,alter_table_wallet_rename_field_439,2022-02-14 00:14:00,2419,Success
MIG-0440,v1.440,alter_table_wallet_modify_index_440,2022-02-16 07:00:00,657,Success
MIG-0441,v1.441,alter_table_account_create_table_441,2022-02-18 10:45:00,978,Success
MIG-0442,v1.442,alter_table_card_create_table_442,2022-02-20 20:20:00,725,Failed
MIG-0443,v1.443,alter_table_card_create_table_442_retry,2022-02-23 02:04:00,2313,Success
MIG-0444,v1.444,alter_table_merchant_modify_index_444,2022-02-24 08:43:00,1370,Success
MIG-0445,v1.445,alter_table_account_drop_unused_445,2022-02-25 15:34:00,1871,Success
MIG-0446,v1.446,alter_table_wallet_drop_unused_446,2022-02-27 16:46:00,334,Success
MIG-0447,v1.447,alter_table_customer_modify_index_447,2022-03-01 18:11:00,789,Success
MIG-0448,v1.448,alter_table_account_modify_index_448,2022-03-03 03:12:00,2408,Success
MIG-0449,v1.449,alter_table_customer_rename_field_449,2022-03-05 12:39:00,1356,Failed
MIG-0450,v1.450,alter_table_customer_rename_field_449_retry,2022-03-06 13:40:00,1528,Success
MIG-0451,v1.451,alter_table_exception_drop_unused_451,2022-03-09 02:29:00,1815,Success
MIG-0452,v1.452,alter_table_exception_add_column_452,2022-03-10 12:42:00,1743,Success
MIG-0453,v1.453,alter_table_customer_create_table_453,2022-03-12 00:22:00,1716,Success
MIG-0454,v1.454,alter_table_account_create_table_454,2022-03-13 07:07:00,1061,Success
MIG-0455,v1.455,alter_table_wallet_modify_index_455,2022-03-15 09:14:00,1222,Success
MIG-0456,v1.456,alter_table_merchant_add_column_456,2022-03-16 21:36:00,1082,Success
MIG-0457,v1.457,alter_table_account_add_column_457,2022-03-19 09:36:00,249,Success
MIG-0458,v1.458,alter_table_account_drop_unused_458,2022-03-20 14:43:00,1478,Success
MIG-0459,v1.459,alter_table_account_drop_unused_459,2022-03-23 01:00:00,387,Success
MIG-0460,v1.460,alter_table_card_add_column_460,2022-03-25 06:08:00,916,Success
MIG-0461,v1.461,alter_table_transaction_drop_unused_461,2022-03-27 14:32:00,1840,Success
MIG-0462,v1.462,alter_table_wallet_add_column_462,2022-03-28 22:21:00,2385,Success
MIG-0463,v1.463,alter_table_merchant_add_column_463,2022-03-31 09:30:00,100,Success
MIG-0464,v1.464,alter_table_customer_modify_index_464,2022-04-01 12:57:00,580,Success
MIG-0465,v1.465,alter_table_account_modify_index_465,2022-04-03 23:06:00,547,Success
MIG-0466,v1.466,alter_table_wallet_add_column_466,2022-04-06 06:06:00,136,Success
MIG-0467,v1.467,alter_table_customer_add_column_467,2022-04-07 12:13:00,1954,Success
MIG-0468,v1.468,alter_table_card_drop_unused_468,2022-04-08 21:37:00,2356,Success
MIG-0469,v1.469,alter_table_account_modify_index_469,2022-04-10 07:13:00,353,Success
MIG-0470,v1.470,alter_table_card_drop_unused_470,2022-04-11 18:54:00,2198,Success
MIG-0471,v1.471,alter_table_wallet_rename_field_471,2022-04-13 23:20:00,2086,Success
MIG-0472,v1.472,alter_table_transaction_create_table_472,2022-04-16 05:56:00,1379,Success
MIG-0473,v1.473,alter_table_account_create_table_473,2022-04-18 14:29:00,2007,Success
MIG-0474,v1.474,alter_table_merchant_rename_field_474,2022-04-20 16:27:00,569,Success
MIG-0475,v1.475,alter_table_merchant_modify_index_475,2022-04-21 22:23:00,2217,Success
MIG-0476,v1.476,alter_table_customer_create_table_476,2022-04-24 05:23:00,2367,Success
MIG-0477,v1.477,alter_table_account_drop_unused_477,2022-04-26 06:19:00,327,Success
MIG-0478,v1.478,alter_table_merchant_drop_unused_478,2022-04-27 14:18:00,398,Success
MIG-0479,v1.479,alter_table_account_add_column_479,2022-04-30 00:06:00,867,Success
MIG-0480,v1.480,alter_table_wallet_add_column_480,2022-05-02 01:28:00,912,Success
MIG-0481,v1.481,alter_table_transaction_modify_index_481,2022-05-04 03:00:00,1998,Success
MIG-0482,v1.482,alter_table_merchant_add_column_482,2022-05-06 03:50:00,2159,Success
MIG-0483,v1.483,alter_table_account_drop_unused_483,2022-05-08 10:31:00,280,Success
MIG-0484,v1.484,alter_table_card_rename_field_484,2022-05-10 13:05:00,1935,Success
MIG-0485,v1.485,alter_table_card_add_column_485,2022-05-13 00:01:00,2330,Success
MIG-0486,v1.486,alter_table_wallet_drop_unused_486,2022-05-14 12:51:00,1658,Success
MIG-0487,v1.487,alter_table_account_rename_field_487,2022-05-16 17:21:00,1764,Success
MIG-0488,v1.488,alter_table_exception_add_column_488,2022-05-17 19:58:00,1413,Success
MIG-0489,v1.489,alter_table_card_modify_index_489,2022-05-18 23:16:00,2295,Success
MIG-0490,v1.490,alter_table_card_create_table_490,2022-05-20 07:59:00,2352,Success
MIG-0491,v1.491,alter_table_transaction_rename_field_491,2022-05-22 17:26:00,2292,Success
MIG-0492,v1.492,alter_table_transaction_modify_index_492,2022-05-25 03:39:00,436,Success
MIG-0493,v1.493,alter_table_card_rename_field_493,2022-05-27 14:43:00,1920,Success
MIG-0494,v1.494,alter_table_exception_create_table_494,2022-05-28 21:56:00,1409,Success
MIG-0495,v1.495,alter_table_merchant_create_table_495,2022-05-31 07:36:00,1341,Success
MIG-0496,v1.496,alter_table_transaction_drop_unused_496,2022-06-02 16:59:00,1089,Success
MIG-0497,v1.497,alter_table_wallet_create_table_497,2022-06-04 05:17:00,980,Success
MIG-0498,v1.498,alter_table_card_modify_index_498,2022-06-05 05:53:00,405,Success
MIG-0499,v1.499,alter_table_exception_add_column_499,2022-06-06 16:03:00,2241,Success
MIG-0500,v1.500,alter_table_wallet_modify_index_500,2022-06-09 04:07:00,2172,Success
MIG-0501,v1.501,alter_table_account_add_column_501,2022-06-10 04:27:00,476,Success
MIG-0502,v1.502,alter_table_exception_modify_index_502,2022-06-11 11:40:00,1412,Success
MIG-0503,v1.503,alter_table_card_drop_unused_503,2022-06-13 14:20:00,2265,Success
MIG-0504,v1.504,alter_table_transaction_drop_unused_504,2022-06-14 14:28:00,1251,Success
MIG-0505,v1.505,alter_table_wallet_modify_index_505,2022-06-16 15:54:00,2399,Success
MIG-0506,v1.506,alter_table_customer_modify_index_506,2022-06-18 04:47:00,835,Success
MIG-0507,v1.507,alter_table_card_add_column_507,2022-06-20 16:10:00,388,Failed
MIG-0508,v1.508,alter_table_card_add_column_507_retry,2022-06-22 23:18:00,936,Success
MIG-0509,v1.509,alter_table_account_create_table_509,2022-06-25 04:34:00,2218,Success
MIG-0510,v1.510,alter_table_merchant_rename_field_510,2022-06-26 16:52:00,883,Success
MIG-0511,v1.511,alter_table_transaction_rename_field_511,2022-06-29 04:07:00,915,Success
MIG-0512,v1.512,alter_table_account_rename_field_512,2022-07-01 09:43:00,1248,Success
MIG-0513,v1.513,alter_table_wallet_modify_index_513,2022-07-02 21:56:00,569,Success
MIG-0514,v1.514,alter_table_card_create_table_514,2022-07-05 10:26:00,513,Success
MIG-0515,v1.515,alter_table_wallet_add_column_515,2022-07-07 21:08:00,2168,Success
MIG-0516,v1.516,alter_table_transaction_rename_field_516,2022-07-10 08:09:00,163,Success
MIG-0517,v1.517,alter_table_merchant_rename_field_517,2022-07-11 10:43:00,1674,Success
MIG-0518,v1.518,alter_table_merchant_modify_index_518,2022-07-12 13:37:00,2016,Failed
MIG-0519,v1.519,alter_table_merchant_modify_index_518_retry,2022-07-14 16:16:00,1820,Failed
MIG-0520,v1.520,alter_table_merchant_modify_index_518_retry_retry,2022-07-16 22:39:00,391,Success
MIG-0521,v1.521,alter_table_exception_rename_field_521,2022-07-19 03:59:00,47,Success
MIG-0522,v1.522,alter_table_wallet_create_table_522,2022-07-20 08:14:00,24,Success
MIG-0523,v1.523,alter_table_wallet_create_table_523,2022-07-22 19:50:00,871,Success
MIG-0524,v1.524,alter_table_account_modify_index_524,2022-07-24 05:43:00,1747,Success
MIG-0525,v1.525,alter_table_merchant_modify_index_525,2022-07-25 15:10:00,213,Success
MIG-0526,v1.526,alter_table_customer_add_column_526,2022-07-27 17:49:00,2069,Success
MIG-0527,v1.527,alter_table_customer_add_column_527,2022-07-28 23:45:00,512,Success
MIG-0528,v1.528,alter_table_wallet_add_column_528,2022-07-31 09:06:00,1741,Success
MIG-0529,v1.529,alter_table_merchant_modify_index_529,2022-08-02 16:19:00,806,Failed
MIG-0530,v1.530,alter_table_merchant_modify_index_529_retry,2022-08-04 19:49:00,1525,Success
MIG-0531,v1.531,alter_table_card_create_table_531,2022-08-06 06:06:00,1278,Success
MIG-0532,v1.532,alter_table_wallet_modify_index_532,2022-08-07 14:15:00,1011,Success
MIG-0533,v1.533,alter_table_account_add_column_533,2022-08-09 01:00:00,920,Success
MIG-0534,v1.534,alter_table_wallet_add_column_534,2022-08-11 02:56:00,2393,Success
MIG-0535,v1.535,alter_table_card_modify_index_535,2022-08-13 03:29:00,962,Success
MIG-0536,v1.536,alter_table_transaction_drop_unused_536,2022-08-14 06:47:00,2136,Success
MIG-0537,v1.537,alter_table_wallet_drop_unused_537,2022-08-15 13:35:00,2438,Success
MIG-0538,v1.538,alter_table_merchant_rename_field_538,2022-08-16 19:16:00,1594,Success
MIG-0539,v1.539,alter_table_merchant_drop_unused_539,2022-08-18 08:04:00,1419,Success
MIG-0540,v1.540,alter_table_exception_create_table_540,2022-08-19 10:49:00,1534,Success
MIG-0541,v1.541,alter_table_merchant_rename_field_541,2022-08-21 16:45:00,898,Success
MIG-0542,v1.542,alter_table_exception_rename_field_542,2022-08-23 02:11:00,551,Success
MIG-0543,v1.543,alter_table_transaction_modify_index_543,2022-08-24 02:18:00,1316,Success
MIG-0544,v1.544,alter_table_transaction_add_column_544,2022-08-25 09:31:00,268,Success
MIG-0545,v1.545,alter_table_customer_add_column_545,2022-08-26 21:30:00,334,Success
MIG-0546,v1.546,alter_table_customer_drop_unused_546,2022-08-27 23:20:00,1557,Success
MIG-0547,v1.547,alter_table_merchant_drop_unused_547,2022-08-30 01:37:00,2230,Success
MIG-0548,v1.548,alter_table_wallet_modify_index_548,2022-09-01 11:49:00,2179,Success
MIG-0549,v1.549,alter_table_card_create_table_549,2022-09-02 22:09:00,1148,Success
MIG-0550,v1.550,alter_table_customer_drop_unused_550,2022-09-05 07:15:00,815,Success
MIG-0551,v1.551,alter_table_account_rename_field_551,2022-09-06 18:13:00,203,Success
MIG-0552,v1.552,alter_table_card_modify_index_552,2022-09-09 00:16:00,788,Success
MIG-0553,v1.553,alter_table_card_drop_unused_553,2022-09-10 10:50:00,211,Success
MIG-0554,v1.554,alter_table_exception_modify_index_554,2022-09-11 22:22:00,157,Success
MIG-0555,v1.555,alter_table_exception_modify_index_555,2022-09-14 08:18:00,1981,Success
MIG-0556,v1.556,alter_table_account_modify_index_556,2022-09-16 14:47:00,1759,Success
MIG-0557,v1.557,alter_table_card_drop_unused_557,2022-09-17 19:55:00,2303,Success
MIG-0558,v1.558,alter_table_transaction_rename_field_558,2022-09-20 03:34:00,2191,Success
MIG-0559,v1.559,alter_table_exception_create_table_559,2022-09-22 03:50:00,1389,Success
MIG-0560,v1.560,alter_table_account_add_column_560,2022-09-24 11:18:00,2051,Success
MIG-0561,v1.561,alter_table_transaction_drop_unused_561,2022-09-26 21:39:00,2074,Success
MIG-0562,v1.562,alter_table_exception_create_table_562,2022-09-28 07:22:00,1935,Success
MIG-0563,v1.563,alter_table_transaction_rename_field_563,2022-09-30 12:17:00,1749,Success
MIG-0564,v1.564,alter_table_transaction_drop_unused_564,2022-10-01 22:23:00,2144,Success
MIG-0565,v1.565,alter_table_transaction_add_column_565,2022-10-04 09:32:00,2396,Success
MIG-0566,v1.566,alter_table_transaction_create_table_566,2022-10-05 11:20:00,515,Success
MIG-0567,v1.567,alter_table_card_modify_index_567,2022-10-06 16:06:00,1608,Success
MIG-0568,v1.568,alter_table_card_create_table_568,2022-10-09 04:40:00,1668,Success
MIG-0569,v1.569,alter_table_account_drop_unused_569,2022-10-10 14:58:00,36,Success
MIG-0570,v1.570,alter_table_wallet_create_table_570,2022-10-12 23:17:00,2256,Success
MIG-0571,v1.571,alter_table_transaction_drop_unused_571,2022-10-15 05:09:00,1937,Success
MIG-0572,v1.572,alter_table_customer_rename_field_572,2022-10-16 07:36:00,1340,Success
MIG-0573,v1.573,alter_table_card_create_table_573,2022-10-18 17:15:00,1642,Success
MIG-0574,v1.574,alter_table_card_create_table_574,2022-10-19 23:19:00,2327,Success
MIG-0575,v1.575,alter_table_wallet_drop_unused_575,2022-10-22 05:17:00,1586,Success
MIG-0576,v1.576,alter_table_customer_create_table_576,2022-10-24 13:11:00,861,Success
MIG-0577,v1.577,alter_table_customer_drop_unused_577,2022-10-26 01:49:00,507,Success
MIG-0578,v1.578,alter_table_transaction_modify_index_578,2022-10-27 03:54:00,2338,Success
MIG-0579,v1.579,alter_table_customer_create_table_579,2022-10-29 14:12:00,1827,Success
MIG-0580,v1.580,alter_table_card_drop_unused_580,2022-10-30 23:34:00,1498,Success
MIG-0581,v1.581,alter_table_account_create_table_581,2022-11-01 00:47:00,1625,Failed
MIG-0582,v1.582,alter_table_account_create_table_581_retry,2022-11-03 12:02:00,733,Success
MIG-0583,v1.583,alter_table_account_modify_index_583,2022-11-05 19:51:00,1230,Success
MIG-0584,v1.584,alter_table_customer_add_column_584,2022-11-08 03:33:00,27,Success
MIG-0585,v1.585,alter_table_account_create_table_585,2022-11-10 05:40:00,774,Success
MIG-0586,v1.586,alter_table_account_add_column_586,2022-11-12 08:53:00,770,Success
MIG-0587,v1.587,alter_table_account_modify_index_587,2022-11-14 20:53:00,1174,Success
MIG-0588,v1.588,alter_table_customer_modify_index_588,2022-11-17 08:34:00,1758,Success
MIG-0589,v1.589,alter_table_transaction_modify_index_589,2022-11-19 17:22:00,1596,Success
MIG-0590,v1.590,alter_table_merchant_drop_unused_590,2022-11-21 22:00:00,1602,Success
MIG-0591,v1.591,alter_table_exception_modify_index_591,2022-11-24 01:51:00,28,Success
MIG-0592,v1.592,alter_table_exception_rename_field_592,2022-11-26 02:30:00,178,Success
MIG-0593,v1.593,alter_table_transaction_add_column_593,2022-11-28 11:09:00,1210,Success
MIG-0594,v1.594,alter_table_transaction_rename_field_594,2022-11-30 14:55:00,348,Success
MIG-0595,v1.595,alter_table_wallet_create_table_595,2022-12-01 16:23:00,451,Success
MIG-0596,v1.596,alter_table_customer_add_column_596,2022-12-03 20:02:00,434,Success
MIG-0597,v1.597,alter_table_account_drop_unused_597,2022-12-05 05:00:00,1966,Success
MIG-0598,v1.598,alter_table_merchant_add_column_598,2022-12-06 17:17:00,244,Success
MIG-0599,v1.599,alter_table_transaction_add_column_599,2022-12-07 20:29:00,1572,Success
MIG-0600,v1.600,alter_table_transaction_modify_index_600,2022-12-09 07:32:00,1001,Success
MIG-0601,v1.601,alter_table_wallet_create_table_601,2022-12-10 09:09:00,848,Success
MIG-0602,v1.602,alter_table_transaction_modify_index_602,2022-12-12 11:57:00,1463,Success
MIG-0603,v1.603,alter_table_merchant_add_column_603,2022-12-15 00:55:00,1143,Success
MIG-0604,v1.604,alter_table_transaction_add_column_604,2022-12-16 09:25:00,651,Success
MIG-0605,v1.605,alter_table_wallet_drop_unused_605,2022-12-18 16:38:00,2393,Success
MIG-0606,v1.606,alter_table_transaction_rename_field_606,2022-12-20 18:53:00,1531,Success
MIG-0607,v1.607,alter_table_customer_drop_unused_607,2022-12-22 21:42:00,1202,Success
MIG-0608,v1.608,alter_table_customer_drop_unused_608,2022-12-25 09:12:00,645,Success
MIG-0609,v1.609,alter_table_account_rename_field_609,2022-12-26 09:55:00,1236,Success
MIG-0610,v1.610,alter_table_card_create_table_610,2022-12-28 18:33:00,359,Success
MIG-0611,v1.611,alter_table_wallet_rename_field_611,2022-12-30 00:05:00,1078,Success
MIG-0612,v1.612,alter_table_transaction_modify_index_612,2022-12-31 07:57:00,1547,Success
MIG-0613,v1.613,alter_table_wallet_drop_unused_613,2023-01-02 12:52:00,418,Success
MIG-0614,v1.614,alter_table_card_add_column_614,2023-01-03 19:00:00,87,Success
MIG-0615,v1.615,alter_table_wallet_create_table_615,2023-01-05 19:04:00,669,Success
MIG-0616,v1.616,alter_table_card_drop_unused_616,2023-01-08 02:17:00,344,Success
MIG-0617,v1.617,alter_table_customer_add_column_617,2023-01-10 14:51:00,1835,Success
MIG-0618,v1.618,alter_table_exception_rename_field_618,2023-01-11 20:23:00,1870,Success
MIG-0619,v1.619,alter_table_account_rename_field_619,2023-01-12 21:44:00,2457,Success
MIG-0620,v1.620,alter_table_merchant_rename_field_620,2023-01-13 22:49:00,566,Success
MIG-0621,v1.621,alter_table_account_create_table_621,2023-01-15 08:01:00,1494,Success
MIG-0622,v1.622,alter_table_exception_rename_field_622,2023-01-17 19:45:00,28,Success
MIG-0623,v1.623,alter_table_customer_create_table_623,2023-01-20 03:20:00,653,Success
MIG-0624,v1.624,alter_table_customer_add_column_624,2023-01-21 13:25:00,1929,Success
MIG-0625,v1.625,alter_table_wallet_modify_index_625,2023-01-24 02:07:00,2174,Success
MIG-0626,v1.626,alter_table_account_modify_index_626,2023-01-26 11:09:00,474,Success
MIG-0627,v1.627,alter_table_merchant_rename_field_627,2023-01-27 18:48:00,1133,Success
MIG-0628,v1.628,alter_table_customer_create_table_628,2023-01-30 06:11:00,2080,Success
MIG-0629,v1.629,alter_table_exception_modify_index_629,2023-02-01 13:06:00,1881,Success
MIG-0630,v1.630,alter_table_merchant_create_table_630,2023-02-02 21:15:00,1107,Success
MIG-0631,v1.631,alter_table_customer_drop_unused_631,2023-02-05 08:01:00,433,Success
MIG-0632,v1.632,alter_table_account_rename_field_632,2023-02-07 18:51:00,1262,Success
MIG-0633,v1.633,alter_table_card_rename_field_633,2023-02-09 02:21:00,1826,Success
MIG-0634,v1.634,alter_table_merchant_add_column_634,2023-02-11 06:21:00,2391,Success
MIG-0635,v1.635,alter_table_transaction_modify_index_635,2023-02-13 12:46:00,2032,Success
MIG-0636,v1.636,alter_table_merchant_add_column_636,2023-02-15 18:30:00,730,Success
MIG-0637,v1.637,alter_table_transaction_rename_field_637,2023-02-17 01:41:00,1704,Success
MIG-0638,v1.638,alter_table_wallet_create_table_638,2023-02-19 13:51:00,2000,Success
MIG-0639,v1.639,alter_table_merchant_add_column_639,2023-02-20 18:32:00,610,Success
MIG-0640,v1.640,alter_table_wallet_modify_index_640,2023-02-22 18:59:00,1449,Success
MIG-0641,v1.641,alter_table_wallet_add_column_641,2023-02-24 19:05:00,1544,Success
MIG-0642,v1.642,alter_table_wallet_rename_field_642,2023-02-27 05:14:00,1321,Success
MIG-0643,v1.643,alter_table_merchant_drop_unused_643,2023-03-01 09:24:00,34,Success
MIG-0644,v1.644,alter_table_wallet_add_column_644,2023-03-02 14:11:00,609,Success
MIG-0645,v1.645,alter_table_merchant_add_column_645,2023-03-04 02:51:00,1563,Success
MIG-0646,v1.646,alter_table_exception_create_table_646,2023-03-05 05:14:00,709,Success
MIG-0647,v1.647,alter_table_merchant_add_column_647,2023-03-07 13:23:00,1513,Success
MIG-0648,v1.648,alter_table_account_create_table_648,2023-03-10 02:07:00,1101,Success
MIG-0649,v1.649,alter_table_transaction_rename_field_649,2023-03-11 03:27:00,2016,Success
MIG-0650,v1.650,alter_table_merchant_drop_unused_650,2023-03-13 12:49:00,1881,Success
MIG-0651,v1.651,alter_table_account_rename_field_651,2023-03-15 16:45:00,2061,Success
MIG-0652,v1.652,alter_table_wallet_add_column_652,2023-03-16 19:23:00,1817,Success
MIG-0653,v1.653,alter_table_transaction_add_column_653,2023-03-17 20:29:00,692,Success
MIG-0654,v1.654,alter_table_card_modify_index_654,2023-03-19 06:35:00,748,Success
MIG-0655,v1.655,alter_table_account_modify_index_655,2023-03-21 11:42:00,1404,Success
MIG-0656,v1.656,alter_table_merchant_rename_field_656,2023-03-23 17:20:00,605,Success
MIG-0657,v1.657,alter_table_transaction_create_table_657,2023-03-25 23:39:00,791,Success
MIG-0658,v1.658,alter_table_transaction_drop_unused_658,2023-03-27 02:44:00,906,Success
MIG-0659,v1.659,alter_table_exception_drop_unused_659,2023-03-28 11:38:00,502,Success
MIG-0660,v1.660,alter_table_wallet_add_column_660,2023-03-30 16:50:00,1841,Failed
MIG-0661,v1.661,alter_table_wallet_add_column_660_retry,2023-04-01 01:29:00,905,Success
MIG-0662,v1.662,alter_table_exception_rename_field_662,2023-04-02 05:34:00,1486,Success
MIG-0663,v1.663,alter_table_customer_add_column_663,2023-04-03 18:12:00,2339,Success
MIG-0664,v1.664,alter_table_card_drop_unused_664,2023-04-05 02:08:00,345,Success
MIG-0665,v1.665,alter_table_transaction_drop_unused_665,2023-04-07 03:01:00,794,Success
MIG-0666,v1.666,alter_table_merchant_modify_index_666,2023-04-08 06:24:00,1733,Failed
MIG-0667,v1.667,alter_table_merchant_modify_index_666_retry,2023-04-10 13:03:00,1245,Success
MIG-0668,v1.668,alter_table_merchant_create_table_668,2023-04-12 17:30:00,589,Success
MIG-0669,v1.669,alter_table_account_rename_field_669,2023-04-15 00:23:00,1315,Success
MIG-0670,v1.670,alter_table_exception_create_table_670,2023-04-17 04:25:00,174,Success
MIG-0671,v1.671,alter_table_card_add_column_671,2023-04-19 11:14:00,1208,Success
MIG-0672,v1.672,alter_table_exception_drop_unused_672,2023-04-21 16:43:00,1991,Success
MIG-0673,v1.673,alter_table_customer_add_column_673,2023-04-24 02:01:00,165,Success
MIG-0674,v1.674,alter_table_wallet_rename_field_674,2023-04-26 05:12:00,371,Success
MIG-0675,v1.675,alter_table_card_add_column_675,2023-04-27 08:24:00,1680,Success
MIG-0676,v1.676,alter_table_transaction_add_column_676,2023-04-29 16:20:00,2118,Success
MIG-0677,v1.677,alter_table_wallet_add_column_677,2023-05-01 21:14:00,788,Success
MIG-0678,v1.678,alter_table_customer_create_table_678,2023-05-04 00:56:00,1774,Success
MIG-0679,v1.679,alter_table_account_add_column_679,2023-05-05 01:09:00,955,Success
MIG-0680,v1.680,alter_table_exception_rename_field_680,2023-05-06 02:02:00,1398,Success
MIG-0681,v1.681,alter_table_customer_add_column_681,2023-05-08 02:34:00,473,Success
MIG-0682,v1.682,alter_table_merchant_add_column_682,2023-05-10 11:29:00,868,Success
MIG-0683,v1.683,alter_table_transaction_add_column_683,2023-05-11 13:52:00,1431,Success
MIG-0684,v1.684,alter_table_customer_add_column_684,2023-05-13 02:27:00,1055,Success
MIG-0685,v1.685,alter_table_customer_add_column_685,2023-05-15 02:54:00,923,Success
MIG-0686,v1.686,alter_table_customer_create_table_686,2023-05-16 11:19:00,2134,Success
MIG-0687,v1.687,alter_table_wallet_rename_field_687,2023-05-18 12:21:00,562,Success
MIG-0688,v1.688,alter_table_transaction_drop_unused_688,2023-05-20 00:40:00,1388,Success
MIG-0689,v1.689,alter_table_transaction_create_table_689,2023-05-22 13:10:00,1692,Success
MIG-0690,v1.690,alter_table_customer_modify_index_690,2023-05-24 17:27:00,1370,Success
MIG-0691,v1.691,alter_table_exception_create_table_691,2023-05-27 00:15:00,611,Success
MIG-0692,v1.692,alter_table_merchant_add_column_692,2023-05-29 11:35:00,88,Success
MIG-0693,v1.693,alter_table_merchant_rename_field_693,2023-05-31 21:00:00,1066,Success
MIG-0694,v1.694,alter_table_card_modify_index_694,2023-06-01 23:03:00,1857,Success
MIG-0695,v1.695,alter_table_account_modify_index_695,2023-06-04 09:15:00,1868,Success
MIG-0696,v1.696,alter_table_wallet_drop_unused_696,2023-06-06 11:56:00,804,Success
MIG-0697,v1.697,alter_table_exception_drop_unused_697,2023-06-08 23:41:00,1907,Success
MIG-0698,v1.698,alter_table_account_rename_field_698,2023-06-11 10:29:00,135,Success
MIG-0699,v1.699,alter_table_merchant_rename_field_699,2023-06-13 16:39:00,1582,Success
MIG-0700,v1.700,alter_table_transaction_add_column_700,2023-06-14 19:50:00,732,Success
MIG-0701,v1.701,alter_table_merchant_rename_field_701,2023-06-17 07:52:00,1992,Success
MIG-0702,v1.702,alter_table_transaction_add_column_702,2023-06-19 15:34:00,1076,Success
MIG-0703,v1.703,alter_table_exception_create_table_703,2023-06-21 00:53:00,2486,Success
MIG-0704,v1.704,alter_table_account_rename_field_704,2023-06-22 05:29:00,1580,Success
MIG-0705,v1.705,alter_table_account_create_table_705,2023-06-23 12:00:00,187,Success
MIG-0706,v1.706,alter_table_transaction_drop_unused_706,2023-06-25 19:24:00,1475,Success
MIG-0707,v1.707,alter_table_card_drop_unused_707,2023-06-27 00:25:00,1533,Success
MIG-0708,v1.708,alter_table_card_drop_unused_708,2023-06-28 01:56:00,622,Success
MIG-0709,v1.709,alter_table_account_add_column_709,2023-06-29 11:58:00,102,Success
MIG-0710,v1.710,alter_table_transaction_create_table_710,2023-07-01 22:36:00,1101,Success
MIG-0711,v1.711,alter_table_merchant_modify_index_711,2023-07-04 10:17:00,1796,Success
MIG-0712,v1.712,alter_table_wallet_modify_index_712,2023-07-05 19:13:00,2484,Success
MIG-0713,v1.713,alter_table_merchant_drop_unused_713,2023-07-08 06:10:00,1273,Success
MIG-0714,v1.714,alter_table_customer_rename_field_714,2023-07-09 18:36:00,965,Success
MIG-0715,v1.715,alter_table_transaction_modify_index_715,2023-07-10 21:03:00,1616,Success
MIG-0716,v1.716,alter_table_customer_add_column_716,2023-07-12 09:17:00,1721,Success
MIG-0717,v1.717,alter_table_exception_create_table_717,2023-07-13 15:31:00,1467,Success
MIG-0718,v1.718,alter_table_wallet_drop_unused_718,2023-07-15 20:42:00,31,Success
MIG-0719,v1.719,alter_table_exception_rename_field_719,2023-07-18 05:22:00,1471,Success
MIG-0720,v1.720,alter_table_customer_drop_unused_720,2023-07-20 11:27:00,1895,Success
MIG-0721,v1.721,alter_table_account_drop_unused_721,2023-07-21 23:05:00,1569,Success
MIG-0722,v1.722,alter_table_merchant_drop_unused_722,2023-07-23 09:26:00,2234,Success
MIG-0723,v1.723,alter_table_merchant_modify_index_723,2023-07-25 13:50:00,1260,Success
MIG-0724,v1.724,alter_table_customer_add_column_724,2023-07-26 23:54:00,2339,Success
MIG-0725,v1.725,alter_table_account_drop_unused_725,2023-07-28 05:39:00,1654,Success
MIG-0726,v1.726,alter_table_customer_rename_field_726,2023-07-30 12:49:00,561,Success
MIG-0727,v1.727,alter_table_merchant_create_table_727,2023-07-31 22:45:00,2182,Success
MIG-0728,v1.728,alter_table_wallet_modify_index_728,2023-08-02 04:17:00,1433,Success
MIG-0729,v1.729,alter_table_customer_rename_field_729,2023-08-03 16:55:00,429,Success
MIG-0730,v1.730,alter_table_transaction_add_column_730,2023-08-05 17:16:00,2411,Success
MIG-0731,v1.731,alter_table_merchant_rename_field_731,2023-08-07 03:19:00,2208,Success
MIG-0732,v1.732,alter_table_customer_rename_field_732,2023-08-08 11:16:00,1313,Success
MIG-0733,v1.733,alter_table_transaction_modify_index_733,2023-08-10 19:31:00,1810,Success
MIG-0734,v1.734,alter_table_customer_drop_unused_734,2023-08-13 04:32:00,819,Success
MIG-0735,v1.735,alter_table_account_drop_unused_735,2023-08-14 07:23:00,903,Success
MIG-0736,v1.736,alter_table_merchant_create_table_736,2023-08-15 07:26:00,1483,Success
MIG-0737,v1.737,alter_table_merchant_drop_unused_737,2023-08-17 19:14:00,2366,Success
MIG-0738,v1.738,alter_table_card_create_table_738,2023-08-19 01:05:00,1907,Success
MIG-0739,v1.739,alter_table_account_add_column_739,2023-08-20 03:06:00,1050,Success
MIG-0740,v1.740,alter_table_card_drop_unused_740,2023-08-21 05:05:00,1525,Success
MIG-0741,v1.741,alter_table_exception_rename_field_741,2023-08-23 13:51:00,400,Success
MIG-0742,v1.742,alter_table_merchant_add_column_742,2023-08-24 21:26:00,1888,Success
MIG-0743,v1.743,alter_table_wallet_create_table_743,2023-08-27 05:38:00,1458,Success
MIG-0744,v1.744,alter_table_card_create_table_744,2023-08-28 15:18:00,523,Success
MIG-0745,v1.745,alter_table_card_modify_index_745,2023-08-29 22:10:00,478,Success
MIG-0746,v1.746,alter_table_card_drop_unused_746,2023-09-01 09:03:00,1097,Success
MIG-0747,v1.747,alter_table_wallet_modify_index_747,2023-09-03 18:27:00,2035,Success
MIG-0748,v1.748,alter_table_merchant_create_table_748,2023-09-04 18:35:00,2489,Success
MIG-0749,v1.749,alter_table_exception_drop_unused_749,2023-09-06 22:50:00,968,Success
MIG-0750,v1.750,alter_table_merchant_create_table_750,2023-09-09 05:44:00,920,Success
MIG-0751,v1.751,alter_table_customer_modify_index_751,2023-09-10 17:49:00,1570,Success
MIG-0752,v1.752,alter_table_transaction_modify_index_752,2023-09-13 00:47:00,308,Success
MIG-0753,v1.753,alter_table_customer_drop_unused_753,2023-09-14 11:15:00,2374,Success
MIG-0754,v1.754,alter_table_transaction_add_column_754,2023-09-15 16:05:00,167,Success
MIG-0755,v1.755,alter_table_wallet_drop_unused_755,2023-09-17 20:36:00,2280,Success
MIG-0756,v1.756,alter_table_transaction_create_table_756,2023-09-19 03:42:00,1762,Success
MIG-0757,v1.757,alter_table_card_add_column_757,2023-09-21 05:04:00,2308,Success
MIG-0758,v1.758,alter_table_transaction_add_column_758,2023-09-23 07:22:00,555,Success
MIG-0759,v1.759,alter_table_exception_drop_unused_759,2023-09-24 14:41:00,416,Success
MIG-0760,v1.760,alter_table_merchant_add_column_760,2023-09-26 17:44:00,746,Success
MIG-0761,v1.761,alter_table_wallet_add_column_761,2023-09-29 05:14:00,1211,Success
MIG-0762,v1.762,alter_table_card_drop_unused_762,2023-09-30 13:01:00,2350,Success
MIG-0763,v1.763,alter_table_transaction_rename_field_763,2023-10-01 22:00:00,1852,Success
MIG-0764,v1.764,alter_table_card_modify_index_764,2023-10-03 09:23:00,168,Success
MIG-0765,v1.765,alter_table_transaction_modify_index_765,2023-10-04 14:58:00,1989,Success
MIG-0766,v1.766,alter_table_transaction_modify_index_766,2023-10-05 19:05:00,407,Success
MIG-0767,v1.767,alter_table_customer_create_table_767,2023-10-07 20:25:00,1067,Success
MIG-0768,v1.768,alter_table_customer_create_table_768,2023-10-09 03:01:00,586,Success
MIG-0769,v1.769,alter_table_card_drop_unused_769,2023-10-10 15:06:00,1601,Success
MIG-0770,v1.770,alter_table_merchant_add_column_770,2023-10-13 04:04:00,593,Success
MIG-0771,v1.771,alter_table_customer_create_table_771,2023-10-15 12:56:00,265,Success
MIG-0772,v1.772,alter_table_merchant_modify_index_772,2023-10-17 00:07:00,46,Failed
MIG-0773,v1.773,alter_table_merchant_modify_index_772_retry,2023-10-18 12:14:00,2451,Success
MIG-0774,v1.774,alter_table_card_add_column_774,2023-10-19 15:51:00,622,Success
MIG-0775,v1.775,alter_table_transaction_modify_index_775,2023-10-22 02:58:00,1327,Success
MIG-0776,v1.776,alter_table_exception_drop_unused_776,2023-10-23 15:13:00,2232,Success
MIG-0777,v1.777,alter_table_customer_rename_field_777,2023-10-24 15:57:00,836,Success
MIG-0778,v1.778,alter_table_account_drop_unused_778,2023-10-26 01:19:00,2497,Success
MIG-0779,v1.779,alter_table_card_rename_field_779,2023-10-27 02:40:00,1553,Success
MIG-0780,v1.780,alter_table_wallet_modify_index_780,2023-10-29 14:29:00,278,Success
MIG-0781,v1.781,alter_table_transaction_add_column_781,2023-10-30 14:31:00,296,Success
MIG-0782,v1.782,alter_table_exception_rename_field_782,2023-11-02 02:46:00,1278,Success
MIG-0783,v1.783,alter_table_merchant_add_column_783,2023-11-04 06:05:00,1012,Success
MIG-0784,v1.784,alter_table_customer_add_column_784,2023-11-05 18:32:00,1310,Success
MIG-0785,v1.785,alter_table_card_drop_unused_785,2023-11-07 04:26:00,1273,Failed
MIG-0786,v1.786,alter_table_card_drop_unused_785_retry,2023-11-09 14:19:00,855,Success
MIG-0787,v1.787,alter_table_merchant_create_table_787,2023-11-11 22:25:00,1692,Success
MIG-0788,v1.788,alter_table_card_drop_unused_788,2023-11-12 23:25:00,477,Success
MIG-0789,v1.789,alter_table_customer_rename_field_789,2023-11-15 04:36:00,726,Success
MIG-0790,v1.790,alter_table_customer_modify_index_790,2023-11-17 15:49:00,2179,Success
MIG-0791,v1.791,alter_table_account_add_column_791,2023-11-18 19:37:00,1368,Success
MIG-0792,v1.792,alter_table_card_drop_unused_792,2023-11-20 07:46:00,1169,Success
MIG-0793,v1.793,alter_table_card_add_column_793,2023-11-21 07:54:00,30,Success
MIG-0794,v1.794,alter_table_customer_modify_index_794,2023-11-23 12:28:00,478,Success
MIG-0795,v1.795,alter_table_account_rename_field_795,2023-11-26 00:03:00,1103,Success
MIG-0796,v1.796,alter_table_merchant_modify_index_796,2023-11-27 07:55:00,803,Success
MIG-0797,v1.797,alter_table_transaction_drop_unused_797,2023-11-28 08:20:00,334,Success
MIG-0798,v1.798,alter_table_card_create_table_798,2023-11-30 19:54:00,1323,Success
MIG-0799,v1.799,alter_table_wallet_add_column_799,2023-12-03 00:28:00,1953,Success
MIG-0800,v1.800,alter_table_account_rename_field_800,2023-12-05 03:32:00,1541,Success
MIG-0801,v1.801,alter_table_card_create_table_801,2023-12-07 15:01:00,1279,Success
MIG-0802,v1.802,alter_table_card_create_table_802,2023-12-09 03:01:00,619,Success
MIG-0803,v1.803,alter_table_exception_create_table_803,2023-12-10 07:33:00,1773,Success
MIG-0804,v1.804,alter_table_customer_drop_unused_804,2023-12-12 11:10:00,1695,Success
MIG-0805,v1.805,alter_table_transaction_add_column_805,2023-12-14 22:34:00,1407,Success
MIG-0806,v1.806,alter_table_transaction_modify_index_806,2023-12-15 23:21:00,764,Success
MIG-0807,v1.807,alter_table_exception_add_column_807,2023-12-18 08:48:00,1876,Success
MIG-0808,v1.808,alter_table_wallet_create_table_808,2023-12-20 13:52:00,181,Success
MIG-0809,v1.809,alter_table_transaction_create_table_809,2023-12-22 21:23:00,2275,Success
MIG-0810,v1.810,alter_table_customer_add_column_810,2023-12-25 00:41:00,2291,Success
MIG-0811,v1.811,alter_table_merchant_add_column_811,2023-12-26 05:05:00,744,Success
MIG-0812,v1.812,alter_table_merchant_drop_unused_812,2023-12-28 10:51:00,1380,Success
MIG-0813,v1.813,alter_table_customer_rename_field_813,2023-12-30 14:27:00,865,Success
MIG-0814,v1.814,alter_table_merchant_add_column_814,2023-12-31 22:15:00,404,Success
MIG-0815,v1.815,alter_table_exception_rename_field_815,2024-01-02 02:38:00,2338,Success
MIG-0816,v1.816,alter_table_customer_modify_index_816,2024-01-03 11:20:00,345,Success
MIG-0817,v1.817,alter_table_card_drop_unused_817,2024-01-04 17:47:00,798,Success
MIG-0818,v1.818,alter_table_account_rename_field_818,2024-01-05 18:19:00,2425,Success
MIG-0819,v1.819,alter_table_wallet_modify_index_819,2024-01-08 02:22:00,329,Success
MIG-0820,v1.820,alter_table_customer_modify_index_820,2024-01-09 07:29:00,485,Success
MIG-0821,v1.821,alter_table_account_create_table_821,2024-01-10 18:29:00,236,Success
MIG-0822,v1.822,alter_table_wallet_rename_field_822,2024-01-13 01:05:00,652,Success
MIG-0823,v1.823,alter_table_exception_rename_field_823,2024-01-14 04:36:00,1593,Success
MIG-0824,v1.824,alter_table_card_rename_field_824,2024-01-16 16:06:00,295,Success
MIG-0825,v1.825,alter_table_exception_modify_index_825,2024-01-18 02:50:00,531,Success
MIG-0826,v1.826,alter_table_merchant_modify_index_826,2024-01-19 12:46:00,280,Success
MIG-0827,v1.827,alter_table_card_drop_unused_827,2024-01-20 17:32:00,478,Success
MIG-0828,v1.828,alter_table_transaction_modify_index_828,2024-01-22 17:54:00,1239,Success
MIG-0829,v1.829,alter_table_customer_add_column_829,2024-01-24 03:38:00,548,Success
MIG-0830,v1.830,alter_table_wallet_drop_unused_830,2024-01-26 15:58:00,2148,Success
MIG-0831,v1.831,alter_table_account_create_table_831,2024-01-28 21:49:00,464,Success
MIG-0832,v1.832,alter_table_merchant_drop_unused_832,2024-01-31 07:27:00,776,Success
MIG-0833,v1.833,alter_table_customer_drop_unused_833,2024-02-01 20:18:00,329,Success
MIG-0834,v1.834,alter_table_customer_rename_field_834,2024-02-04 04:07:00,1200,Success
MIG-0835,v1.835,alter_table_account_drop_unused_835,2024-02-06 10:32:00,2035,Success
MIG-0836,v1.836,alter_table_wallet_create_table_836,2024-02-08 15:11:00,2407,Success
MIG-0837,v1.837,alter_table_account_add_column_837,2024-02-09 21:20:00,909,Success
MIG-0838,v1.838,alter_table_merchant_create_table_838,2024-02-12 07:21:00,945,Success
MIG-0839,v1.839,alter_table_exception_rename_field_839,2024-02-14 15:16:00,1200,Success
MIG-0840,v1.840,alter_table_card_create_table_840,2024-02-16 01:54:00,1370,Success
MIG-0841,v1.841,alter_table_exception_modify_index_841,2024-02-17 06:57:00,644,Success
MIG-0842,v1.842,alter_table_exception_modify_index_842,2024-02-18 12:42:00,680,Success
MIG-0843,v1.843,alter_table_merchant_add_column_843,2024-02-19 16:47:00,1310,Success
MIG-0844,v1.844,alter_table_transaction_drop_unused_844,2024-02-21 19:39:00,757,Success
MIG-0845,v1.845,alter_table_customer_create_table_845,2024-02-23 07:23:00,2312,Success
MIG-0846,v1.846,alter_table_card_add_column_846,2024-02-25 11:46:00,819,Success
MIG-0847,v1.847,alter_table_wallet_create_table_847,2024-02-26 17:02:00,2151,Success
MIG-0848,v1.848,alter_table_exception_create_table_848,2024-02-28 00:26:00,683,Success
MIG-0849,v1.849,alter_table_exception_add_column_849,2024-03-01 12:38:00,372,Failed
MIG-0850,v1.850,alter_table_exception_add_column_849_retry,2024-03-02 16:08:00,86,Success
MIG-0851,v1.851,alter_table_account_modify_index_851,2024-03-05 04:31:00,319,Success
MIG-0852,v1.852,alter_table_wallet_add_column_852,2024-03-07 10:28:00,411,Success
MIG-0853,v1.853,alter_table_exception_rename_field_853,2024-03-08 17:25:00,519,Success
MIG-0854,v1.854,alter_table_transaction_add_column_854,2024-03-10 18:46:00,972,Success
MIG-0855,v1.855,alter_table_card_create_table_855,2024-03-12 00:47:00,1261,Success
MIG-0856,v1.856,alter_table_wallet_create_table_856,2024-03-14 07:49:00,921,Success
MIG-0857,v1.857,alter_table_wallet_add_column_857,2024-03-16 15:58:00,441,Success
MIG-0858,v1.858,alter_table_wallet_rename_field_858,2024-03-18 03:51:00,324,Success
MIG-0859,v1.859,alter_table_account_modify_index_859,2024-03-19 10:48:00,1973,Success
MIG-0860,v1.860,alter_table_account_create_table_860,2024-03-21 14:13:00,267,Success
MIG-0861,v1.861,alter_table_account_rename_field_861,2024-03-23 16:42:00,906,Success
MIG-0862,v1.862,alter_table_customer_create_table_862,2024-03-24 18:45:00,1268,Success
MIG-0863,v1.863,alter_table_wallet_add_column_863,2024-03-25 21:07:00,2423,Success
MIG-0864,v1.864,alter_table_merchant_drop_unused_864,2024-03-27 21:08:00,2258,Success
MIG-0865,v1.865,alter_table_exception_create_table_865,2024-03-28 23:40:00,586,Success
MIG-0866,v1.866,alter_table_exception_modify_index_866,2024-03-30 05:44:00,1309,Success
MIG-0867,v1.867,alter_table_customer_create_table_867,2024-04-01 05:54:00,874,Success
MIG-0868,v1.868,alter_table_customer_rename_field_868,2024-04-02 15:10:00,803,Success
MIG-0869,v1.869,alter_table_wallet_modify_index_869,2024-04-04 20:34:00,214,Success
MIG-0870,v1.870,alter_table_customer_add_column_870,2024-04-06 07:11:00,1607,Success
MIG-0871,v1.871,alter_table_merchant_modify_index_871,2024-04-08 13:09:00,375,Success
MIG-0872,v1.872,alter_table_customer_modify_index_872,2024-04-09 15:34:00,878,Success
MIG-0873,v1.873,alter_table_customer_add_column_873,2024-04-11 03:59:00,2200,Success
MIG-0874,v1.874,alter_table_exception_add_column_874,2024-04-13 04:19:00,338,Success
MIG-0875,v1.875,alter_table_exception_rename_field_875,2024-04-14 11:10:00,2402,Success
MIG-0876,v1.876,alter_table_exception_drop_unused_876,2024-04-16 17:54:00,1806,Success
MIG-0877,v1.877,alter_table_customer_modify_index_877,2024-04-17 21:32:00,1058,Success
MIG-0878,v1.878,alter_table_account_add_column_878,2024-04-19 03:38:00,1595,Success
MIG-0879,v1.879,alter_table_customer_create_table_879,2024-04-20 08:36:00,854,Success
MIG-0880,v1.880,alter_table_wallet_create_table_880,2024-04-22 14:08:00,1358,Success
MIG-0881,v1.881,alter_table_merchant_add_column_881,2024-04-23 18:31:00,1594,Success
MIG-0882,v1.882,alter_table_card_add_column_882,2024-04-25 00:04:00,334,Success
MIG-0883,v1.883,alter_table_transaction_add_column_883,2024-04-26 05:44:00,752,Success
MIG-0884,v1.884,alter_table_card_modify_index_884,2024-04-28 15:07:00,2098,Success
MIG-0885,v1.885,alter_table_account_rename_field_885,2024-04-30 19:36:00,1236,Success
MIG-0886,v1.886,alter_table_customer_modify_index_886,2024-05-02 05:24:00,891,Success
MIG-0887,v1.887,alter_table_transaction_rename_field_887,2024-05-04 11:36:00,2394,Success
MIG-0888,v1.888,alter_table_account_rename_field_888,2024-05-05 20:22:00,15,Success
MIG-0889,v1.889,alter_table_account_add_column_889,2024-05-07 00:05:00,378,Success
MIG-0890,v1.890,alter_table_account_rename_field_890,2024-05-08 12:11:00,1383,Success
MIG-0891,v1.891,alter_table_account_add_column_891,2024-05-09 16:11:00,688,Success
MIG-0892,v1.892,alter_table_transaction_add_column_892,2024-05-12 04:47:00,1533,Success
MIG-0893,v1.893,alter_table_transaction_create_table_893,2024-05-14 09:19:00,1920,Success
MIG-0894,v1.894,alter_table_exception_create_table_894,2024-05-15 14:53:00,48,Failed
MIG-0895,v1.895,alter_table_exception_create_table_894_retry,2024-05-16 17:27:00,857,Success
MIG-0896,v1.896,alter_table_merchant_rename_field_896,2024-05-18 01:36:00,127,Success
MIG-0897,v1.897,alter_table_merchant_drop_unused_897,2024-05-20 14:07:00,556,Success
MIG-0898,v1.898,alter_table_exception_create_table_898,2024-05-21 22:57:00,893,Success
MIG-0899,v1.899,alter_table_account_modify_index_899,2024-05-24 09:37:00,1957,Success
MIG-0900,v1.900,alter_table_account_rename_field_900,2024-05-25 21:11:00,782,Success
MIG-0901,v1.901,alter_table_account_rename_field_901,2024-05-27 01:24:00,1560,Success
MIG-0902,v1.902,alter_table_wallet_create_table_902,2024-05-29 10:34:00,1675,Success
MIG-0903,v1.903,alter_table_merchant_drop_unused_903,2024-05-30 10:39:00,1958,Success
MIG-0904,v1.904,alter_table_exception_create_table_904,2024-06-01 16:27:00,808,Success
MIG-0905,v1.905,alter_table_account_modify_index_905,2024-06-02 21:04:00,2056,Success
MIG-0906,v1.906,alter_table_transaction_drop_unused_906,2024-06-03 22:36:00,506,Success
MIG-0907,v1.907,alter_table_card_modify_index_907,2024-06-05 02:11:00,888,Success
MIG-0908,v1.908,alter_table_wallet_add_column_908,2024-06-07 13:27:00,1763,Success
MIG-0909,v1.909,alter_table_merchant_rename_field_909,2024-06-09 18:11:00,1939,Success
MIG-0910,v1.910,alter_table_exception_create_table_910,2024-06-10 20:42:00,1644,Success
MIG-0911,v1.911,alter_table_transaction_drop_unused_911,2024-06-11 22:57:00,552,Success
MIG-0912,v1.912,alter_table_wallet_rename_field_912,2024-06-14 06:20:00,98,Success
MIG-0913,v1.913,alter_table_account_rename_field_913,2024-06-16 16:14:00,1497,Success
MIG-0914,v1.914,alter_table_account_rename_field_914,2024-06-19 05:08:00,1567,Success
MIG-0915,v1.915,alter_table_exception_add_column_915,2024-06-20 15:38:00,2499,Success
MIG-0916,v1.916,alter_table_customer_add_column_916,2024-06-22 19:39:00,1450,Success
MIG-0917,v1.917,alter_table_merchant_modify_index_917,2024-06-25 03:20:00,706,Success
MIG-0918,v1.918,alter_table_merchant_modify_index_918,2024-06-27 06:30:00,1401,Success
MIG-0919,v1.919,alter_table_merchant_rename_field_919,2024-06-28 18:31:00,729,Success
MIG-0920,v1.920,alter_table_account_add_column_920,2024-07-01 06:21:00,2135,Success
MIG-0921,v1.921,alter_table_transaction_rename_field_921,2024-07-02 18:24:00,2367,Success
MIG-0922,v1.922,alter_table_customer_rename_field_922,2024-07-05 06:30:00,1103,Success
MIG-0923,v1.923,alter_table_transaction_add_column_923,2024-07-06 19:25:00,38,Success
MIG-0924,v1.924,alter_table_exception_create_table_924,2024-07-09 05:05:00,302,Success
MIG-0925,v1.925,alter_table_merchant_add_column_925,2024-07-11 08:29:00,163,Success
MIG-0926,v1.926,alter_table_transaction_modify_index_926,2024-07-13 10:11:00,2241,Success
MIG-0927,v1.927,alter_table_transaction_add_column_927,2024-07-14 20:09:00,2220,Success
MIG-0928,v1.928,alter_table_merchant_create_table_928,2024-07-17 01:31:00,2349,Success
MIG-0929,v1.929,alter_table_wallet_drop_unused_929,2024-07-19 11:36:00,911,Success
MIG-0930,v1.930,alter_table_exception_modify_index_930,2024-07-20 16:03:00,350,Success
MIG-0931,v1.931,alter_table_wallet_create_table_931,2024-07-21 20:11:00,209,Success
MIG-0932,v1.932,alter_table_account_modify_index_932,2024-07-23 02:50:00,2260,Success
MIG-0933,v1.933,alter_table_account_drop_unused_933,2024-07-24 03:47:00,96,Success
MIG-0934,v1.934,alter_table_customer_modify_index_934,2024-07-26 16:33:00,2311,Success
MIG-0935,v1.935,alter_table_customer_rename_field_935,2024-07-29 03:52:00,1234,Success
MIG-0936,v1.936,alter_table_merchant_add_column_936,2024-07-31 14:29:00,1892,Success
MIG-0937,v1.937,alter_table_wallet_modify_index_937,2024-08-02 02:58:00,1513,Success
MIG-0938,v1.938,alter_table_customer_drop_unused_938,2024-08-03 07:18:00,899,Success
MIG-0939,v1.939,alter_table_card_drop_unused_939,2024-08-04 11:40:00,2234,Success
MIG-0940,v1.940,alter_table_exception_modify_index_940,2024-08-06 19:18:00,1693,Success
MIG-0941,v1.941,alter_table_wallet_modify_index_941,2024-08-08 23:07:00,2220,Success
MIG-0942,v1.942,alter_table_merchant_rename_field_942,2024-08-10 06:28:00,310,Success
MIG-0943,v1.943,alter_table_merchant_rename_field_943,2024-08-11 11:20:00,1539,Success
MIG-0944,v1.944,alter_table_wallet_modify_index_944,2024-08-12 19:37:00,957,Success
MIG-0945,v1.945,alter_table_exception_modify_index_945,2024-08-15 06:11:00,998,Success
MIG-0946,v1.946,alter_table_transaction_add_column_946,2024-08-16 11:23:00,861,Success
MIG-0947,v1.947,alter_table_customer_drop_unused_947,2024-08-18 17:57:00,1404,Success
MIG-0948,v1.948,alter_table_transaction_drop_unused_948,2024-08-20 21:44:00,1376,Success
MIG-0949,v1.949,alter_table_card_drop_unused_949,2024-08-22 05:53:00,466,Success
MIG-0950,v1.950,alter_table_account_rename_field_950,2024-08-24 08:58:00,1750,Success
MIG-0951,v1.951,alter_table_card_modify_index_951,2024-08-26 09:03:00,777,Success
MIG-0952,v1.952,alter_table_account_create_table_952,2024-08-27 11:52:00,216,Success
MIG-0953,v1.953,alter_table_exception_add_column_953,2024-08-29 22:52:00,1758,Success
MIG-0954,v1.954,alter_table_card_modify_index_954,2024-09-01 02:09:00,303,Success
MIG-0955,v1.955,alter_table_customer_add_column_955,2024-09-02 06:31:00,915,Success
MIG-0956,v1.956,alter_table_transaction_add_column_956,2024-09-03 07:39:00,239,Success
MIG-0957,v1.957,alter_table_card_rename_field_957,2024-09-04 19:26:00,907,Success
MIG-0958,v1.958,alter_table_transaction_rename_field_958,2024-09-07 05:20:00,1452,Success
MIG-0959,v1.959,alter_table_transaction_create_table_959,2024-09-08 18:07:00,2277,Success
MIG-0960,v1.960,alter_table_card_create_table_960,2024-09-10 20:02:00,302,Success
MIG-0961,v1.961,alter_table_wallet_modify_index_961,2024-09-13 07:10:00,1076,Success
MIG-0962,v1.962,alter_table_card_modify_index_962,2024-09-14 14:45:00,1597,Success
MIG-0963,v1.963,alter_table_merchant_create_table_963,2024-09-16 20:20:00,1598,Success
MIG-0964,v1.964,alter_table_card_modify_index_964,2024-09-18 22:51:00,321,Success
MIG-0965,v1.965,alter_table_card_create_table_965,2024-09-20 03:01:00,471,Success
MIG-0966,v1.966,alter_table_exception_add_column_966,2024-09-22 11:53:00,485,Success
MIG-0967,v1.967,alter_table_merchant_drop_unused_967,2024-09-23 14:43:00,1129,Failed
MIG-0968,v1.968,alter_table_merchant_drop_unused_967_retry,2024-09-24 23:09:00,548,Success
MIG-0969,v1.969,alter_table_account_create_table_969,2024-09-27 00:01:00,281,Success
MIG-0970,v1.970,alter_table_account_modify_index_970,2024-09-28 04:06:00,2203,Success
MIG-0971,v1.971,alter_table_exception_rename_field_971,2024-09-29 07:21:00,114,Success
MIG-0972,v1.972,alter_table_merchant_add_column_972,2024-10-01 17:04:00,650,Success
MIG-0973,v1.973,alter_table_account_rename_field_973,2024-10-02 18:01:00,677,Success
MIG-0974,v1.974,alter_table_card_rename_field_974,2024-10-04 20:27:00,1810,Success
MIG-0975,v1.975,alter_table_exception_add_column_975,2024-10-07 05:59:00,360,Success
MIG-0976,v1.976,alter_table_transaction_add_column_976,2024-10-08 09:57:00,1726,Success
MIG-0977,v1.977,alter_table_merchant_create_table_977,2024-10-09 14:44:00,691,Success
MIG-0978,v1.978,alter_table_customer_modify_index_978,2024-10-11 02:53:00,1521,Success
MIG-0979,v1.979,alter_table_merchant_create_table_979,2024-10-12 11:19:00,900,Success
MIG-0980,v1.980,alter_table_card_modify_index_980,2024-10-14 13:15:00,922,Success
MIG-0981,v1.981,alter_table_card_add_column_981,2024-10-16 02:07:00,172,Success
MIG-0982,v1.982,alter_table_merchant_rename_field_982,2024-10-18 11:12:00,337,Success
MIG-0983,v1.983,alter_table_merchant_add_column_983,2024-10-19 22:09:00,604,Success
MIG-0984,v1.984,alter_table_customer_create_table_984,2024-10-21 10:06:00,1854,Success
MIG-0985,v1.985,alter_table_card_rename_field_985,2024-10-22 11:16:00,1612,Success
MIG-0986,v1.986,alter_table_account_create_table_986,2024-10-23 21:12:00,2451,Success
MIG-0987,v1.987,alter_table_account_add_column_987,2024-10-26 06:23:00,434,Success
MIG-0988,v1.988,alter_table_transaction_rename_field_988,2024-10-27 11:52:00,107,Success
MIG-0989,v1.989,alter_table_exception_rename_field_989,2024-10-28 19:31:00,996,Success
MIG-0990,v1.990,alter_table_transaction_add_column_990,2024-10-30 22:53:00,70,Success
MIG-0991,v1.991,alter_table_customer_drop_unused_991,2024-11-02 05:21:00,1116,Success
MIG-0992,v1.992,alter_table_transaction_add_column_992,2024-11-04 07:25:00,1036,Success
MIG-0993,v1.993,alter_table_wallet_create_table_993,2024-11-06 15:35:00,1330,Success
MIG-0994,v1.994,alter_table_wallet_modify_index_994,2024-11-09 00:59:00,2134,Success
MIG-0995,v1.995,alter_table_account_add_column_995,2024-11-10 09:50:00,421,Success
MIG-0996,v1.996,alter_table_account_add_column_996,2024-11-11 11:50:00,197,Success
MIG-0997,v1.997,alter_table_account_modify_index_997,2024-11-12 17:29:00,1151,Success
MIG-0998,v1.998,alter_table_card_modify_index_998,2024-11-15 01:12:00,373,Success
MIG-0999,v1.999,alter_table_wallet_rename_field_999,2024-11-17 01:46:00,1726,Success
MIG-1000,v1.1000,alter_table_merchant_rename_field_1000,2024-11-18 06:01:00,1657,Success
