TransactionID,CustomerID,AccountID,CardID,MerchantID,DateKey,Amount,Currency,Status,Channel,TransactionType
TX-00001,CUST-0001,ACC-0001,CARD-0001,MERCH-0001,20260755,4983.17,USD,Approved,ATM,Withdrawal
TX-00002,CUST-0002,ACC-0002,CARD-0002,MERCH-0002,20260215,2754.19,INR,Approved,POS,Withdrawal
TX-00003,CUST-0003,ACC-0003,CARD-0003,MERCH-0003,20260126,1762.29,CAD,Approved,Mobile App,Transfer
TX-00004,CUST-0004,ACC-0004,CARD-0004,MERCH-0004,20260860,2271.46,GBP,Reversed,ATM,Transfer
TX-00005,CUST-0005,ACC-0005,CARD-0005,MERCH-0005,20260382,1536.58,GBP,Declined,Mobile App,Transfer
TX-00006,CUST-0006,ACC-0006,CARD-0006,MERCH-0006,20260351,1156.54,INR,Declined,Online,Refund
TX-00007,CUST-0007,ACC-0007,CARD-0007,MERCH-0007,20260329,3607.82,EUR,Reversed,Online,Refund
TX-00008,CUST-0008,ACC-0008,CARD-0008,MERCH-0008,20260243,1581.16,INR,Approved,ATM,Purchase
TX-00009,CUST-0009,ACC-0009,CARD-0009,MERCH-0009,20260855,3715.69,GBP,Reversed,ATM,Refund
TX-00010,CUST-0010,ACC-0010,CARD-0010,MERCH-0010,20260205,4754.63,INR,Declined,ATM,Transfer
TX-00011,CUST-0011,ACC-0011,CARD-0011,MERCH-0011,20260793,3452.37,USD,Declined,Online,Refund
TX-00012,CUST-0012,ACC-0012,CARD-0012,MERCH-0012,20260859,961.75,USD,Approved,Mobile App,Withdrawal
TX-00013,CUST-0013,ACC-0013,CARD-0013,MERCH-0013,20260659,3694.33,EUR,Declined,Online,Withdrawal
TX-00014,CUST-0014,ACC-0014,CARD-0014,MERCH-0014,20260190,1386.12,INR,Reversed,ATM,Transfer
TX-00015,CUST-0015,ACC-0015,CARD-0015,MERCH-0015,20260705,2949.99,INR,Approved,ATM,Refund
TX-00016,CUST-0016,ACC-0016,CARD-0016,MERCH-0016,20260533,3802.24,INR,Reversed,ATM,Refund
TX-00017,CUST-0017,ACC-0017,CARD-0017,MERCH-0017,20260133,2985.97,INR,Approved,ATM,Purchase
TX-00018,CUST-0018,ACC-0018,CARD-0018,MERCH-0018,20260131,4902.65,EUR,Declined,ATM,Purchase
TX-00019,CUST-0019,ACC-0019,CARD-0019,MERCH-0019,20260196,4163.98,GBP,Approved,ATM,Withdrawal
TX-00020,CUST-0020,ACC-0020,CARD-0020,MERCH-0020,20260324,1484.75,CAD,Approved,POS,Transfer
TX-00021,CUST-0021,ACC-0021,CARD-0021,MERCH-0021,20260339,1807.6,EUR,Approved,POS,Withdrawal
TX-00022,CUST-0022,ACC-0022,CARD-0022,MERCH-0022,20260618,1514.83,GBP,Approved,POS,Transfer
TX-00023,CUST-0023,ACC-0023,CARD-0023,MERCH-0023,20260717,3541.55,GBP,Declined,Online,Transfer
TX-00024,CUST-0024,ACC-0024,CARD-0024,MERCH-0024,20260128,637.28,GBP,Reversed,Mobile App,Transfer
TX-00025,CUST-0025,ACC-0025,CARD-0025,MERCH-0025,20260675,232.35,INR,Approved,ATM,Transfer
TX-00026,CUST-0026,ACC-0026,CARD-0026,MERCH-0026,20260304,277.36,EUR,Approved,POS,Refund
TX-00027,CUST-0027,ACC-0027,CARD-0027,MERCH-0027,20260834,1464.22,GBP,Approved,Online,Transfer
TX-00028,CUST-0028,ACC-0028,CARD-0028,MERCH-0028,20260766,4720.73,CAD,Declined,Mobile App,Refund
TX-00029,CUST-0029,ACC-0029,CARD-0029,MERCH-0029,20260819,3191.16,CAD,Approved,ATM,Transfer
TX-00030,CUST-0030,ACC-0030,CARD-0030,MERCH-0030,20260659,3765.2,USD,Approved,ATM,Refund
TX-00031,CUST-0031,ACC-0031,CARD-0031,MERCH-0031,20260530,517.43,GBP,Declined,Mobile App,Refund
TX-00032,CUST-0032,ACC-0032,CARD-0032,MERCH-0032,20260326,66.27,EUR,Reversed,Mobile App,Withdrawal
TX-00033,CUST-0033,ACC-0033,CARD-0033,MERCH-0033,20260560,1425.27,INR,Reversed,Mobile App,Withdrawal
TX-00034,CUST-0034,ACC-0034,CARD-0034,MERCH-0034,20260704,2396.18,USD,Declined,Online,Purchase
TX-00035,CUST-0035,ACC-0035,CARD-0035,MERCH-0035,20260385,1706.83,GBP,Declined,POS,Withdrawal
TX-00036,CUST-0036,ACC-0036,CARD-0036,MERCH-0036,20260929,4827.66,INR,Declined,ATM,Withdrawal
TX-00037,CUST-0037,ACC-0037,CARD-0037,MERCH-0037,20260107,1266.13,EUR,Declined,POS,Transfer
TX-00038,CUST-0038,ACC-0038,CARD-0038,MERCH-0038,20260878,4309.31,EUR,Declined,Mobile App,Purchase
TX-00039,CUST-0039,ACC-0039,CARD-0039,MERCH-0039,20260926,574.87,USD,Declined,ATM,Withdrawal
TX-00040,CUST-0040,ACC-0040,CARD-0040,MERCH-0040,20260264,331.39,USD,Approved,ATM,Withdrawal
TX-00041,CUST-0041,ACC-0041,CARD-0041,MERCH-0041,20260815,2461.27,GBP,Approved,POS,Refund
TX-00042,CUST-0042,ACC-0042,CARD-0042,MERCH-0042,20260533,2887.22,INR,Reversed,POS,Purchase
TX-00043,CUST-0043,ACC-0043,CARD-0043,MERCH-0043,20260449,3433.82,CAD,Approved,ATM,Purchase
TX-00044,CUST-0044,ACC-0044,CARD-0044,MERCH-0044,20260385,762.88,INR,Approved,Online,Purchase
TX-00045,CUST-0045,ACC-0045,CARD-0045,MERCH-0045,20260260,4056.65,EUR,Approved,Mobile App,Refund
TX-00046,CUST-0046,ACC-0046,CARD-0046,MERCH-0046,20260321,4745.88,EUR,Approved,POS,Purchase
TX-00047,CUST-0047,ACC-0047,CARD-0047,MERCH-0047,20260882,430.48,GBP,Approved,ATM,Purchase
TX-00048,CUST-0048,ACC-0048,CARD-0048,MERCH-0048,20260445,1244.71,CAD,Approved,POS,Refund
TX-00049,CUST-0049,ACC-0049,CARD-0049,MERCH-0049,20260205,2792.57,GBP,Reversed,ATM,Purchase
TX-00050,CUST-0050,ACC-0050,CARD-0050,MERCH-0050,20260195,2083.79,EUR,Approved,Online,Purchase
TX-00051,CUST-0051,ACC-0051,CARD-0051,MERCH-0051,20260490,2982.65,EUR,Approved,POS,Transfer
TX-00052,CUST-0052,ACC-0052,CARD-0052,MERCH-0052,20260200,3094.0,INR,Declined,ATM,Withdrawal
TX-00053,CUST-0053,ACC-0053,CARD-0053,MERCH-0053,20260468,3879.59,CAD,Reversed,POS,Purchase
TX-00054,CUST-0054,ACC-0054,CARD-0054,MERCH-0054,20260453,1904.99,INR,Declined,ATM,Refund
TX-00055,CUST-0055,ACC-0055,CARD-0055,MERCH-0055,20260719,4542.98,INR,Reversed,Mobile App,Transfer
TX-00056,CUST-0056,ACC-0056,CARD-0056,MERCH-0056,20260371,1490.28,GBP,Reversed,ATM,Withdrawal
TX-00057,CUST-0057,ACC-0057,CARD-0057,MERCH-0057,20260927,2944.68,INR,Approved,ATM,Withdrawal
TX-00058,CUST-0058,ACC-0058,CARD-0058,MERCH-0058,20260145,2147.01,USD,Reversed,ATM,Transfer
TX-00059,CUST-0059,ACC-0059,CARD-0059,MERCH-0059,20260848,2845.3,USD,Approved,ATM,Refund
TX-00060,CUST-0060,ACC-0060,CARD-0060,MERCH-0060,20260571,305.85,INR,Approved,Mobile App,Withdrawal
TX-00061,CUST-0061,ACC-0061,CARD-0061,MERCH-0061,20260650,4800.74,CAD,Reversed,Online,Withdrawal
TX-00062,CUST-0062,ACC-0062,CARD-0062,MERCH-0062,20260228,500.67,INR,Approved,Mobile App,Withdrawal
TX-00063,CUST-0063,ACC-0063,CARD-0063,MERCH-0063,20260488,3814.87,EUR,Reversed,Online,Purchase
TX-00064,CUST-0064,ACC-0064,CARD-0064,MERCH-0064,20260181,3129.45,EUR,Approved,Online,Purchase
TX-00065,CUST-0065,ACC-0065,CARD-0065,MERCH-0065,20260666,1326.91,CAD,Declined,Mobile App,Transfer
TX-00066,CUST-0066,ACC-0066,CARD-0066,MERCH-0066,20260401,410.53,GBP,Reversed,POS,Transfer
TX-00067,CUST-0067,ACC-0067,CARD-0067,MERCH-0067,20260744,1203.13,USD,Approved,Online,Refund
TX-00068,CUST-0068,ACC-0068,CARD-0068,MERCH-0068,20260734,2762.2,USD,Declined,Mobile App,Refund
TX-00069,CUST-0069,ACC-0069,CARD-0069,MERCH-0069,20260471,786.88,GBP,Approved,ATM,Transfer
TX-00070,CUST-0070,ACC-0070,CARD-0070,MERCH-0070,20260692,2045.55,INR,Approved,Mobile App,Refund
TX-00071,CUST-0071,ACC-0071,CARD-0071,MERCH-0071,20260297,3448.41,CAD,Approved,Online,Withdrawal
TX-00072,CUST-0072,ACC-0072,CARD-0072,MERCH-0072,20260822,2352.21,INR,Approved,POS,Withdrawal
TX-00073,CUST-0073,ACC-0073,CARD-0073,MERCH-0073,20260172,168.04,GBP,Declined,POS,Refund
TX-00074,CUST-0074,ACC-0074,CARD-0074,MERCH-0074,20260147,1444.08,CAD,Approved,POS,Refund
TX-00075,CUST-0075,ACC-0075,CARD-0075,MERCH-0075,20260778,1417.18,USD,Approved,ATM,Transfer
TX-00076,CUST-0076,ACC-0076,CARD-0076,MERCH-0076,20260334,4298.74,USD,Approved,Mobile App,Transfer
TX-00077,CUST-0077,ACC-0077,CARD-0077,MERCH-0077,20260892,360.54,INR,Declined,Mobile App,Refund
TX-00078,CUST-0078,ACC-0078,CARD-0078,MERCH-0078,20260397,1170.95,EUR,Approved,POS,Withdrawal
TX-00079,CUST-0079,ACC-0079,CARD-0079,MERCH-0079,20260182,1326.45,GBP,Approved,ATM,Purchase
TX-00080,CUST-0080,ACC-0080,CARD-0080,MERCH-0080,20260339,3957.28,GBP,Approved,POS,Refund
TX-00081,CUST-0081,ACC-0081,CARD-0081,MERCH-0081,20260204,2951.0,INR,Reversed,Online,Transfer
TX-00082,CUST-0082,ACC-0082,CARD-0082,MERCH-0082,20260490,4020.51,GBP,Approved,Mobile App,Transfer
TX-00083,CUST-0083,ACC-0083,CARD-0083,MERCH-0083,20260385,993.11,USD,Reversed,ATM,Refund
TX-00084,CUST-0084,ACC-0084,CARD-0084,MERCH-0084,20260565,578.31,INR,Declined,POS,Transfer
TX-00085,CUST-0085,ACC-0085,CARD-0085,MERCH-0085,20260751,1127.92,USD,Approved,ATM,Withdrawal
TX-00086,CUST-0086,ACC-0086,CARD-0086,MERCH-0086,20260474,749.2,CAD,Reversed,Online,Transfer
TX-00087,CUST-0087,ACC-0087,CARD-0087,MERCH-0087,20260267,1331.83,CAD,Approved,Online,Purchase
TX-00088,CUST-0088,ACC-0088,CARD-0088,MERCH-0088,20260480,715.47,EUR,Approved,Mobile App,Purchase
TX-00089,CUST-0089,ACC-0089,CARD-0089,MERCH-0089,20260464,302.89,GBP,Approved,ATM,Withdrawal
TX-00090,CUST-0090,ACC-0090,CARD-0090,MERCH-0090,20260315,3964.18,CAD,Approved,POS,Transfer
TX-00091,CUST-0091,ACC-0091,CARD-0091,MERCH-0091,20260787,2977.24,GBP,Reversed,POS,Transfer
TX-00092,CUST-0092,ACC-0092,CARD-0092,MERCH-0092,20260374,4122.08,USD,Approved,POS,Refund
TX-00093,CUST-0093,ACC-0093,CARD-0093,MERCH-0093,20260819,4606.36,INR,Reversed,Mobile App,Purchase
TX-00094,CUST-0094,ACC-0094,CARD-0094,MERCH-0094,20260800,2198.57,CAD,Approved,Online,Refund
TX-00095,CUST-0095,ACC-0095,CARD-0095,MERCH-0095,20260764,2346.15,INR,Reversed,POS,Refund
TX-00096,CUST-0096,ACC-0096,CARD-0096,MERCH-0096,20260174,1523.94,CAD,Reversed,Mobile App,Transfer
TX-00097,CUST-0097,ACC-0097,CARD-0097,MERCH-0097,20260724,2015.53,GBP,Approved,Mobile App,Purchase
TX-00098,CUST-0098,ACC-0098,CARD-0098,MERCH-0098,20260751,1364.87,CAD,Approved,Mobile App,Refund
TX-00099,CUST-0099,ACC-0099,CARD-0099,MERCH-0099,20260276,2702.21,CAD,Approved,Mobile App,Transfer
TX-00100,CUST-0100,ACC-0100,CARD-0100,MERCH-0100,20260647,2191.61,USD,Approved,Mobile App,Withdrawal
TX-00101,CUST-0101,ACC-0101,CARD-0101,MERCH-0101,20260847,2992.19,EUR,Reversed,Mobile App,Purchase
TX-00102,CUST-0102,ACC-0102,CARD-0102,MERCH-0102,20260351,4447.67,USD,Approved,Online,Transfer
TX-00103,CUST-0103,ACC-0103,CARD-0103,MERCH-0103,20260268,3674.0,INR,Reversed,Online,Withdrawal
TX-00104,CUST-0104,ACC-0104,CARD-0104,MERCH-0104,20260574,3020.55,GBP,Approved,POS,Refund
TX-00105,CUST-0105,ACC-0105,CARD-0105,MERCH-0105,20260489,134.2,GBP,Approved,ATM,Refund
TX-00106,CUST-0106,ACC-0106,CARD-0106,MERCH-0106,20260377,1148.48,CAD,Declined,Online,Refund
TX-00107,CUST-0107,ACC-0107,CARD-0107,MERCH-0107,20260756,3373.12,GBP,Approved,ATM,Withdrawal
TX-00108,CUST-0108,ACC-0108,CARD-0108,MERCH-0108,20260805,4303.28,EUR,Approved,POS,Withdrawal
TX-00109,CUST-0109,ACC-0109,CARD-0109,MERCH-0109,20260671,2937.68,EUR,Approved,Online,Refund
TX-00110,CUST-0110,ACC-0110,CARD-0110,MERCH-0110,20260325,108.62,CAD,Approved,Online,Refund
TX-00111,CUST-0111,ACC-0111,CARD-0111,MERCH-0111,20260802,3824.98,CAD,Approved,POS,Withdrawal
TX-00112,CUST-0112,ACC-0112,CARD-0112,MERCH-0112,20260433,4108.0,INR,Approved,POS,Transfer
TX-00113,CUST-0113,ACC-0113,CARD-0113,MERCH-0113,20260887,2883.35,CAD,Approved,ATM,Purchase
TX-00114,CUST-0114,ACC-0114,CARD-0114,MERCH-0114,20260895,3816.73,USD,Approved,ATM,Refund
TX-00115,CUST-0115,ACC-0115,CARD-0115,MERCH-0115,20260158,880.08,USD,Declined,POS,Withdrawal
TX-00116,CUST-0116,ACC-0116,CARD-0116,MERCH-0116,20260335,2597.22,USD,Declined,Online,Transfer
TX-00117,CUST-0117,ACC-0117,CARD-0117,MERCH-0117,20260133,2213.94,EUR,Approved,Mobile App,Transfer
TX-00118,CUST-0118,ACC-0118,CARD-0118,MERCH-0118,20260925,1394.39,GBP,Reversed,ATM,Transfer
TX-00119,CUST-0119,ACC-0119,CARD-0119,MERCH-0119,20260424,4984.74,INR,Approved,POS,Refund
TX-00120,CUST-0120,ACC-0120,CARD-0120,MERCH-0120,20260511,2182.25,CAD,Declined,Online,Withdrawal
TX-00121,CUST-0121,ACC-0121,CARD-0121,MERCH-0121,20260375,4072.15,INR,Declined,Online,Purchase
TX-00122,CUST-0122,ACC-0122,CARD-0122,MERCH-0122,20260168,4845.43,EUR,Declined,ATM,Withdrawal
TX-00123,CUST-0123,ACC-0123,CARD-0123,MERCH-0123,20260317,2352.7,CAD,Approved,ATM,Withdrawal
TX-00124,CUST-0124,ACC-0124,CARD-0124,MERCH-0124,20260681,2044.7,CAD,Approved,Mobile App,Transfer
TX-00125,CUST-0125,ACC-0125,CARD-0125,MERCH-0125,20260836,1608.69,EUR,Declined,ATM,Purchase
TX-00126,CUST-0126,ACC-0126,CARD-0126,MERCH-0126,20260423,527.48,GBP,Reversed,Mobile App,Refund
TX-00127,CUST-0127,ACC-0127,CARD-0127,MERCH-0127,20260318,808.32,CAD,Approved,POS,Refund
TX-00128,CUST-0128,ACC-0128,CARD-0128,MERCH-0128,20260772,2061.17,GBP,Approved,ATM,Transfer
TX-00129,CUST-0129,ACC-0129,CARD-0129,MERCH-0129,20260612,2479.87,EUR,Declined,Mobile App,Refund
TX-00130,CUST-0130,ACC-0130,CARD-0130,MERCH-0130,20260506,3314.6,INR,Declined,ATM,Withdrawal
TX-00131,CUST-0131,ACC-0131,CARD-0131,MERCH-0131,20260759,2005.26,CAD,Approved,POS,Transfer
TX-00132,CUST-0132,ACC-0132,CARD-0132,MERCH-0132,20260570,3803.7,GBP,Reversed,POS,Purchase
TX-00133,CUST-0133,ACC-0133,CARD-0133,MERCH-0133,20260247,188.3,CAD,Approved,Mobile App,Withdrawal
TX-00134,CUST-0134,ACC-0134,CARD-0134,MERCH-0134,20260372,444.86,GBP,Approved,Online,Purchase
TX-00135,CUST-0135,ACC-0135,CARD-0135,MERCH-0135,20260243,1265.73,CAD,Declined,POS,Purchase
TX-00136,CUST-0136,ACC-0136,CARD-0136,MERCH-0136,20260353,584.03,CAD,Approved,POS,Withdrawal
TX-00137,CUST-0137,ACC-0137,CARD-0137,MERCH-0137,20260863,3863.88,CAD,Approved,POS,Purchase
TX-00138,CUST-0138,ACC-0138,CARD-0138,MERCH-0138,20260675,4325.23,INR,Reversed,POS,Transfer
TX-00139,CUST-0139,ACC-0139,CARD-0139,MERCH-0139,20260652,4125.51,CAD,Declined,Online,Transfer
TX-00140,CUST-0140,ACC-0140,CARD-0140,MERCH-0140,20260370,10.75,GBP,Approved,POS,Withdrawal
TX-00141,CUST-0141,ACC-0141,CARD-0141,MERCH-0141,20260865,4347.49,INR,Declined,Online,Refund
TX-00142,CUST-0142,ACC-0142,CARD-0142,MERCH-0142,20260699,2312.57,USD,Approved,ATM,Purchase
TX-00143,CUST-0143,ACC-0143,CARD-0143,MERCH-0143,20260539,275.75,GBP,Declined,Online,Withdrawal
TX-00144,CUST-0144,ACC-0144,CARD-0144,MERCH-0144,20260698,2594.6,GBP,Approved,Mobile App,Purchase
TX-00145,CUST-0145,ACC-0145,CARD-0145,MERCH-0145,20260509,3115.06,USD,Approved,ATM,Withdrawal
TX-00146,CUST-0146,ACC-0146,CARD-0146,MERCH-0146,20260471,2494.97,INR,Approved,Online,Purchase
TX-00147,CUST-0147,ACC-0147,CARD-0147,MERCH-0147,20260325,2212.99,CAD,Approved,Online,Refund
TX-00148,CUST-0148,ACC-0148,CARD-0148,MERCH-0148,20260242,262.8,GBP,Reversed,Online,Withdrawal
TX-00149,CUST-0149,ACC-0149,CARD-0149,MERCH-0149,20260622,1338.95,USD,Reversed,Online,Transfer
TX-00150,CUST-0150,ACC-0150,CARD-0150,MERCH-0150,20260606,659.41,CAD,Approved,Online,Refund
TX-00151,CUST-0151,ACC-0151,CARD-0151,MERCH-0151,20260194,1443.71,INR,Reversed,Online,Transfer
TX-00152,CUST-0152,ACC-0152,CARD-0152,MERCH-0152,20260874,4404.83,GBP,Declined,Mobile App,Refund
TX-00153,CUST-0153,ACC-0153,CARD-0153,MERCH-0153,20260149,2426.14,CAD,Approved,Mobile App,Transfer
TX-00154,CUST-0154,ACC-0154,CARD-0154,MERCH-0154,20260213,149.2,CAD,Approved,Mobile App,Refund
TX-00155,CUST-0155,ACC-0155,CARD-0155,MERCH-0155,20260257,3151.96,EUR,Approved,Online,Purchase
TX-00156,CUST-0156,ACC-0156,CARD-0156,MERCH-0156,20260743,3997.57,USD,Approved,ATM,Transfer
TX-00157,CUST-0157,ACC-0157,CARD-0157,MERCH-0157,20260264,3550.37,CAD,Declined,Mobile App,Purchase
TX-00158,CUST-0158,ACC-0158,CARD-0158,MERCH-0158,20260912,1557.2,INR,Approved,POS,Withdrawal
TX-00159,CUST-0159,ACC-0159,CARD-0159,MERCH-0159,20260797,73.3,EUR,Approved,POS,Purchase
TX-00160,CUST-0160,ACC-0160,CARD-0160,MERCH-0160,20260533,2042.91,CAD,Approved,Online,Transfer
TX-00161,CUST-0161,ACC-0161,CARD-0161,MERCH-0161,20260711,1127.38,CAD,Declined,ATM,Refund
TX-00162,CUST-0162,ACC-0162,CARD-0162,MERCH-0162,20260166,4207.82,INR,Declined,Mobile App,Purchase
TX-00163,CUST-0163,ACC-0163,CARD-0163,MERCH-0163,20260495,571.74,EUR,Approved,Online,Refund
TX-00164,CUST-0164,ACC-0164,CARD-0164,MERCH-0164,20260491,4735.57,EUR,Declined,ATM,Withdrawal
TX-00165,CUST-0165,ACC-0165,CARD-0165,MERCH-0165,20260711,3240.31,USD,Approved,POS,Withdrawal
TX-00166,CUST-0166,ACC-0166,CARD-0166,MERCH-0166,20260580,774.09,CAD,Approved,Mobile App,Transfer
TX-00167,CUST-0167,ACC-0167,CARD-0167,MERCH-0167,20260642,4663.6,USD,Approved,Online,Refund
TX-00168,CUST-0168,ACC-0168,CARD-0168,MERCH-0168,20260358,1462.85,EUR,Approved,Online,Purchase
TX-00169,CUST-0169,ACC-0169,CARD-0169,MERCH-0169,20260667,3528.53,USD,Approved,ATM,Purchase
TX-00170,CUST-0170,ACC-0170,CARD-0170,MERCH-0170,20260112,2080.37,INR,Approved,Online,Withdrawal
TX-00171,CUST-0171,ACC-0171,CARD-0171,MERCH-0171,20260797,2415.09,GBP,Approved,Online,Refund
TX-00172,CUST-0172,ACC-0172,CARD-0172,MERCH-0172,20260839,2363.74,INR,Approved,Mobile App,Refund
TX-00173,CUST-0173,ACC-0173,CARD-0173,MERCH-0173,20260218,2286.65,EUR,Approved,POS,Withdrawal
TX-00174,CUST-0174,ACC-0174,CARD-0174,MERCH-0174,20260799,727.49,INR,Approved,POS,Purchase
TX-00175,CUST-0175,ACC-0175,CARD-0175,MERCH-0175,20260650,957.1,EUR,Approved,ATM,Withdrawal
TX-00176,CUST-0176,ACC-0176,CARD-0176,MERCH-0176,20260869,2998.89,INR,Approved,POS,Refund
TX-00177,CUST-0177,ACC-0177,CARD-0177,MERCH-0177,20260374,3732.73,CAD,Declined,ATM,Purchase
TX-00178,CUST-0178,ACC-0178,CARD-0178,MERCH-0178,20260888,686.86,CAD,Approved,Mobile App,Withdrawal
TX-00179,CUST-0179,ACC-0179,CARD-0179,MERCH-0179,20260757,353.7,INR,Approved,ATM,Refund
TX-00180,CUST-0180,ACC-0180,CARD-0180,MERCH-0180,20260449,3864.51,USD,Declined,POS,Refund
TX-00181,CUST-0181,ACC-0181,CARD-0181,MERCH-0181,20260215,4272.79,EUR,Approved,Online,Transfer
TX-00182,CUST-0182,ACC-0182,CARD-0182,MERCH-0182,20260401,1702.68,CAD,Approved,Mobile App,Transfer
TX-00183,CUST-0183,ACC-0183,CARD-0183,MERCH-0183,20260546,3939.65,EUR,Approved,POS,Withdrawal
TX-00184,CUST-0184,ACC-0184,CARD-0184,MERCH-0184,20260262,1339.53,CAD,Approved,Mobile App,Purchase
TX-00185,CUST-0185,ACC-0185,CARD-0185,MERCH-0185,20260565,17.81,GBP,Declined,ATM,Purchase
TX-00186,CUST-0186,ACC-0186,CARD-0186,MERCH-0186,20260104,3631.62,INR,Approved,POS,Transfer
TX-00187,CUST-0187,ACC-0187,CARD-0187,MERCH-0187,20260840,4188.19,CAD,Approved,Online,Refund
TX-00188,CUST-0188,ACC-0188,CARD-0188,MERCH-0188,20260837,2901.72,INR,Reversed,Online,Transfer
TX-00189,CUST-0189,ACC-0189,CARD-0189,MERCH-0189,20260370,3301.4,GBP,Approved,Online,Withdrawal
TX-00190,CUST-0190,ACC-0190,CARD-0190,MERCH-0190,20260613,4326.98,EUR,Reversed,Online,Transfer
TX-00191,CUST-0191,ACC-0191,CARD-0191,MERCH-0191,20260881,2235.5,INR,Declined,Mobile App,Purchase
TX-00192,CUST-0192,ACC-0192,CARD-0192,MERCH-0192,20260283,2424.29,CAD,Approved,POS,Withdrawal
TX-00193,CUST-0193,ACC-0193,CARD-0193,MERCH-0193,20260620,1665.54,GBP,Approved,Online,Purchase
TX-00194,CUST-0194,ACC-0194,CARD-0194,MERCH-0194,20260209,3815.55,CAD,Approved,Online,Withdrawal
TX-00195,CUST-0195,ACC-0195,CARD-0195,MERCH-0195,20260741,1889.16,GBP,Approved,Online,Refund
TX-00196,CUST-0196,ACC-0196,CARD-0196,MERCH-0196,20260406,4664.6,GBP,Declined,ATM,Transfer
TX-00197,CUST-0197,ACC-0197,CARD-0197,MERCH-0197,20260755,4348.66,CAD,Approved,POS,Purchase
TX-00198,CUST-0198,ACC-0198,CARD-0198,MERCH-0198,20260620,4903.97,INR,Declined,Mobile App,Withdrawal
TX-00199,CUST-0199,ACC-0199,CARD-0199,MERCH-0199,20260724,1197.83,EUR,Approved,ATM,Transfer
TX-00200,CUST-0200,ACC-0200,CARD-0200,MERCH-0200,20260304,1917.94,EUR,Approved,ATM,Purchase
TX-00201,CUST-0201,ACC-0201,CARD-0201,MERCH-0201,20260257,4280.78,GBP,Declined,Mobile App,Refund
TX-00202,CUST-0202,ACC-0202,CARD-0202,MERCH-0202,20260483,2056.82,CAD,Approved,Online,Withdrawal
TX-00203,CUST-0203,ACC-0203,CARD-0203,MERCH-0203,20260881,1594.29,GBP,Approved,Online,Purchase
TX-00204,CUST-0204,ACC-0204,CARD-0204,MERCH-0204,20260266,2367.52,EUR,Approved,POS,Purchase
TX-00205,CUST-0205,ACC-0205,CARD-0205,MERCH-0205,20260653,4567.58,GBP,Approved,Online,Refund
TX-00206,CUST-0206,ACC-0206,CARD-0206,MERCH-0206,20260898,1909.25,GBP,Approved,ATM,Withdrawal
TX-00207,CUST-0207,ACC-0207,CARD-0207,MERCH-0207,20260644,4942.13,EUR,Approved,ATM,Transfer
TX-00208,CUST-0208,ACC-0208,CARD-0208,MERCH-0208,20260101,3963.01,INR,Approved,ATM,Purchase
TX-00209,CUST-0209,ACC-0209,CARD-0209,MERCH-0209,20260714,3261.83,GBP,Declined,Mobile App,Withdrawal
TX-00210,CUST-0210,ACC-0210,CARD-0210,MERCH-0210,20260432,764.77,INR,Approved,Online,Withdrawal
TX-00211,CUST-0211,ACC-0211,CARD-0211,MERCH-0211,20260601,4824.3,GBP,Approved,Online,Refund
TX-00212,CUST-0212,ACC-0212,CARD-0212,MERCH-0212,20260120,635.6,CAD,Approved,Online,Purchase
TX-00213,CUST-0213,ACC-0213,CARD-0213,MERCH-0213,20260215,4826.94,GBP,Reversed,Online,Transfer
TX-00214,CUST-0214,ACC-0214,CARD-0214,MERCH-0214,20260472,1663.31,GBP,Reversed,POS,Purchase
TX-00215,CUST-0215,ACC-0215,CARD-0215,MERCH-0215,20260927,506.32,USD,Approved,POS,Purchase
TX-00216,CUST-0216,ACC-0216,CARD-0216,MERCH-0216,20260415,4225.97,CAD,Reversed,ATM,Transfer
TX-00217,CUST-0217,ACC-0217,CARD-0217,MERCH-0217,20260346,503.06,CAD,Approved,ATM,Withdrawal
TX-00218,CUST-0218,ACC-0218,CARD-0218,MERCH-0218,20260160,4552.66,INR,Declined,Mobile App,Purchase
TX-00219,CUST-0219,ACC-0219,CARD-0219,MERCH-0219,20260347,81.66,INR,Approved,ATM,Withdrawal
TX-00220,CUST-0220,ACC-0220,CARD-0220,MERCH-0220,20260681,725.06,GBP,Approved,Online,Refund
TX-00221,CUST-0221,ACC-0221,CARD-0221,MERCH-0221,20260181,4355.31,EUR,Approved,ATM,Withdrawal
TX-00222,CUST-0222,ACC-0222,CARD-0222,MERCH-0222,20260188,4849.93,GBP,Declined,ATM,Transfer
TX-00223,CUST-0223,ACC-0223,CARD-0223,MERCH-0223,20260850,378.77,USD,Reversed,POS,Transfer
TX-00224,CUST-0224,ACC-0224,CARD-0224,MERCH-0224,20260598,3908.72,GBP,Declined,Online,Refund
TX-00225,CUST-0225,ACC-0225,CARD-0225,MERCH-0225,20260171,1328.79,USD,Approved,Mobile App,Withdrawal
TX-00226,CUST-0226,ACC-0226,CARD-0226,MERCH-0226,20260879,3118.18,GBP,Approved,Mobile App,Purchase
TX-00227,CUST-0227,ACC-0227,CARD-0227,MERCH-0227,20260646,1990.43,INR,Approved,Mobile App,Refund
TX-00228,CUST-0228,ACC-0228,CARD-0228,MERCH-0228,20260885,406.18,GBP,Approved,ATM,Transfer
TX-00229,CUST-0229,ACC-0229,CARD-0229,MERCH-0229,20260229,1646.19,INR,Approved,Mobile App,Withdrawal
TX-00230,CUST-0230,ACC-0230,CARD-0230,MERCH-0230,20260232,3373.42,EUR,Reversed,Mobile App,Transfer
TX-00231,CUST-0231,ACC-0231,CARD-0231,MERCH-0231,20260776,2670.44,EUR,Declined,Mobile App,Purchase
TX-00232,CUST-0232,ACC-0232,CARD-0232,MERCH-0232,20260587,4770.93,CAD,Approved,POS,Refund
TX-00233,CUST-0233,ACC-0233,CARD-0233,MERCH-0233,20260663,3135.86,GBP,Declined,Online,Refund
TX-00234,CUST-0234,ACC-0234,CARD-0234,MERCH-0234,20260270,4437.76,CAD,Approved,POS,Transfer
TX-00235,CUST-0235,ACC-0235,CARD-0235,MERCH-0235,20260372,2442.3,GBP,Approved,Online,Refund
TX-00236,CUST-0236,ACC-0236,CARD-0236,MERCH-0236,20260641,2707.37,EUR,Approved,POS,Withdrawal
TX-00237,CUST-0237,ACC-0237,CARD-0237,MERCH-0237,20260722,3089.21,USD,Approved,Online,Withdrawal
TX-00238,CUST-0238,ACC-0238,CARD-0238,MERCH-0238,20260534,1177.68,CAD,Approved,Mobile App,Transfer
TX-00239,CUST-0239,ACC-0239,CARD-0239,MERCH-0239,20260317,3423.58,CAD,Approved,Mobile App,Transfer
TX-00240,CUST-0240,ACC-0240,CARD-0240,MERCH-0240,20260653,1440.46,EUR,Reversed,Mobile App,Refund
TX-00241,CUST-0241,ACC-0241,CARD-0241,MERCH-0241,20260874,1141.29,EUR,Reversed,POS,Transfer
TX-00242,CUST-0242,ACC-0242,CARD-0242,MERCH-0242,20260848,456.44,USD,Reversed,Mobile App,Withdrawal
TX-00243,CUST-0243,ACC-0243,CARD-0243,MERCH-0243,20260807,4891.8,CAD,Reversed,ATM,Purchase
TX-00244,CUST-0244,ACC-0244,CARD-0244,MERCH-0244,20260306,3803.05,EUR,Approved,Online,Withdrawal
TX-00245,CUST-0245,ACC-0245,CARD-0245,MERCH-0245,20260831,3520.93,EUR,Approved,POS,Refund
TX-00246,CUST-0246,ACC-0246,CARD-0246,MERCH-0246,20260420,507.03,USD,Approved,Mobile App,Transfer
TX-00247,CUST-0247,ACC-0247,CARD-0247,MERCH-0247,20260509,835.99,USD,Approved,Mobile App,Transfer
TX-00248,CUST-0248,ACC-0248,CARD-0248,MERCH-0248,20260788,1500.83,INR,Reversed,Online,Transfer
TX-00249,CUST-0249,ACC-0249,CARD-0249,MERCH-0249,20260766,149.59,GBP,Reversed,Mobile App,Refund
TX-00250,CUST-0250,ACC-0250,CARD-0250,MERCH-0250,20260483,1625.25,INR,Reversed,Mobile App,Purchase
TX-00251,CUST-0251,ACC-0251,CARD-0251,MERCH-0251,20260549,285.32,USD,Approved,Online,Refund
TX-00252,CUST-0252,ACC-0252,CARD-0252,MERCH-0252,20260630,1795.52,EUR,Declined,Online,Withdrawal
TX-00253,CUST-0253,ACC-0253,CARD-0253,MERCH-0253,20260563,2156.28,USD,Approved,ATM,Purchase
TX-00254,CUST-0254,ACC-0254,CARD-0254,MERCH-0254,20260224,1224.77,CAD,Approved,ATM,Transfer
TX-00255,CUST-0255,ACC-0255,CARD-0255,MERCH-0255,20260354,2063.2,EUR,Approved,Online,Withdrawal
TX-00256,CUST-0256,ACC-0256,CARD-0256,MERCH-0256,20260331,3410.59,INR,Declined,POS,Transfer
TX-00257,CUST-0257,ACC-0257,CARD-0257,MERCH-0257,20260166,904.38,INR,Declined,ATM,Purchase
TX-00258,CUST-0258,ACC-0258,CARD-0258,MERCH-0258,20260447,879.47,INR,Approved,Online,Refund
TX-00259,CUST-0259,ACC-0259,CARD-0259,MERCH-0259,20260122,3049.41,EUR,Approved,Mobile App,Withdrawal
TX-00260,CUST-0260,ACC-0260,CARD-0260,MERCH-0260,20260703,1915.81,GBP,Declined,POS,Refund
TX-00261,CUST-0261,ACC-0261,CARD-0261,MERCH-0261,20260668,3417.26,GBP,Reversed,Mobile App,Withdrawal
TX-00262,CUST-0262,ACC-0262,CARD-0262,MERCH-0262,20260336,2490.85,GBP,Approved,ATM,Transfer
TX-00263,CUST-0263,ACC-0263,CARD-0263,MERCH-0263,20260703,2917.87,USD,Reversed,Mobile App,Transfer
TX-00264,CUST-0264,ACC-0264,CARD-0264,MERCH-0264,20260326,1164.78,USD,Approved,POS,Refund
TX-00265,CUST-0265,ACC-0265,CARD-0265,MERCH-0265,20260108,3191.33,CAD,Approved,Online,Transfer
TX-00266,CUST-0266,ACC-0266,CARD-0266,MERCH-0266,20260173,2300.55,EUR,Approved,Online,Purchase
TX-00267,CUST-0267,ACC-0267,CARD-0267,MERCH-0267,20260825,3335.87,CAD,Approved,POS,Purchase
TX-00268,CUST-0268,ACC-0268,CARD-0268,MERCH-0268,20260747,4495.05,USD,Declined,Mobile App,Purchase
TX-00269,CUST-0269,ACC-0269,CARD-0269,MERCH-0269,20260161,2328.94,EUR,Reversed,Mobile App,Purchase
TX-00270,CUST-0270,ACC-0270,CARD-0270,MERCH-0270,20260335,1441.72,INR,Declined,POS,Withdrawal
TX-00271,CUST-0271,ACC-0271,CARD-0271,MERCH-0271,20260170,2735.26,EUR,Approved,Online,Withdrawal
TX-00272,CUST-0272,ACC-0272,CARD-0272,MERCH-0272,20260133,373.94,USD,Reversed,Mobile App,Purchase
TX-00273,CUST-0273,ACC-0273,CARD-0273,MERCH-0273,20260439,4726.45,INR,Approved,ATM,Withdrawal
TX-00274,CUST-0274,ACC-0274,CARD-0274,MERCH-0274,20260173,4938.32,INR,Declined,POS,Purchase
TX-00275,CUST-0275,ACC-0275,CARD-0275,MERCH-0275,20260627,1499.28,EUR,Approved,ATM,Refund
TX-00276,CUST-0276,ACC-0276,CARD-0276,MERCH-0276,20260344,4810.34,GBP,Approved,ATM,Withdrawal
TX-00277,CUST-0277,ACC-0277,CARD-0277,MERCH-0277,20260386,3453.12,USD,Reversed,Online,Purchase
TX-00278,CUST-0278,ACC-0278,CARD-0278,MERCH-0278,20260786,2286.89,USD,Approved,POS,Purchase
TX-00279,CUST-0279,ACC-0279,CARD-0279,MERCH-0279,20260598,1514.1,GBP,Approved,Mobile App,Refund
TX-00280,CUST-0280,ACC-0280,CARD-0280,MERCH-0280,20260320,4996.87,CAD,Approved,Mobile App,Refund
TX-00281,CUST-0281,ACC-0281,CARD-0281,MERCH-0281,20260653,4267.41,CAD,Approved,POS,Transfer
TX-00282,CUST-0282,ACC-0282,CARD-0282,MERCH-0282,20260236,537.73,USD,Approved,Online,Purchase
TX-00283,CUST-0283,ACC-0283,CARD-0283,MERCH-0283,20260841,1909.91,GBP,Approved,Mobile App,Transfer
TX-00284,CUST-0284,ACC-0284,CARD-0284,MERCH-0284,20260685,1798.0,GBP,Declined,Mobile App,Withdrawal
TX-00285,CUST-0285,ACC-0285,CARD-0285,MERCH-0285,20260691,1482.88,INR,Reversed,Mobile App,Purchase
TX-00286,CUST-0286,ACC-0286,CARD-0286,MERCH-0286,20260585,3497.9,CAD,Approved,Online,Purchase
TX-00287,CUST-0287,ACC-0287,CARD-0287,MERCH-0287,20260349,114.59,CAD,Reversed,Mobile App,Withdrawal
TX-00288,CUST-0288,ACC-0288,CARD-0288,MERCH-0288,20260904,4151.04,INR,Declined,Mobile App,Refund
TX-00289,CUST-0289,ACC-0289,CARD-0289,MERCH-0289,20260585,1982.05,EUR,Declined,ATM,Purchase
TX-00290,CUST-0290,ACC-0290,CARD-0290,MERCH-0290,20260927,45.45,CAD,Declined,Online,Refund
TX-00291,CUST-0291,ACC-0291,CARD-0291,MERCH-0291,20260517,4326.01,INR,Approved,Mobile App,Purchase
TX-00292,CUST-0292,ACC-0292,CARD-0292,MERCH-0292,20260295,3892.67,GBP,Reversed,Online,Transfer
TX-00293,CUST-0293,ACC-0293,CARD-0293,MERCH-0293,20260197,4868.15,EUR,Reversed,Online,Refund
TX-00294,CUST-0294,ACC-0294,CARD-0294,MERCH-0294,20260200,4553.53,USD,Reversed,Mobile App,Transfer
TX-00295,CUST-0295,ACC-0295,CARD-0295,MERCH-0295,20260775,3727.13,GBP,Approved,Mobile App,Purchase
TX-00296,CUST-0296,ACC-0296,CARD-0296,MERCH-0296,20260542,4165.03,EUR,Approved,Online,Transfer
TX-00297,CUST-0297,ACC-0297,CARD-0297,MERCH-0297,20260463,4515.16,INR,Approved,Online,Purchase
TX-00298,CUST-0298,ACC-0298,CARD-0298,MERCH-0298,20260534,3879.83,GBP,Approved,Online,Purchase
TX-00299,CUST-0299,ACC-0299,CARD-0299,MERCH-0299,20260521,1154.44,EUR,Approved,ATM,Transfer
TX-00300,CUST-0300,ACC-0300,CARD-0300,MERCH-0300,20260579,4010.65,USD,Reversed,POS,Purchase
TX-00301,CUST-0301,ACC-0301,CARD-0301,MERCH-0301,20260847,1098.93,GBP,Approved,Mobile App,Withdrawal
TX-00302,CUST-0302,ACC-0302,CARD-0302,MERCH-0302,20260156,954.71,GBP,Approved,ATM,Purchase
TX-00303,CUST-0303,ACC-0303,CARD-0303,MERCH-0303,20260790,1256.88,CAD,Reversed,ATM,Purchase
TX-00304,CUST-0304,ACC-0304,CARD-0304,MERCH-0304,20260770,3779.11,EUR,Approved,Online,Withdrawal
TX-00305,CUST-0305,ACC-0305,CARD-0305,MERCH-0305,20260762,3838.52,EUR,Declined,POS,Refund
TX-00306,CUST-0306,ACC-0306,CARD-0306,MERCH-0306,20260201,3405.87,CAD,Reversed,Mobile App,Withdrawal
TX-00307,CUST-0307,ACC-0307,CARD-0307,MERCH-0307,20260163,688.21,INR,Approved,ATM,Withdrawal
TX-00308,CUST-0308,ACC-0308,CARD-0308,MERCH-0308,20260513,490.33,INR,Approved,Mobile App,Withdrawal
TX-00309,CUST-0309,ACC-0309,CARD-0309,MERCH-0309,20260846,3139.15,CAD,Declined,ATM,Withdrawal
TX-00310,CUST-0310,ACC-0310,CARD-0310,MERCH-0310,20260448,201.92,GBP,Approved,Mobile App,Refund
TX-00311,CUST-0311,ACC-0311,CARD-0311,MERCH-0311,20260920,3944.11,USD,Approved,Online,Purchase
TX-00312,CUST-0312,ACC-0312,CARD-0312,MERCH-0312,20260212,171.66,INR,Approved,Online,Transfer
TX-00313,CUST-0313,ACC-0313,CARD-0313,MERCH-0313,20260355,1827.48,USD,Approved,POS,Refund
TX-00314,CUST-0314,ACC-0314,CARD-0314,MERCH-0314,20260297,661.4,EUR,Declined,Online,Refund
TX-00315,CUST-0315,ACC-0315,CARD-0315,MERCH-0315,20260295,4548.59,EUR,Approved,ATM,Purchase
TX-00316,CUST-0316,ACC-0316,CARD-0316,MERCH-0316,20260650,1636.96,INR,Declined,ATM,Withdrawal
TX-00317,CUST-0317,ACC-0317,CARD-0317,MERCH-0317,20260560,2080.44,GBP,Reversed,ATM,Withdrawal
TX-00318,CUST-0318,ACC-0318,CARD-0318,MERCH-0318,20260244,1007.97,EUR,Reversed,ATM,Refund
TX-00319,CUST-0319,ACC-0319,CARD-0319,MERCH-0319,20260533,3933.63,USD,Approved,Online,Transfer
TX-00320,CUST-0320,ACC-0320,CARD-0320,MERCH-0320,20260288,4382.92,GBP,Approved,Online,Withdrawal
TX-00321,CUST-0321,ACC-0321,CARD-0321,MERCH-0321,20260386,1832.46,INR,Approved,POS,Refund
TX-00322,CUST-0322,ACC-0322,CARD-0322,MERCH-0322,20260574,2511.46,EUR,Approved,Mobile App,Transfer
TX-00323,CUST-0323,ACC-0323,CARD-0323,MERCH-0323,20260356,1366.27,INR,Approved,POS,Transfer
TX-00324,CUST-0324,ACC-0324,CARD-0324,MERCH-0324,20260178,826.9,GBP,Approved,Mobile App,Transfer
TX-00325,CUST-0325,ACC-0325,CARD-0325,MERCH-0325,20260554,4570.67,GBP,Approved,Online,Transfer
TX-00326,CUST-0326,ACC-0326,CARD-0326,MERCH-0326,20260928,4721.22,GBP,Approved,ATM,Refund
TX-00327,CUST-0327,ACC-0327,CARD-0327,MERCH-0327,20260664,4837.08,CAD,Declined,POS,Refund
TX-00328,CUST-0328,ACC-0328,CARD-0328,MERCH-0328,20260201,1479.23,CAD,Approved,POS,Transfer
TX-00329,CUST-0329,ACC-0329,CARD-0329,MERCH-0329,20260152,4352.63,USD,Reversed,Online,Withdrawal
TX-00330,CUST-0330,ACC-0330,CARD-0330,MERCH-0330,20260768,4022.14,GBP,Reversed,Mobile App,Withdrawal
TX-00331,CUST-0331,ACC-0331,CARD-0331,MERCH-0331,20260654,2344.32,GBP,Approved,POS,Refund
TX-00332,CUST-0332,ACC-0332,CARD-0332,MERCH-0332,20260116,381.12,EUR,Approved,Mobile App,Transfer
TX-00333,CUST-0333,ACC-0333,CARD-0333,MERCH-0333,20260196,3771.99,USD,Approved,POS,Transfer
TX-00334,CUST-0334,ACC-0334,CARD-0334,MERCH-0334,20260872,1131.95,USD,Approved,ATM,Refund
TX-00335,CUST-0335,ACC-0335,CARD-0335,MERCH-0335,20260343,3383.24,INR,Approved,Online,Refund
TX-00336,CUST-0336,ACC-0336,CARD-0336,MERCH-0336,20260271,3373.66,GBP,Approved,Mobile App,Refund
TX-00337,CUST-0337,ACC-0337,CARD-0337,MERCH-0337,20260517,1990.07,EUR,Approved,Online,Purchase
TX-00338,CUST-0338,ACC-0338,CARD-0338,MERCH-0338,20260598,4229.49,INR,Approved,Online,Purchase
TX-00339,CUST-0339,ACC-0339,CARD-0339,MERCH-0339,20260593,2788.78,CAD,Declined,Mobile App,Transfer
TX-00340,CUST-0340,ACC-0340,CARD-0340,MERCH-0340,20260319,456.06,GBP,Approved,Mobile App,Purchase
TX-00341,CUST-0341,ACC-0341,CARD-0341,MERCH-0341,20260511,1975.9,USD,Reversed,POS,Withdrawal
TX-00342,CUST-0342,ACC-0342,CARD-0342,MERCH-0342,20260161,1325.97,GBP,Approved,Mobile App,Transfer
TX-00343,CUST-0343,ACC-0343,CARD-0343,MERCH-0343,20260269,622.33,GBP,Approved,Online,Purchase
TX-00344,CUST-0344,ACC-0344,CARD-0344,MERCH-0344,20260489,1846.09,CAD,Reversed,Online,Transfer
TX-00345,CUST-0345,ACC-0345,CARD-0345,MERCH-0345,20260103,3746.31,EUR,Approved,Mobile App,Withdrawal
TX-00346,CUST-0346,ACC-0346,CARD-0346,MERCH-0346,20260500,1314.5,EUR,Declined,Mobile App,Withdrawal
TX-00347,CUST-0347,ACC-0347,CARD-0347,MERCH-0347,20260372,1908.22,EUR,Declined,POS,Transfer
TX-00348,CUST-0348,ACC-0348,CARD-0348,MERCH-0348,20260903,3194.55,INR,Reversed,POS,Purchase
TX-00349,CUST-0349,ACC-0349,CARD-0349,MERCH-0349,20260904,1860.51,EUR,Approved,POS,Transfer
TX-00350,CUST-0350,ACC-0350,CARD-0350,MERCH-0350,20260566,3375.81,INR,Approved,Online,Withdrawal
TX-00351,CUST-0351,ACC-0351,CARD-0351,MERCH-0351,20260393,2360.03,CAD,Declined,Mobile App,Purchase
TX-00352,CUST-0352,ACC-0352,CARD-0352,MERCH-0352,20260534,3099.64,GBP,Reversed,ATM,Purchase
TX-00353,CUST-0353,ACC-0353,CARD-0353,MERCH-0353,20260814,4716.13,INR,Approved,Mobile App,Refund
TX-00354,CUST-0354,ACC-0354,CARD-0354,MERCH-0354,20260849,1643.39,CAD,Approved,Mobile App,Transfer
TX-00355,CUST-0355,ACC-0355,CARD-0355,MERCH-0355,20260903,3052.36,INR,Approved,POS,Withdrawal
TX-00356,CUST-0356,ACC-0356,CARD-0356,MERCH-0356,20260670,3240.02,CAD,Approved,ATM,Withdrawal
TX-00357,CUST-0357,ACC-0357,CARD-0357,MERCH-0357,20260778,3178.84,EUR,Approved,Mobile App,Transfer
TX-00358,CUST-0358,ACC-0358,CARD-0358,MERCH-0358,20260836,2324.02,EUR,Reversed,ATM,Transfer
TX-00359,CUST-0359,ACC-0359,CARD-0359,MERCH-0359,20260599,3506.88,CAD,Approved,ATM,Withdrawal
TX-00360,CUST-0360,ACC-0360,CARD-0360,MERCH-0360,20260259,3247.95,USD,Approved,Mobile App,Withdrawal
TX-00361,CUST-0361,ACC-0361,CARD-0361,MERCH-0361,20260295,587.8,CAD,Reversed,POS,Transfer
TX-00362,CUST-0362,ACC-0362,CARD-0362,MERCH-0362,20260404,231.51,INR,Approved,POS,Transfer
TX-00363,CUST-0363,ACC-0363,CARD-0363,MERCH-0363,20260323,190.87,CAD,Approved,Mobile App,Purchase
TX-00364,CUST-0364,ACC-0364,CARD-0364,MERCH-0364,20260160,4979.66,GBP,Approved,ATM,Refund
TX-00365,CUST-0365,ACC-0365,CARD-0365,MERCH-0365,20260694,585.02,USD,Approved,ATM,Withdrawal
TX-00366,CUST-0366,ACC-0366,CARD-0366,MERCH-0366,20260854,1177.83,CAD,Approved,POS,Purchase
TX-00367,CUST-0367,ACC-0367,CARD-0367,MERCH-0367,20260656,2690.05,USD,Declined,POS,Transfer
TX-00368,CUST-0368,ACC-0368,CARD-0368,MERCH-0368,20260163,1946.29,USD,Approved,POS,Refund
TX-00369,CUST-0369,ACC-0369,CARD-0369,MERCH-0369,20260866,1858.2,CAD,Declined,ATM,Withdrawal
TX-00370,CUST-0370,ACC-0370,CARD-0370,MERCH-0370,20260422,4747.16,CAD,Approved,ATM,Refund
TX-00371,CUST-0371,ACC-0371,CARD-0371,MERCH-0371,20260159,3483.94,EUR,Approved,POS,Purchase
TX-00372,CUST-0372,ACC-0372,CARD-0372,MERCH-0372,20260152,2703.26,CAD,Approved,POS,Transfer
TX-00373,CUST-0373,ACC-0373,CARD-0373,MERCH-0373,20260699,2938.77,CAD,Reversed,ATM,Purchase
TX-00374,CUST-0374,ACC-0374,CARD-0374,MERCH-0374,20260589,3634.36,EUR,Declined,Online,Refund
TX-00375,CUST-0375,ACC-0375,CARD-0375,MERCH-0375,20260615,4427.64,EUR,Approved,ATM,Purchase
TX-00376,CUST-0376,ACC-0376,CARD-0376,MERCH-0376,20260644,3276.33,GBP,Approved,Mobile App,Purchase
TX-00377,CUST-0377,ACC-0377,CARD-0377,MERCH-0377,20260262,4169.3,CAD,Approved,Mobile App,Transfer
TX-00378,CUST-0378,ACC-0378,CARD-0378,MERCH-0378,20260159,3080.18,INR,Declined,ATM,Transfer
TX-00379,CUST-0379,ACC-0379,CARD-0379,MERCH-0379,20260621,4695.57,USD,Approved,Mobile App,Refund
TX-00380,CUST-0380,ACC-0380,CARD-0380,MERCH-0380,20260183,1402.3,EUR,Approved,Online,Refund
TX-00381,CUST-0381,ACC-0381,CARD-0381,MERCH-0381,20260291,3452.95,CAD,Approved,Online,Purchase
TX-00382,CUST-0382,ACC-0382,CARD-0382,MERCH-0382,20260171,1090.26,INR,Reversed,Online,Withdrawal
TX-00383,CUST-0383,ACC-0383,CARD-0383,MERCH-0383,20260710,2226.26,USD,Approved,Mobile App,Purchase
TX-00384,CUST-0384,ACC-0384,CARD-0384,MERCH-0384,20260170,1184.38,CAD,Approved,POS,Refund
TX-00385,CUST-0385,ACC-0385,CARD-0385,MERCH-0385,20260792,1816.62,INR,Reversed,Online,Purchase
TX-00386,CUST-0386,ACC-0386,CARD-0386,MERCH-0386,20260341,4904.73,USD,Approved,Online,Transfer
TX-00387,CUST-0387,ACC-0387,CARD-0387,MERCH-0387,20260514,1839.84,INR,Approved,POS,Purchase
TX-00388,CUST-0388,ACC-0388,CARD-0388,MERCH-0388,20260223,4508.97,EUR,Approved,ATM,Transfer
TX-00389,CUST-0389,ACC-0389,CARD-0389,MERCH-0389,20260684,3225.91,CAD,Reversed,POS,Withdrawal
TX-00390,CUST-0390,ACC-0390,CARD-0390,MERCH-0390,20260353,307.45,INR,Approved,ATM,Transfer
TX-00391,CUST-0391,ACC-0391,CARD-0391,MERCH-0391,20260693,1383.03,INR,Declined,ATM,Withdrawal
TX-00392,CUST-0392,ACC-0392,CARD-0392,MERCH-0392,20260709,4841.19,CAD,Approved,POS,Withdrawal
TX-00393,CUST-0393,ACC-0393,CARD-0393,MERCH-0393,20260141,4745.31,USD,Declined,Online,Purchase
TX-00394,CUST-0394,ACC-0394,CARD-0394,MERCH-0394,20260735,4121.83,CAD,Approved,ATM,Refund
TX-00395,CUST-0395,ACC-0395,CARD-0395,MERCH-0395,20260184,462.91,INR,Approved,POS,Refund
TX-00396,CUST-0396,ACC-0396,CARD-0396,MERCH-0396,20260530,1064.47,GBP,Approved,Online,Purchase
TX-00397,CUST-0397,ACC-0397,CARD-0397,MERCH-0397,20260774,3199.27,USD,Approved,ATM,Withdrawal
TX-00398,CUST-0398,ACC-0398,CARD-0398,MERCH-0398,20260698,4855.61,INR,Reversed,Mobile App,Refund
TX-00399,CUST-0399,ACC-0399,CARD-0399,MERCH-0399,20260679,257.64,GBP,Declined,Online,Transfer
TX-00400,CUST-0400,ACC-0400,CARD-0400,MERCH-0400,20260636,1670.88,USD,Approved,POS,Refund
TX-00401,CUST-0401,ACC-0401,CARD-0401,MERCH-0401,20260424,4944.16,EUR,Approved,Mobile App,Withdrawal
TX-00402,CUST-0402,ACC-0402,CARD-0402,MERCH-0402,20260368,3935.96,CAD,Approved,POS,Withdrawal
TX-00403,CUST-0403,ACC-0403,CARD-0403,MERCH-0403,20260310,1030.0,USD,Approved,ATM,Transfer
TX-00404,CUST-0404,ACC-0404,CARD-0404,MERCH-0404,20260786,4149.94,USD,Reversed,Online,Purchase
TX-00405,CUST-0405,ACC-0405,CARD-0405,MERCH-0405,20260834,2773.27,INR,Approved,Mobile App,Refund
TX-00406,CUST-0406,ACC-0406,CARD-0406,MERCH-0406,20260422,2933.98,GBP,Reversed,Mobile App,Purchase
TX-00407,CUST-0407,ACC-0407,CARD-0407,MERCH-0407,20260345,4066.2,USD,Approved,Mobile App,Refund
TX-00408,CUST-0408,ACC-0408,CARD-0408,MERCH-0408,20260372,1168.83,CAD,Declined,ATM,Transfer
TX-00409,CUST-0409,ACC-0409,CARD-0409,MERCH-0409,20260506,3872.97,USD,Approved,Online,Purchase
TX-00410,CUST-0410,ACC-0410,CARD-0410,MERCH-0410,20260235,3944.28,USD,Reversed,Online,Refund
TX-00411,CUST-0411,ACC-0411,CARD-0411,MERCH-0411,20260788,2981.93,INR,Declined,ATM,Refund
TX-00412,CUST-0412,ACC-0412,CARD-0412,MERCH-0412,20260761,1389.99,USD,Approved,POS,Withdrawal
TX-00413,CUST-0413,ACC-0413,CARD-0413,MERCH-0413,20260408,4920.22,GBP,Reversed,Mobile App,Withdrawal
TX-00414,CUST-0414,ACC-0414,CARD-0414,MERCH-0414,20260569,4937.7,INR,Approved,POS,Refund
TX-00415,CUST-0415,ACC-0415,CARD-0415,MERCH-0415,20260424,2703.38,EUR,Approved,ATM,Withdrawal
TX-00416,CUST-0416,ACC-0416,CARD-0416,MERCH-0416,20260870,3993.58,EUR,Approved,POS,Refund
TX-00417,CUST-0417,ACC-0417,CARD-0417,MERCH-0417,20260175,554.08,INR,Declined,POS,Refund
TX-00418,CUST-0418,ACC-0418,CARD-0418,MERCH-0418,20260110,4332.91,GBP,Approved,ATM,Withdrawal
TX-00419,CUST-0419,ACC-0419,CARD-0419,MERCH-0419,20260570,663.36,INR,Approved,Mobile App,Withdrawal
TX-00420,CUST-0420,ACC-0420,CARD-0420,MERCH-0420,20260737,1794.42,INR,Reversed,POS,Withdrawal
TX-00421,CUST-0421,ACC-0421,CARD-0421,MERCH-0421,20260677,3943.22,INR,Approved,Online,Purchase
TX-00422,CUST-0422,ACC-0422,CARD-0422,MERCH-0422,20260203,2946.32,INR,Approved,POS,Transfer
TX-00423,CUST-0423,ACC-0423,CARD-0423,MERCH-0423,20260176,83.83,USD,Approved,POS,Refund
TX-00424,CUST-0424,ACC-0424,CARD-0424,MERCH-0424,20260651,1330.51,CAD,Approved,Online,Transfer
TX-00425,CUST-0425,ACC-0425,CARD-0425,MERCH-0425,20260319,638.16,EUR,Declined,Mobile App,Purchase
TX-00426,CUST-0426,ACC-0426,CARD-0426,MERCH-0426,20260619,2107.7,GBP,Approved,Online,Purchase
TX-00427,CUST-0427,ACC-0427,CARD-0427,MERCH-0427,20260372,572.68,USD,Approved,Mobile App,Refund
TX-00428,CUST-0428,ACC-0428,CARD-0428,MERCH-0428,20260236,322.47,EUR,Approved,ATM,Refund
TX-00429,CUST-0429,ACC-0429,CARD-0429,MERCH-0429,20260458,2244.13,CAD,Reversed,ATM,Transfer
TX-00430,CUST-0430,ACC-0430,CARD-0430,MERCH-0430,20260171,1813.38,INR,Approved,POS,Transfer
TX-00431,CUST-0431,ACC-0431,CARD-0431,MERCH-0431,20260351,2970.36,CAD,Declined,POS,Withdrawal
TX-00432,CUST-0432,ACC-0432,CARD-0432,MERCH-0432,20260479,2262.77,EUR,Declined,ATM,Transfer
TX-00433,CUST-0433,ACC-0433,CARD-0433,MERCH-0433,20260392,1111.64,EUR,Approved,Online,Transfer
TX-00434,CUST-0434,ACC-0434,CARD-0434,MERCH-0434,20260262,3077.46,USD,Approved,ATM,Purchase
TX-00435,CUST-0435,ACC-0435,CARD-0435,MERCH-0435,20260549,3637.58,USD,Approved,Mobile App,Transfer
TX-00436,CUST-0436,ACC-0436,CARD-0436,MERCH-0436,20260657,4544.21,GBP,Approved,POS,Withdrawal
TX-00437,CUST-0437,ACC-0437,CARD-0437,MERCH-0437,20260821,3296.22,INR,Approved,Online,Transfer
TX-00438,CUST-0438,ACC-0438,CARD-0438,MERCH-0438,20260410,1511.64,CAD,Approved,POS,Refund
TX-00439,CUST-0439,ACC-0439,CARD-0439,MERCH-0439,20260727,3218.49,INR,Reversed,ATM,Withdrawal
TX-00440,CUST-0440,ACC-0440,CARD-0440,MERCH-0440,20260927,160.6,CAD,Declined,Online,Refund
TX-00441,CUST-0441,ACC-0441,CARD-0441,MERCH-0441,20260770,4992.94,INR,Approved,ATM,Purchase
TX-00442,CUST-0442,ACC-0442,CARD-0442,MERCH-0442,20260642,4237.26,EUR,Declined,Mobile App,Withdrawal
TX-00443,CUST-0443,ACC-0443,CARD-0443,MERCH-0443,20260109,2134.24,EUR,Approved,ATM,Withdrawal
TX-00444,CUST-0444,ACC-0444,CARD-0444,MERCH-0444,20260784,544.27,INR,Reversed,Online,Transfer
TX-00445,CUST-0445,ACC-0445,CARD-0445,MERCH-0445,20260668,3563.44,GBP,Approved,ATM,Withdrawal
TX-00446,CUST-0446,ACC-0446,CARD-0446,MERCH-0446,20260407,2220.59,EUR,Reversed,POS,Purchase
TX-00447,CUST-0447,ACC-0447,CARD-0447,MERCH-0447,20260780,4496.84,GBP,Approved,POS,Purchase
TX-00448,CUST-0448,ACC-0448,CARD-0448,MERCH-0448,20260207,1613.95,EUR,Declined,Online,Purchase
TX-00449,CUST-0449,ACC-0449,CARD-0449,MERCH-0449,20260238,745.93,USD,Approved,POS,Withdrawal
TX-00450,CUST-0450,ACC-0450,CARD-0450,MERCH-0450,20260371,635.33,USD,Reversed,Mobile App,Withdrawal
TX-00451,CUST-0451,ACC-0451,CARD-0451,MERCH-0451,20260219,3123.47,INR,Reversed,Mobile App,Transfer
TX-00452,CUST-0452,ACC-0452,CARD-0452,MERCH-0452,20260210,2928.9,CAD,Approved,Online,Purchase
TX-00453,CUST-0453,ACC-0453,CARD-0453,MERCH-0453,20260861,3562.2,USD,Declined,ATM,Transfer
TX-00454,CUST-0454,ACC-0454,CARD-0454,MERCH-0454,20260667,1907.62,EUR,Approved,POS,Purchase
TX-00455,CUST-0455,ACC-0455,CARD-0455,MERCH-0455,20260260,2988.97,EUR,Approved,POS,Transfer
TX-00456,CUST-0456,ACC-0456,CARD-0456,MERCH-0456,20260379,1478.01,USD,Approved,ATM,Refund
TX-00457,CUST-0457,ACC-0457,CARD-0457,MERCH-0457,20260389,2530.23,USD,Approved,ATM,Refund
TX-00458,CUST-0458,ACC-0458,CARD-0458,MERCH-0458,20260720,2153.85,CAD,Approved,ATM,Purchase
TX-00459,CUST-0459,ACC-0459,CARD-0459,MERCH-0459,20260316,3966.51,USD,Declined,ATM,Transfer
TX-00460,CUST-0460,ACC-0460,CARD-0460,MERCH-0460,20260835,576.5,INR,Approved,POS,Withdrawal
TX-00461,CUST-0461,ACC-0461,CARD-0461,MERCH-0461,20260452,3275.29,CAD,Approved,Mobile App,Withdrawal
TX-00462,CUST-0462,ACC-0462,CARD-0462,MERCH-0462,20260309,4389.14,USD,Declined,Online,Withdrawal
TX-00463,CUST-0463,ACC-0463,CARD-0463,MERCH-0463,20260804,2758.92,EUR,Approved,Online,Transfer
TX-00464,CUST-0464,ACC-0464,CARD-0464,MERCH-0464,20260750,4328.13,USD,Approved,ATM,Refund
TX-00465,CUST-0465,ACC-0465,CARD-0465,MERCH-0465,20260371,2153.2,INR,Approved,Mobile App,Withdrawal
TX-00466,CUST-0466,ACC-0466,CARD-0466,MERCH-0466,20260618,4441.01,INR,Approved,POS,Purchase
TX-00467,CUST-0467,ACC-0467,CARD-0467,MERCH-0467,20260601,2072.0,EUR,Approved,POS,Refund
TX-00468,CUST-0468,ACC-0468,CARD-0468,MERCH-0468,20260358,4137.96,CAD,Reversed,Online,Purchase
TX-00469,CUST-0469,ACC-0469,CARD-0469,MERCH-0469,20260153,1996.66,EUR,Approved,ATM,Transfer
TX-00470,CUST-0470,ACC-0470,CARD-0470,MERCH-0470,20260195,3649.41,USD,Approved,Mobile App,Withdrawal
TX-00471,CUST-0471,ACC-0471,CARD-0471,MERCH-0471,20260750,1566.18,EUR,Approved,Online,Purchase
TX-00472,CUST-0472,ACC-0472,CARD-0472,MERCH-0472,20260534,1566.06,CAD,Approved,Mobile App,Transfer
TX-00473,CUST-0473,ACC-0473,CARD-0473,MERCH-0473,20260384,1278.17,GBP,Declined,ATM,Withdrawal
TX-00474,CUST-0474,ACC-0474,CARD-0474,MERCH-0474,20260146,4768.19,EUR,Declined,ATM,Transfer
TX-00475,CUST-0475,ACC-0475,CARD-0475,MERCH-0475,20260104,3435.67,CAD,Approved,Online,Purchase
TX-00476,CUST-0476,ACC-0476,CARD-0476,MERCH-0476,20260442,2373.97,GBP,Declined,ATM,Refund
TX-00477,CUST-0477,ACC-0477,CARD-0477,MERCH-0477,20260890,460.67,CAD,Approved,Mobile App,Purchase
TX-00478,CUST-0478,ACC-0478,CARD-0478,MERCH-0478,20260234,431.39,CAD,Reversed,Mobile App,Purchase
TX-00479,CUST-0479,ACC-0479,CARD-0479,MERCH-0479,20260753,2162.22,GBP,Approved,Online,Refund
TX-00480,CUST-0480,ACC-0480,CARD-0480,MERCH-0480,20260369,3724.22,EUR,Approved,ATM,Transfer
TX-00481,CUST-0481,ACC-0481,CARD-0481,MERCH-0481,20260266,1866.37,GBP,Declined,POS,Transfer
TX-00482,CUST-0482,ACC-0482,CARD-0482,MERCH-0482,20260860,654.93,EUR,Approved,ATM,Purchase
TX-00483,CUST-0483,ACC-0483,CARD-0483,MERCH-0483,20260553,304.6,CAD,Declined,Online,Purchase
TX-00484,CUST-0484,ACC-0484,CARD-0484,MERCH-0484,20260665,4783.34,EUR,Approved,Online,Transfer
TX-00485,CUST-0485,ACC-0485,CARD-0485,MERCH-0485,20260823,2810.61,INR,Approved,POS,Refund
TX-00486,CUST-0486,ACC-0486,CARD-0486,MERCH-0486,20260538,3351.72,GBP,Approved,Online,Withdrawal
TX-00487,CUST-0487,ACC-0487,CARD-0487,MERCH-0487,20260675,2056.99,GBP,Approved,Online,Refund
TX-00488,CUST-0488,ACC-0488,CARD-0488,MERCH-0488,20260110,4368.67,USD,Approved,POS,Purchase
TX-00489,CUST-0489,ACC-0489,CARD-0489,MERCH-0489,20260215,4705.94,CAD,Reversed,POS,Transfer
TX-00490,CUST-0490,ACC-0490,CARD-0490,MERCH-0490,20260178,2117.57,CAD,Approved,Mobile App,Refund
TX-00491,CUST-0491,ACC-0491,CARD-0491,MERCH-0491,20260808,4579.64,EUR,Approved,Online,Purchase
TX-00492,CUST-0492,ACC-0492,CARD-0492,MERCH-0492,20260253,261.97,INR,Approved,POS,Withdrawal
TX-00493,CUST-0493,ACC-0493,CARD-0493,MERCH-0493,20260659,1441.71,CAD,Approved,Mobile App,Withdrawal
TX-00494,CUST-0494,ACC-0494,CARD-0494,MERCH-0494,20260137,1565.68,INR,Approved,Online,Refund
TX-00495,CUST-0495,ACC-0495,CARD-0495,MERCH-0495,20260479,522.48,USD,Approved,POS,Purchase
TX-00496,CUST-0496,ACC-0496,CARD-0496,MERCH-0496,20260697,2539.53,GBP,Approved,Online,Purchase
TX-00497,CUST-0497,ACC-0497,CARD-0497,MERCH-0497,20260666,777.88,INR,Declined,Mobile App,Withdrawal
TX-00498,CUST-0498,ACC-0498,CARD-0498,MERCH-0498,20260252,2413.54,CAD,Reversed,ATM,Transfer
TX-00499,CUST-0499,ACC-0499,CARD-0499,MERCH-0499,20260541,4237.14,GBP,Approved,Online,Transfer
TX-00500,CUST-0500,ACC-0500,CARD-0500,MERCH-0500,20260231,1753.82,INR,Approved,Online,Refund
TX-00501,CUST-0501,ACC-0501,CARD-0501,MERCH-0501,20260143,2783.55,INR,Approved,Online,Refund
TX-00502,CUST-0502,ACC-0502,CARD-0502,MERCH-0502,20260416,578.85,EUR,Approved,Online,Withdrawal
TX-00503,CUST-0503,ACC-0503,CARD-0503,MERCH-0503,20260474,1396.45,GBP,Approved,POS,Purchase
TX-00504,CUST-0504,ACC-0504,CARD-0504,MERCH-0504,20260916,1134.66,INR,Declined,ATM,Transfer
TX-00505,CUST-0505,ACC-0505,CARD-0505,MERCH-0505,20260141,2148.42,EUR,Declined,Online,Transfer
TX-00506,CUST-0506,ACC-0506,CARD-0506,MERCH-0506,20260467,2807.02,CAD,Reversed,POS,Transfer
TX-00507,CUST-0507,ACC-0507,CARD-0507,MERCH-0507,20260316,3838.33,INR,Reversed,ATM,Transfer
TX-00508,CUST-0508,ACC-0508,CARD-0508,MERCH-0508,20260799,3110.51,EUR,Approved,Mobile App,Withdrawal
TX-00509,CUST-0509,ACC-0509,CARD-0509,MERCH-0509,20260356,3376.51,EUR,Approved,Mobile App,Transfer
TX-00510,CUST-0510,ACC-0510,CARD-0510,MERCH-0510,20260783,2785.92,GBP,Declined,Mobile App,Purchase
TX-00511,CUST-0511,ACC-0511,CARD-0511,MERCH-0511,20260206,3046.93,EUR,Approved,Mobile App,Transfer
TX-00512,CUST-0512,ACC-0512,CARD-0512,MERCH-0512,20260463,3290.87,INR,Approved,Mobile App,Refund
TX-00513,CUST-0513,ACC-0513,CARD-0513,MERCH-0513,20260899,3468.89,USD,Approved,ATM,Purchase
TX-00514,CUST-0514,ACC-0514,CARD-0514,MERCH-0514,20260674,149.62,CAD,Approved,Online,Transfer
TX-00515,CUST-0515,ACC-0515,CARD-0515,MERCH-0515,20260517,1369.99,INR,Approved,Mobile App,Withdrawal
TX-00516,CUST-0516,ACC-0516,CARD-0516,MERCH-0516,20260736,3813.24,INR,Approved,Online,Withdrawal
TX-00517,CUST-0517,ACC-0517,CARD-0517,MERCH-0517,20260868,4608.08,CAD,Approved,Online,Transfer
TX-00518,CUST-0518,ACC-0518,CARD-0518,MERCH-0518,20260259,1758.36,CAD,Approved,Online,Refund
TX-00519,CUST-0519,ACC-0519,CARD-0519,MERCH-0519,20260343,911.12,EUR,Declined,Online,Withdrawal
TX-00520,CUST-0520,ACC-0520,CARD-0520,MERCH-0520,20260267,720.54,INR,Approved,Online,Purchase
TX-00521,CUST-0521,ACC-0521,CARD-0521,MERCH-0521,20260920,3288.44,EUR,Approved,ATM,Refund
TX-00522,CUST-0522,ACC-0522,CARD-0522,MERCH-0522,20260282,352.58,GBP,Reversed,Online,Withdrawal
TX-00523,CUST-0523,ACC-0523,CARD-0523,MERCH-0523,20260523,3706.14,EUR,Reversed,ATM,Refund
TX-00524,CUST-0524,ACC-0524,CARD-0524,MERCH-0524,20260126,4859.19,GBP,Approved,ATM,Withdrawal
TX-00525,CUST-0525,ACC-0525,CARD-0525,MERCH-0525,20260284,463.33,USD,Approved,Online,Withdrawal
TX-00526,CUST-0526,ACC-0526,CARD-0526,MERCH-0526,20260855,2654.76,INR,Approved,ATM,Refund
TX-00527,CUST-0527,ACC-0527,CARD-0527,MERCH-0527,20260441,1884.09,GBP,Approved,Mobile App,Transfer
TX-00528,CUST-0528,ACC-0528,CARD-0528,MERCH-0528,20260902,2270.96,USD,Approved,Mobile App,Transfer
TX-00529,CUST-0529,ACC-0529,CARD-0529,MERCH-0529,20260522,791.26,CAD,Declined,Mobile App,Refund
TX-00530,CUST-0530,ACC-0530,CARD-0530,MERCH-0530,20260922,1561.63,EUR,Approved,Online,Withdrawal
TX-00531,CUST-0531,ACC-0531,CARD-0531,MERCH-0531,20260786,1625.29,USD,Approved,Mobile App,Withdrawal
TX-00532,CUST-0532,ACC-0532,CARD-0532,MERCH-0532,20260853,4707.33,GBP,Approved,POS,Withdrawal
TX-00533,CUST-0533,ACC-0533,CARD-0533,MERCH-0533,20260355,2983.14,INR,Approved,POS,Withdrawal
TX-00534,CUST-0534,ACC-0534,CARD-0534,MERCH-0534,20260374,4417.29,CAD,Approved,POS,Withdrawal
TX-00535,CUST-0535,ACC-0535,CARD-0535,MERCH-0535,20260264,782.12,CAD,Declined,Mobile App,Transfer
TX-00536,CUST-0536,ACC-0536,CARD-0536,MERCH-0536,20260907,3773.41,USD,Approved,ATM,Withdrawal
TX-00537,CUST-0537,ACC-0537,CARD-0537,MERCH-0537,20260819,253.56,USD,Approved,POS,Refund
TX-00538,CUST-0538,ACC-0538,CARD-0538,MERCH-0538,20260211,412.5,EUR,Reversed,ATM,Withdrawal
TX-00539,CUST-0539,ACC-0539,CARD-0539,MERCH-0539,20260492,2218.35,CAD,Declined,ATM,Withdrawal
TX-00540,CUST-0540,ACC-0540,CARD-0540,MERCH-0540,20260140,2122.95,CAD,Declined,Online,Transfer
TX-00541,CUST-0541,ACC-0541,CARD-0541,MERCH-0541,20260582,3037.34,EUR,Declined,POS,Purchase
TX-00542,CUST-0542,ACC-0542,CARD-0542,MERCH-0542,20260328,2073.85,INR,Approved,Online,Purchase
TX-00543,CUST-0543,ACC-0543,CARD-0543,MERCH-0543,20260305,1081.77,EUR,Declined,Online,Withdrawal
TX-00544,CUST-0544,ACC-0544,CARD-0544,MERCH-0544,20260572,2564.17,GBP,Declined,Online,Transfer
TX-00545,CUST-0545,ACC-0545,CARD-0545,MERCH-0545,20260459,1729.14,GBP,Approved,Mobile App,Withdrawal
TX-00546,CUST-0546,ACC-0546,CARD-0546,MERCH-0546,20260413,558.89,USD,Approved,Online,Purchase
TX-00547,CUST-0547,ACC-0547,CARD-0547,MERCH-0547,20260915,3392.7,EUR,Approved,ATM,Transfer
TX-00548,CUST-0548,ACC-0548,CARD-0548,MERCH-0548,20260334,2967.71,EUR,Approved,POS,Refund
TX-00549,CUST-0549,ACC-0549,CARD-0549,MERCH-0549,20260329,2637.04,USD,Approved,ATM,Refund
TX-00550,CUST-0550,ACC-0550,CARD-0550,MERCH-0550,20260125,1545.55,INR,Approved,POS,Transfer
TX-00551,CUST-0551,ACC-0551,CARD-0551,MERCH-0551,20260776,1106.49,EUR,Declined,Mobile App,Refund
TX-00552,CUST-0552,ACC-0552,CARD-0552,MERCH-0552,20260298,4922.31,CAD,Approved,POS,Transfer
TX-00553,CUST-0553,ACC-0553,CARD-0553,MERCH-0553,20260509,278.64,EUR,Approved,POS,Withdrawal
TX-00554,CUST-0554,ACC-0554,CARD-0554,MERCH-0554,20260437,1026.09,INR,Reversed,POS,Withdrawal
TX-00555,CUST-0555,ACC-0555,CARD-0555,MERCH-0555,20260386,4726.89,EUR,Reversed,POS,Purchase
TX-00556,CUST-0556,ACC-0556,CARD-0556,MERCH-0556,20260172,3837.91,CAD,Reversed,ATM,Withdrawal
TX-00557,CUST-0557,ACC-0557,CARD-0557,MERCH-0557,20260892,3821.98,GBP,Approved,POS,Withdrawal
TX-00558,CUST-0558,ACC-0558,CARD-0558,MERCH-0558,20260386,1450.79,GBP,Approved,Online,Purchase
TX-00559,CUST-0559,ACC-0559,CARD-0559,MERCH-0559,20260460,604.32,INR,Declined,POS,Transfer
TX-00560,CUST-0560,ACC-0560,CARD-0560,MERCH-0560,20260757,2489.44,INR,Declined,Online,Withdrawal
TX-00561,CUST-0561,ACC-0561,CARD-0561,MERCH-0561,20260622,2156.12,CAD,Reversed,Mobile App,Withdrawal
TX-00562,CUST-0562,ACC-0562,CARD-0562,MERCH-0562,20260510,650.28,GBP,Declined,Online,Withdrawal
TX-00563,CUST-0563,ACC-0563,CARD-0563,MERCH-0563,20260796,2665.25,GBP,Approved,ATM,Purchase
TX-00564,CUST-0564,ACC-0564,CARD-0564,MERCH-0564,20260650,1154.4,GBP,Approved,Online,Transfer
TX-00565,CUST-0565,ACC-0565,CARD-0565,MERCH-0565,20260440,2795.82,GBP,Approved,ATM,Purchase
TX-00566,CUST-0566,ACC-0566,CARD-0566,MERCH-0566,20260129,3341.9,CAD,Declined,Online,Refund
TX-00567,CUST-0567,ACC-0567,CARD-0567,MERCH-0567,20260219,1774.07,INR,Approved,POS,Withdrawal
TX-00568,CUST-0568,ACC-0568,CARD-0568,MERCH-0568,20260368,1988.37,INR,Declined,Mobile App,Refund
TX-00569,CUST-0569,ACC-0569,CARD-0569,MERCH-0569,20260283,3711.5,USD,Approved,ATM,Transfer
TX-00570,CUST-0570,ACC-0570,CARD-0570,MERCH-0570,20260695,2183.92,INR,Reversed,ATM,Withdrawal
TX-00571,CUST-0571,ACC-0571,CARD-0571,MERCH-0571,20260372,2301.47,GBP,Approved,POS,Refund
TX-00572,CUST-0572,ACC-0572,CARD-0572,MERCH-0572,20260140,393.92,EUR,Reversed,POS,Refund
TX-00573,CUST-0573,ACC-0573,CARD-0573,MERCH-0573,20260212,1568.74,GBP,Approved,Online,Refund
TX-00574,CUST-0574,ACC-0574,CARD-0574,MERCH-0574,20260711,2149.28,GBP,Declined,ATM,Withdrawal
TX-00575,CUST-0575,ACC-0575,CARD-0575,MERCH-0575,20260545,2025.09,INR,Approved,Online,Withdrawal
TX-00576,CUST-0576,ACC-0576,CARD-0576,MERCH-0576,20260454,3202.51,USD,Declined,POS,Withdrawal
TX-00577,CUST-0577,ACC-0577,CARD-0577,MERCH-0577,20260847,1451.13,CAD,Reversed,ATM,Withdrawal
TX-00578,CUST-0578,ACC-0578,CARD-0578,MERCH-0578,20260906,2028.14,EUR,Declined,Mobile App,Purchase
TX-00579,CUST-0579,ACC-0579,CARD-0579,MERCH-0579,20260422,4831.17,EUR,Approved,Mobile App,Refund
TX-00580,CUST-0580,ACC-0580,CARD-0580,MERCH-0580,20260547,863.51,USD,Reversed,ATM,Purchase
TX-00581,CUST-0581,ACC-0581,CARD-0581,MERCH-0581,20260721,4738.33,GBP,Reversed,ATM,Transfer
TX-00582,CUST-0582,ACC-0582,CARD-0582,MERCH-0582,20260624,2303.18,CAD,Approved,POS,Refund
TX-00583,CUST-0583,ACC-0583,CARD-0583,MERCH-0583,20260219,3449.6,CAD,Declined,ATM,Withdrawal
TX-00584,CUST-0584,ACC-0584,CARD-0584,MERCH-0584,20260495,1812.45,CAD,Approved,ATM,Withdrawal
TX-00585,CUST-0585,ACC-0585,CARD-0585,MERCH-0585,20260691,2186.38,INR,Approved,Mobile App,Withdrawal
TX-00586,CUST-0586,ACC-0586,CARD-0586,MERCH-0586,20260295,533.79,GBP,Approved,POS,Purchase
TX-00587,CUST-0587,ACC-0587,CARD-0587,MERCH-0587,20260361,2181.2,EUR,Approved,Online,Withdrawal
TX-00588,CUST-0588,ACC-0588,CARD-0588,MERCH-0588,20260146,2005.25,EUR,Reversed,ATM,Refund
TX-00589,CUST-0589,ACC-0589,CARD-0589,MERCH-0589,20260826,397.84,GBP,Approved,POS,Refund
TX-00590,CUST-0590,ACC-0590,CARD-0590,MERCH-0590,20260547,4353.27,EUR,Approved,POS,Transfer
TX-00591,CUST-0591,ACC-0591,CARD-0591,MERCH-0591,20260102,3730.3,INR,Approved,Mobile App,Refund
TX-00592,CUST-0592,ACC-0592,CARD-0592,MERCH-0592,20260633,1111.75,CAD,Approved,ATM,Withdrawal
TX-00593,CUST-0593,ACC-0593,CARD-0593,MERCH-0593,20260926,3896.69,EUR,Declined,ATM,Refund
TX-00594,CUST-0594,ACC-0594,CARD-0594,MERCH-0594,20260652,386.51,INR,Reversed,POS,Refund
TX-00595,CUST-0595,ACC-0595,CARD-0595,MERCH-0595,20260804,3167.96,CAD,Approved,ATM,Purchase
TX-00596,CUST-0596,ACC-0596,CARD-0596,MERCH-0596,20260837,2655.37,GBP,Reversed,Mobile App,Refund
TX-00597,CUST-0597,ACC-0597,CARD-0597,MERCH-0597,20260860,973.55,GBP,Approved,Mobile App,Transfer
TX-00598,CUST-0598,ACC-0598,CARD-0598,MERCH-0598,20260855,3882.26,INR,Approved,Mobile App,Refund
TX-00599,CUST-0599,ACC-0599,CARD-0599,MERCH-0599,20260787,1758.74,INR,Approved,ATM,Purchase
TX-00600,CUST-0600,ACC-0600,CARD-0600,MERCH-0600,20260302,4791.33,INR,Approved,ATM,Purchase
TX-00601,CUST-0601,ACC-0601,CARD-0601,MERCH-0601,20260473,3228.99,EUR,Approved,Mobile App,Refund
TX-00602,CUST-0602,ACC-0602,CARD-0602,MERCH-0602,20260542,742.71,GBP,Approved,Online,Refund
TX-00603,CUST-0603,ACC-0603,CARD-0603,MERCH-0603,20260172,518.51,EUR,Reversed,POS,Purchase
TX-00604,CUST-0604,ACC-0604,CARD-0604,MERCH-0604,20260781,1283.56,EUR,Approved,Online,Withdrawal
TX-00605,CUST-0605,ACC-0605,CARD-0605,MERCH-0605,20260439,871.63,CAD,Approved,ATM,Refund
TX-00606,CUST-0606,ACC-0606,CARD-0606,MERCH-0606,20260739,768.58,INR,Reversed,POS,Purchase
TX-00607,CUST-0607,ACC-0607,CARD-0607,MERCH-0607,20260422,3796.97,EUR,Declined,POS,Refund
TX-00608,CUST-0608,ACC-0608,CARD-0608,MERCH-0608,20260780,381.39,CAD,Approved,ATM,Purchase
TX-00609,CUST-0609,ACC-0609,CARD-0609,MERCH-0609,20260228,4756.7,USD,Approved,Online,Withdrawal
TX-00610,CUST-0610,ACC-0610,CARD-0610,MERCH-0610,20260838,3141.6,CAD,Approved,Online,Transfer
TX-00611,CUST-0611,ACC-0611,CARD-0611,MERCH-0611,20260408,2322.45,USD,Approved,Online,Refund
TX-00612,CUST-0612,ACC-0612,CARD-0612,MERCH-0612,20260620,2820.86,USD,Reversed,Online,Refund
TX-00613,CUST-0613,ACC-0613,CARD-0613,MERCH-0613,20260417,2899.44,USD,Approved,Mobile App,Transfer
TX-00614,CUST-0614,ACC-0614,CARD-0614,MERCH-0614,20260783,3407.26,USD,Approved,POS,Transfer
TX-00615,CUST-0615,ACC-0615,CARD-0615,MERCH-0615,20260519,4410.83,INR,Reversed,Online,Refund
TX-00616,CUST-0616,ACC-0616,CARD-0616,MERCH-0616,20260435,3216.74,EUR,Approved,ATM,Withdrawal
TX-00617,CUST-0617,ACC-0617,CARD-0617,MERCH-0617,20260513,4932.73,EUR,Approved,Mobile App,Refund
TX-00618,CUST-0618,ACC-0618,CARD-0618,MERCH-0618,20260814,1619.43,USD,Reversed,POS,Transfer
TX-00619,CUST-0619,ACC-0619,CARD-0619,MERCH-0619,20260403,4855.01,EUR,Reversed,ATM,Purchase
TX-00620,CUST-0620,ACC-0620,CARD-0620,MERCH-0620,20260668,1584.11,USD,Approved,Mobile App,Withdrawal
TX-00621,CUST-0621,ACC-0621,CARD-0621,MERCH-0621,20260231,2201.62,EUR,Reversed,POS,Refund
TX-00622,CUST-0622,ACC-0622,CARD-0622,MERCH-0622,20260297,2347.26,CAD,Approved,ATM,Refund
TX-00623,CUST-0623,ACC-0623,CARD-0623,MERCH-0623,20260531,3158.77,INR,Declined,POS,Purchase
TX-00624,CUST-0624,ACC-0624,CARD-0624,MERCH-0624,20260781,3982.67,GBP,Reversed,Mobile App,Purchase
TX-00625,CUST-0625,ACC-0625,CARD-0625,MERCH-0625,20260489,2959.14,USD,Approved,Online,Withdrawal
TX-00626,CUST-0626,ACC-0626,CARD-0626,MERCH-0626,20260794,1762.95,CAD,Approved,Mobile App,Withdrawal
TX-00627,CUST-0627,ACC-0627,CARD-0627,MERCH-0627,20260867,375.58,CAD,Declined,ATM,Refund
TX-00628,CUST-0628,ACC-0628,CARD-0628,MERCH-0628,20260279,2311.4,INR,Approved,Online,Refund
TX-00629,CUST-0629,ACC-0629,CARD-0629,MERCH-0629,20260731,192.85,INR,Approved,POS,Transfer
TX-00630,CUST-0630,ACC-0630,CARD-0630,MERCH-0630,20260683,1846.84,USD,Approved,POS,Refund
TX-00631,CUST-0631,ACC-0631,CARD-0631,MERCH-0631,20260409,1438.95,USD,Approved,POS,Purchase
TX-00632,CUST-0632,ACC-0632,CARD-0632,MERCH-0632,20260516,3225.11,CAD,Reversed,Mobile App,Withdrawal
TX-00633,CUST-0633,ACC-0633,CARD-0633,MERCH-0633,20260662,4886.96,CAD,Approved,POS,Refund
TX-00634,CUST-0634,ACC-0634,CARD-0634,MERCH-0634,20260101,456.03,INR,Approved,POS,Withdrawal
TX-00635,CUST-0635,ACC-0635,CARD-0635,MERCH-0635,20260412,2972.43,USD,Reversed,POS,Refund
TX-00636,CUST-0636,ACC-0636,CARD-0636,MERCH-0636,20260394,1925.49,USD,Declined,Mobile App,Purchase
TX-00637,CUST-0637,ACC-0637,CARD-0637,MERCH-0637,20260316,2903.75,CAD,Approved,ATM,Transfer
TX-00638,CUST-0638,ACC-0638,CARD-0638,MERCH-0638,20260541,4771.39,GBP,Approved,Online,Transfer
TX-00639,CUST-0639,ACC-0639,CARD-0639,MERCH-0639,20260905,3695.91,CAD,Reversed,POS,Withdrawal
TX-00640,CUST-0640,ACC-0640,CARD-0640,MERCH-0640,20260694,209.91,GBP,Approved,Mobile App,Purchase
TX-00641,CUST-0641,ACC-0641,CARD-0641,MERCH-0641,20260722,4545.7,USD,Approved,POS,Purchase
TX-00642,CUST-0642,ACC-0642,CARD-0642,MERCH-0642,20260771,2860.43,CAD,Approved,Online,Purchase
TX-00643,CUST-0643,ACC-0643,CARD-0643,MERCH-0643,20260430,945.26,INR,Approved,ATM,Refund
TX-00644,CUST-0644,ACC-0644,CARD-0644,MERCH-0644,20260577,3027.0,EUR,Approved,ATM,Transfer
TX-00645,CUST-0645,ACC-0645,CARD-0645,MERCH-0645,20260553,2509.33,USD,Approved,POS,Purchase
TX-00646,CUST-0646,ACC-0646,CARD-0646,MERCH-0646,20260553,4788.82,USD,Approved,Online,Refund
TX-00647,CUST-0647,ACC-0647,CARD-0647,MERCH-0647,20260792,2255.36,CAD,Approved,POS,Withdrawal
TX-00648,CUST-0648,ACC-0648,CARD-0648,MERCH-0648,20260319,4055.78,EUR,Reversed,ATM,Refund
TX-00649,CUST-0649,ACC-0649,CARD-0649,MERCH-0649,20260624,4187.7,EUR,Approved,Mobile App,Refund
TX-00650,CUST-0650,ACC-0650,CARD-0650,MERCH-0650,20260585,4912.02,EUR,Approved,Mobile App,Purchase
TX-00651,CUST-0651,ACC-0651,CARD-0651,MERCH-0651,20260913,426.22,CAD,Reversed,Mobile App,Withdrawal
TX-00652,CUST-0652,ACC-0652,CARD-0652,MERCH-0652,20260916,3232.4,CAD,Approved,Online,Transfer
TX-00653,CUST-0653,ACC-0653,CARD-0653,MERCH-0653,20260854,200.51,GBP,Approved,Online,Withdrawal
TX-00654,CUST-0654,ACC-0654,CARD-0654,MERCH-0654,20260274,3539.57,GBP,Approved,ATM,Withdrawal
TX-00655,CUST-0655,ACC-0655,CARD-0655,MERCH-0655,20260775,4954.98,GBP,Declined,Online,Withdrawal
TX-00656,CUST-0656,ACC-0656,CARD-0656,MERCH-0656,20260187,2622.72,INR,Reversed,ATM,Withdrawal
TX-00657,CUST-0657,ACC-0657,CARD-0657,MERCH-0657,20260391,3050.98,USD,Approved,ATM,Purchase
TX-00658,CUST-0658,ACC-0658,CARD-0658,MERCH-0658,20260628,1822.67,GBP,Approved,POS,Refund
TX-00659,CUST-0659,ACC-0659,CARD-0659,MERCH-0659,20260780,4590.09,INR,Approved,Mobile App,Transfer
TX-00660,CUST-0660,ACC-0660,CARD-0660,MERCH-0660,20260749,1940.15,INR,Approved,Mobile App,Transfer
TX-00661,CUST-0661,ACC-0661,CARD-0661,MERCH-0661,20260735,3873.45,CAD,Approved,ATM,Refund
TX-00662,CUST-0662,ACC-0662,CARD-0662,MERCH-0662,20260444,3396.09,EUR,Approved,Online,Transfer
TX-00663,CUST-0663,ACC-0663,CARD-0663,MERCH-0663,20260196,266.57,EUR,Declined,ATM,Withdrawal
TX-00664,CUST-0664,ACC-0664,CARD-0664,MERCH-0664,20260870,3156.28,GBP,Declined,Mobile App,Purchase
TX-00665,CUST-0665,ACC-0665,CARD-0665,MERCH-0665,20260341,1676.57,USD,Approved,POS,Withdrawal
TX-00666,CUST-0666,ACC-0666,CARD-0666,MERCH-0666,20260789,1651.81,USD,Approved,Mobile App,Withdrawal
TX-00667,CUST-0667,ACC-0667,CARD-0667,MERCH-0667,20260418,2792.03,USD,Reversed,ATM,Purchase
TX-00668,CUST-0668,ACC-0668,CARD-0668,MERCH-0668,20260331,1935.89,INR,Reversed,ATM,Transfer
TX-00669,CUST-0669,ACC-0669,CARD-0669,MERCH-0669,20260926,1263.72,INR,Approved,Mobile App,Purchase
TX-00670,CUST-0670,ACC-0670,CARD-0670,MERCH-0670,20260304,4258.57,INR,Approved,Mobile App,Refund
TX-00671,CUST-0671,ACC-0671,CARD-0671,MERCH-0671,20260251,4822.23,CAD,Reversed,Online,Refund
TX-00672,CUST-0672,ACC-0672,CARD-0672,MERCH-0672,20260126,3015.49,INR,Approved,POS,Refund
TX-00673,CUST-0673,ACC-0673,CARD-0673,MERCH-0673,20260148,756.11,USD,Declined,Mobile App,Purchase
TX-00674,CUST-0674,ACC-0674,CARD-0674,MERCH-0674,20260351,412.1,USD,Approved,POS,Refund
TX-00675,CUST-0675,ACC-0675,CARD-0675,MERCH-0675,20260587,3319.74,EUR,Approved,POS,Withdrawal
TX-00676,CUST-0676,ACC-0676,CARD-0676,MERCH-0676,20260726,4584.15,USD,Approved,Online,Withdrawal
TX-00677,CUST-0677,ACC-0677,CARD-0677,MERCH-0677,20260887,1554.61,INR,Approved,ATM,Refund
TX-00678,CUST-0678,ACC-0678,CARD-0678,MERCH-0678,20260175,3281.99,INR,Approved,POS,Refund
TX-00679,CUST-0679,ACC-0679,CARD-0679,MERCH-0679,20260567,3312.37,GBP,Reversed,POS,Refund
TX-00680,CUST-0680,ACC-0680,CARD-0680,MERCH-0680,20260525,649.11,CAD,Declined,POS,Refund
TX-00681,CUST-0681,ACC-0681,CARD-0681,MERCH-0681,20260745,3545.63,USD,Reversed,POS,Purchase
TX-00682,CUST-0682,ACC-0682,CARD-0682,MERCH-0682,20260690,428.17,CAD,Approved,ATM,Purchase
TX-00683,CUST-0683,ACC-0683,CARD-0683,MERCH-0683,20260300,2796.82,USD,Approved,Online,Withdrawal
TX-00684,CUST-0684,ACC-0684,CARD-0684,MERCH-0684,20260836,3219.25,EUR,Reversed,POS,Transfer
TX-00685,CUST-0685,ACC-0685,CARD-0685,MERCH-0685,20260814,1645.74,EUR,Approved,Mobile App,Withdrawal
TX-00686,CUST-0686,ACC-0686,CARD-0686,MERCH-0686,20260494,643.33,CAD,Reversed,ATM,Purchase
TX-00687,CUST-0687,ACC-0687,CARD-0687,MERCH-0687,20260607,3515.64,INR,Approved,Online,Withdrawal
TX-00688,CUST-0688,ACC-0688,CARD-0688,MERCH-0688,20260510,4735.81,GBP,Reversed,Mobile App,Withdrawal
TX-00689,CUST-0689,ACC-0689,CARD-0689,MERCH-0689,20260350,4985.83,USD,Approved,Mobile App,Purchase
TX-00690,CUST-0690,ACC-0690,CARD-0690,MERCH-0690,20260252,4562.68,USD,Declined,Mobile App,Transfer
TX-00691,CUST-0691,ACC-0691,CARD-0691,MERCH-0691,20260772,471.8,GBP,Approved,POS,Purchase
TX-00692,CUST-0692,ACC-0692,CARD-0692,MERCH-0692,20260805,3353.93,CAD,Approved,POS,Withdrawal
TX-00693,CUST-0693,ACC-0693,CARD-0693,MERCH-0693,20260106,2544.9,CAD,Approved,Mobile App,Purchase
TX-00694,CUST-0694,ACC-0694,CARD-0694,MERCH-0694,20260869,96.06,USD,Approved,Online,Transfer
TX-00695,CUST-0695,ACC-0695,CARD-0695,MERCH-0695,20260889,1547.79,EUR,Approved,POS,Transfer
TX-00696,CUST-0696,ACC-0696,CARD-0696,MERCH-0696,20260210,4756.09,GBP,Approved,Online,Purchase
TX-00697,CUST-0697,ACC-0697,CARD-0697,MERCH-0697,20260898,1711.95,USD,Approved,POS,Purchase
TX-00698,CUST-0698,ACC-0698,CARD-0698,MERCH-0698,20260536,3831.95,EUR,Approved,POS,Purchase
TX-00699,CUST-0699,ACC-0699,CARD-0699,MERCH-0699,20260325,964.07,CAD,Approved,POS,Refund
TX-00700,CUST-0700,ACC-0700,CARD-0700,MERCH-0700,20260281,4999.88,EUR,Declined,Online,Withdrawal
TX-00701,CUST-0701,ACC-0701,CARD-0701,MERCH-0701,20260924,778.95,INR,Approved,POS,Withdrawal
TX-00702,CUST-0702,ACC-0702,CARD-0702,MERCH-0702,20260813,1482.48,USD,Approved,Online,Transfer
TX-00703,CUST-0703,ACC-0703,CARD-0703,MERCH-0703,20260631,3941.66,GBP,Approved,POS,Withdrawal
TX-00704,CUST-0704,ACC-0704,CARD-0704,MERCH-0704,20260576,2540.91,EUR,Approved,ATM,Refund
TX-00705,CUST-0705,ACC-0705,CARD-0705,MERCH-0705,20260152,2701.15,CAD,Approved,POS,Transfer
TX-00706,CUST-0706,ACC-0706,CARD-0706,MERCH-0706,20260671,3694.53,EUR,Approved,Mobile App,Purchase
TX-00707,CUST-0707,ACC-0707,CARD-0707,MERCH-0707,20260356,2635.03,CAD,Approved,Online,Purchase
TX-00708,CUST-0708,ACC-0708,CARD-0708,MERCH-0708,20260225,3311.34,INR,Approved,ATM,Transfer
TX-00709,CUST-0709,ACC-0709,CARD-0709,MERCH-0709,20260568,4382.58,CAD,Approved,Online,Transfer
TX-00710,CUST-0710,ACC-0710,CARD-0710,MERCH-0710,20260237,3092.07,GBP,Approved,POS,Transfer
TX-00711,CUST-0711,ACC-0711,CARD-0711,MERCH-0711,20260921,2988.25,INR,Declined,Mobile App,Refund
TX-00712,CUST-0712,ACC-0712,CARD-0712,MERCH-0712,20260576,775.49,EUR,Declined,Mobile App,Purchase
TX-00713,CUST-0713,ACC-0713,CARD-0713,MERCH-0713,20260784,908.33,USD,Declined,Mobile App,Refund
TX-00714,CUST-0714,ACC-0714,CARD-0714,MERCH-0714,20260644,3465.76,CAD,Approved,POS,Purchase
TX-00715,CUST-0715,ACC-0715,CARD-0715,MERCH-0715,20260673,3125.58,GBP,Declined,POS,Transfer
TX-00716,CUST-0716,ACC-0716,CARD-0716,MERCH-0716,20260710,4513.77,USD,Declined,Mobile App,Refund
TX-00717,CUST-0717,ACC-0717,CARD-0717,MERCH-0717,20260425,3607.31,USD,Declined,POS,Withdrawal
TX-00718,CUST-0718,ACC-0718,CARD-0718,MERCH-0718,20260874,223.24,INR,Approved,POS,Purchase
TX-00719,CUST-0719,ACC-0719,CARD-0719,MERCH-0719,20260554,1824.68,EUR,Reversed,ATM,Transfer
TX-00720,CUST-0720,ACC-0720,CARD-0720,MERCH-0720,20260728,3599.33,USD,Declined,POS,Transfer
TX-00721,CUST-0721,ACC-0721,CARD-0721,MERCH-0721,20260837,4848.1,GBP,Approved,ATM,Refund
TX-00722,CUST-0722,ACC-0722,CARD-0722,MERCH-0722,20260617,3054.92,CAD,Declined,Mobile App,Withdrawal
TX-00723,CUST-0723,ACC-0723,CARD-0723,MERCH-0723,20260537,3763.19,CAD,Reversed,Online,Withdrawal
TX-00724,CUST-0724,ACC-0724,CARD-0724,MERCH-0724,20260662,3920.08,CAD,Approved,POS,Purchase
TX-00725,CUST-0725,ACC-0725,CARD-0725,MERCH-0725,20260557,1173.84,INR,Approved,Mobile App,Purchase
TX-00726,CUST-0726,ACC-0726,CARD-0726,MERCH-0726,20260263,1199.65,GBP,Declined,Mobile App,Purchase
TX-00727,CUST-0727,ACC-0727,CARD-0727,MERCH-0727,20260862,4828.16,USD,Approved,POS,Refund
TX-00728,CUST-0728,ACC-0728,CARD-0728,MERCH-0728,20260587,3922.93,GBP,Approved,Online,Transfer
TX-00729,CUST-0729,ACC-0729,CARD-0729,MERCH-0729,20260561,4520.35,INR,Approved,Online,Refund
TX-00730,CUST-0730,ACC-0730,CARD-0730,MERCH-0730,20260366,974.11,INR,Approved,POS,Transfer
TX-00731,CUST-0731,ACC-0731,CARD-0731,MERCH-0731,20260870,3393.14,EUR,Approved,Mobile App,Transfer
TX-00732,CUST-0732,ACC-0732,CARD-0732,MERCH-0732,20260354,2854.24,GBP,Approved,POS,Transfer
TX-00733,CUST-0733,ACC-0733,CARD-0733,MERCH-0733,20260753,2205.78,CAD,Approved,Online,Withdrawal
TX-00734,CUST-0734,ACC-0734,CARD-0734,MERCH-0734,20260384,3848.35,INR,Approved,POS,Refund
TX-00735,CUST-0735,ACC-0735,CARD-0735,MERCH-0735,20260885,3891.73,INR,Approved,Mobile App,Refund
TX-00736,CUST-0736,ACC-0736,CARD-0736,MERCH-0736,20260897,2517.02,EUR,Approved,Online,Refund
TX-00737,CUST-0737,ACC-0737,CARD-0737,MERCH-0737,20260634,2096.21,CAD,Declined,Online,Withdrawal
TX-00738,CUST-0738,ACC-0738,CARD-0738,MERCH-0738,20260597,814.48,INR,Approved,Online,Withdrawal
TX-00739,CUST-0739,ACC-0739,CARD-0739,MERCH-0739,20260742,1002.49,USD,Approved,Mobile App,Transfer
TX-00740,CUST-0740,ACC-0740,CARD-0740,MERCH-0740,20260345,3025.29,CAD,Reversed,POS,Withdrawal
TX-00741,CUST-0741,ACC-0741,CARD-0741,MERCH-0741,20260382,4365.64,GBP,Approved,Online,Purchase
TX-00742,CUST-0742,ACC-0742,CARD-0742,MERCH-0742,20260551,265.64,EUR,Approved,Mobile App,Purchase
TX-00743,CUST-0743,ACC-0743,CARD-0743,MERCH-0743,20260180,2405.55,USD,Reversed,Mobile App,Purchase
TX-00744,CUST-0744,ACC-0744,CARD-0744,MERCH-0744,20260831,1859.2,USD,Reversed,ATM,Refund
TX-00745,CUST-0745,ACC-0745,CARD-0745,MERCH-0745,20260393,4671.8,GBP,Declined,Online,Purchase
TX-00746,CUST-0746,ACC-0746,CARD-0746,MERCH-0746,20260341,3558.45,EUR,Approved,Mobile App,Withdrawal
TX-00747,CUST-0747,ACC-0747,CARD-0747,MERCH-0747,20260379,2581.97,INR,Declined,POS,Refund
TX-00748,CUST-0748,ACC-0748,CARD-0748,MERCH-0748,20260444,627.77,EUR,Approved,Mobile App,Refund
TX-00749,CUST-0749,ACC-0749,CARD-0749,MERCH-0749,20260428,423.96,INR,Reversed,Mobile App,Purchase
TX-00750,CUST-0750,ACC-0750,CARD-0750,MERCH-0750,20260654,805.76,GBP,Declined,ATM,Transfer
TX-00751,CUST-0751,ACC-0751,CARD-0751,MERCH-0751,20260183,2249.35,GBP,Approved,Online,Transfer
TX-00752,CUST-0752,ACC-0752,CARD-0752,MERCH-0752,20260242,2569.2,USD,Approved,Mobile App,Withdrawal
TX-00753,CUST-0753,ACC-0753,CARD-0753,MERCH-0753,20260255,4156.08,USD,Approved,POS,Purchase
TX-00754,CUST-0754,ACC-0754,CARD-0754,MERCH-0754,20260337,463.11,USD,Approved,ATM,Withdrawal
TX-00755,CUST-0755,ACC-0755,CARD-0755,MERCH-0755,20260493,4552.97,GBP,Approved,Mobile App,Transfer
TX-00756,CUST-0756,ACC-0756,CARD-0756,MERCH-0756,20260811,4084.43,INR,Approved,POS,Transfer
TX-00757,CUST-0757,ACC-0757,CARD-0757,MERCH-0757,20260257,4423.73,GBP,Declined,Online,Purchase
TX-00758,CUST-0758,ACC-0758,CARD-0758,MERCH-0758,20260824,4652.71,GBP,Reversed,ATM,Transfer
TX-00759,CUST-0759,ACC-0759,CARD-0759,MERCH-0759,20260320,2077.41,USD,Reversed,Mobile App,Transfer
TX-00760,CUST-0760,ACC-0760,CARD-0760,MERCH-0760,20260166,1985.29,EUR,Approved,ATM,Transfer
TX-00761,CUST-0761,ACC-0761,CARD-0761,MERCH-0761,20260525,1872.94,USD,Approved,POS,Purchase
TX-00762,CUST-0762,ACC-0762,CARD-0762,MERCH-0762,20260518,1933.9,EUR,Approved,Online,Purchase
TX-00763,CUST-0763,ACC-0763,CARD-0763,MERCH-0763,20260439,412.62,INR,Approved,Online,Transfer
TX-00764,CUST-0764,ACC-0764,CARD-0764,MERCH-0764,20260656,1126.57,INR,Approved,Online,Transfer
TX-00765,CUST-0765,ACC-0765,CARD-0765,MERCH-0765,20260578,1596.83,CAD,Approved,Online,Refund
TX-00766,CUST-0766,ACC-0766,CARD-0766,MERCH-0766,20260526,499.92,CAD,Declined,Mobile App,Purchase
TX-00767,CUST-0767,ACC-0767,CARD-0767,MERCH-0767,20260164,3574.95,CAD,Reversed,POS,Withdrawal
TX-00768,CUST-0768,ACC-0768,CARD-0768,MERCH-0768,20260312,1679.78,INR,Reversed,ATM,Withdrawal
TX-00769,CUST-0769,ACC-0769,CARD-0769,MERCH-0769,20260531,734.52,USD,Declined,Mobile App,Transfer
TX-00770,CUST-0770,ACC-0770,CARD-0770,MERCH-0770,20260499,196.32,USD,Approved,ATM,Transfer
TX-00771,CUST-0771,ACC-0771,CARD-0771,MERCH-0771,20260889,4587.39,USD,Approved,Online,Refund
TX-00772,CUST-0772,ACC-0772,CARD-0772,MERCH-0772,20260699,2364.91,GBP,Approved,POS,Refund
TX-00773,CUST-0773,ACC-0773,CARD-0773,MERCH-0773,20260813,4156.4,CAD,Approved,Mobile App,Purchase
TX-00774,CUST-0774,ACC-0774,CARD-0774,MERCH-0774,20260121,3795.41,USD,Declined,ATM,Withdrawal
TX-00775,CUST-0775,ACC-0775,CARD-0775,MERCH-0775,20260884,2348.21,CAD,Approved,ATM,Refund
TX-00776,CUST-0776,ACC-0776,CARD-0776,MERCH-0776,20260690,3078.66,CAD,Approved,Mobile App,Withdrawal
TX-00777,CUST-0777,ACC-0777,CARD-0777,MERCH-0777,20260490,4529.76,GBP,Reversed,ATM,Refund
TX-00778,CUST-0778,ACC-0778,CARD-0778,MERCH-0778,20260589,99.92,INR,Declined,ATM,Transfer
TX-00779,CUST-0779,ACC-0779,CARD-0779,MERCH-0779,20260107,1082.2,USD,Approved,Mobile App,Refund
TX-00780,CUST-0780,ACC-0780,CARD-0780,MERCH-0780,20260461,751.85,GBP,Approved,POS,Refund
TX-00781,CUST-0781,ACC-0781,CARD-0781,MERCH-0781,20260406,4701.43,INR,Approved,Mobile App,Purchase
TX-00782,CUST-0782,ACC-0782,CARD-0782,MERCH-0782,20260872,3046.36,INR,Approved,Mobile App,Transfer
TX-00783,CUST-0783,ACC-0783,CARD-0783,MERCH-0783,20260500,2119.16,USD,Approved,POS,Transfer
TX-00784,CUST-0784,ACC-0784,CARD-0784,MERCH-0784,20260530,3881.98,CAD,Approved,ATM,Purchase
TX-00785,CUST-0785,ACC-0785,CARD-0785,MERCH-0785,20260652,1192.01,EUR,Approved,Mobile App,Withdrawal
TX-00786,CUST-0786,ACC-0786,CARD-0786,MERCH-0786,20260866,613.63,CAD,Declined,ATM,Transfer
TX-00787,CUST-0787,ACC-0787,CARD-0787,MERCH-0787,20260853,1196.01,CAD,Approved,ATM,Transfer
TX-00788,CUST-0788,ACC-0788,CARD-0788,MERCH-0788,20260660,3196.56,EUR,Approved,ATM,Purchase
TX-00789,CUST-0789,ACC-0789,CARD-0789,MERCH-0789,20260920,3115.94,INR,Declined,Mobile App,Withdrawal
TX-00790,CUST-0790,ACC-0790,CARD-0790,MERCH-0790,20260718,318.72,EUR,Declined,POS,Transfer
TX-00791,CUST-0791,ACC-0791,CARD-0791,MERCH-0791,20260326,4184.26,EUR,Declined,Online,Purchase
TX-00792,CUST-0792,ACC-0792,CARD-0792,MERCH-0792,20260600,2501.65,GBP,Approved,POS,Transfer
TX-00793,CUST-0793,ACC-0793,CARD-0793,MERCH-0793,20260325,2682.59,GBP,Approved,Mobile App,Refund
TX-00794,CUST-0794,ACC-0794,CARD-0794,MERCH-0794,20260380,3161.61,GBP,Reversed,POS,Withdrawal
TX-00795,CUST-0795,ACC-0795,CARD-0795,MERCH-0795,20260547,2877.36,INR,Declined,Online,Refund
TX-00796,CUST-0796,ACC-0796,CARD-0796,MERCH-0796,20260598,3594.13,EUR,Approved,POS,Withdrawal
TX-00797,CUST-0797,ACC-0797,CARD-0797,MERCH-0797,20260130,1459.9,USD,Approved,Mobile App,Purchase
TX-00798,CUST-0798,ACC-0798,CARD-0798,MERCH-0798,20260499,12.81,EUR,Declined,ATM,Transfer
TX-00799,CUST-0799,ACC-0799,CARD-0799,MERCH-0799,20260445,1767.32,INR,Approved,Online,Transfer
TX-00800,CUST-0800,ACC-0800,CARD-0800,MERCH-0800,20260785,2855.47,GBP,Approved,POS,Purchase
TX-00801,CUST-0801,ACC-0801,CARD-0801,MERCH-0801,20260796,940.63,INR,Declined,Mobile App,Transfer
TX-00802,CUST-0802,ACC-0802,CARD-0802,MERCH-0802,20260918,3342.73,GBP,Approved,Online,Refund
TX-00803,CUST-0803,ACC-0803,CARD-0803,MERCH-0803,20260515,2619.81,INR,Approved,Online,Purchase
TX-00804,CUST-0804,ACC-0804,CARD-0804,MERCH-0804,20260842,1806.22,USD,Declined,POS,Refund
TX-00805,CUST-0805,ACC-0805,CARD-0805,MERCH-0805,20260270,4767.25,GBP,Declined,Mobile App,Withdrawal
TX-00806,CUST-0806,ACC-0806,CARD-0806,MERCH-0806,20260579,2722.69,GBP,Approved,Mobile App,Transfer
TX-00807,CUST-0807,ACC-0807,CARD-0807,MERCH-0807,20260231,3933.13,EUR,Approved,Online,Refund
TX-00808,CUST-0808,ACC-0808,CARD-0808,MERCH-0808,20260738,2540.57,INR,Approved,Online,Transfer
TX-00809,CUST-0809,ACC-0809,CARD-0809,MERCH-0809,20260647,106.57,CAD,Reversed,ATM,Withdrawal
TX-00810,CUST-0810,ACC-0810,CARD-0810,MERCH-0810,20260128,4367.29,CAD,Approved,POS,Transfer
TX-00811,CUST-0811,ACC-0811,CARD-0811,MERCH-0811,20260504,222.45,EUR,Approved,ATM,Withdrawal
TX-00812,CUST-0812,ACC-0812,CARD-0812,MERCH-0812,20260707,1937.47,INR,Approved,Online,Purchase
TX-00813,CUST-0813,ACC-0813,CARD-0813,MERCH-0813,20260678,1869.65,USD,Approved,Online,Transfer
TX-00814,CUST-0814,ACC-0814,CARD-0814,MERCH-0814,20260779,3737.85,EUR,Approved,Mobile App,Purchase
TX-00815,CUST-0815,ACC-0815,CARD-0815,MERCH-0815,20260128,1788.68,GBP,Reversed,Mobile App,Withdrawal
TX-00816,CUST-0816,ACC-0816,CARD-0816,MERCH-0816,20260186,342.46,USD,Declined,ATM,Purchase
TX-00817,CUST-0817,ACC-0817,CARD-0817,MERCH-0817,20260759,1209.42,INR,Reversed,Online,Refund
TX-00818,CUST-0818,ACC-0818,CARD-0818,MERCH-0818,20260539,3287.24,GBP,Approved,POS,Purchase
TX-00819,CUST-0819,ACC-0819,CARD-0819,MERCH-0819,20260239,522.8,CAD,Reversed,Mobile App,Refund
TX-00820,CUST-0820,ACC-0820,CARD-0820,MERCH-0820,20260573,2911.61,INR,Approved,Mobile App,Withdrawal
TX-00821,CUST-0821,ACC-0821,CARD-0821,MERCH-0821,20260287,3784.61,GBP,Declined,Online,Withdrawal
TX-00822,CUST-0822,ACC-0822,CARD-0822,MERCH-0822,20260152,671.38,INR,Reversed,POS,Transfer
TX-00823,CUST-0823,ACC-0823,CARD-0823,MERCH-0823,20260367,1764.73,GBP,Declined,ATM,Refund
TX-00824,CUST-0824,ACC-0824,CARD-0824,MERCH-0824,20260489,1696.04,INR,Reversed,POS,Transfer
TX-00825,CUST-0825,ACC-0825,CARD-0825,MERCH-0825,20260436,3215.76,CAD,Declined,Online,Transfer
TX-00826,CUST-0826,ACC-0826,CARD-0826,MERCH-0826,20260317,4152.77,EUR,Reversed,POS,Withdrawal
TX-00827,CUST-0827,ACC-0827,CARD-0827,MERCH-0827,20260566,3424.99,GBP,Approved,POS,Purchase
TX-00828,CUST-0828,ACC-0828,CARD-0828,MERCH-0828,20260435,4904.19,GBP,Declined,Online,Withdrawal
TX-00829,CUST-0829,ACC-0829,CARD-0829,MERCH-0829,20260446,2395.26,CAD,Approved,ATM,Withdrawal
TX-00830,CUST-0830,ACC-0830,CARD-0830,MERCH-0830,20260880,915.48,EUR,Approved,POS,Purchase
TX-00831,CUST-0831,ACC-0831,CARD-0831,MERCH-0831,20260489,678.59,INR,Declined,Online,Refund
TX-00832,CUST-0832,ACC-0832,CARD-0832,MERCH-0832,20260385,3581.65,GBP,Approved,POS,Refund
TX-00833,CUST-0833,ACC-0833,CARD-0833,MERCH-0833,20260871,4718.31,EUR,Reversed,Online,Purchase
TX-00834,CUST-0834,ACC-0834,CARD-0834,MERCH-0834,20260532,189.73,INR,Reversed,ATM,Purchase
TX-00835,CUST-0835,ACC-0835,CARD-0835,MERCH-0835,20260359,1011.95,GBP,Reversed,Mobile App,Transfer
TX-00836,CUST-0836,ACC-0836,CARD-0836,MERCH-0836,20260184,3956.59,GBP,Reversed,ATM,Purchase
TX-00837,CUST-0837,ACC-0837,CARD-0837,MERCH-0837,20260582,4429.52,INR,Reversed,Mobile App,Purchase
TX-00838,CUST-0838,ACC-0838,CARD-0838,MERCH-0838,20260120,1581.4,CAD,Approved,Mobile App,Transfer
TX-00839,CUST-0839,ACC-0839,CARD-0839,MERCH-0839,20260868,1553.83,EUR,Approved,POS,Refund
TX-00840,CUST-0840,ACC-0840,CARD-0840,MERCH-0840,20260653,1994.13,GBP,Declined,Online,Purchase
TX-00841,CUST-0841,ACC-0841,CARD-0841,MERCH-0841,20260154,4077.95,INR,Approved,Online,Purchase
TX-00842,CUST-0842,ACC-0842,CARD-0842,MERCH-0842,20260459,2369.63,GBP,Approved,Online,Transfer
TX-00843,CUST-0843,ACC-0843,CARD-0843,MERCH-0843,20260330,187.92,INR,Approved,ATM,Purchase
TX-00844,CUST-0844,ACC-0844,CARD-0844,MERCH-0844,20260766,3236.27,GBP,Approved,ATM,Transfer
TX-00845,CUST-0845,ACC-0845,CARD-0845,MERCH-0845,20260171,1434.12,USD,Approved,ATM,Withdrawal
TX-00846,CUST-0846,ACC-0846,CARD-0846,MERCH-0846,20260900,4311.38,CAD,Approved,ATM,Transfer
TX-00847,CUST-0847,ACC-0847,CARD-0847,MERCH-0847,20260768,243.78,EUR,Declined,POS,Withdrawal
TX-00848,CUST-0848,ACC-0848,CARD-0848,MERCH-0848,20260142,3280.38,CAD,Approved,POS,Withdrawal
TX-00849,CUST-0849,ACC-0849,CARD-0849,MERCH-0849,20260873,1369.72,CAD,Declined,Mobile App,Transfer
TX-00850,CUST-0850,ACC-0850,CARD-0850,MERCH-0850,20260132,3997.72,EUR,Approved,Mobile App,Transfer
TX-00851,CUST-0851,ACC-0851,CARD-0851,MERCH-0851,20260354,2187.57,CAD,Approved,Online,Transfer
TX-00852,CUST-0852,ACC-0852,CARD-0852,MERCH-0852,20260305,2003.11,USD,Reversed,ATM,Refund
TX-00853,CUST-0853,ACC-0853,CARD-0853,MERCH-0853,20260121,2201.48,INR,Approved,POS,Purchase
TX-00854,CUST-0854,ACC-0854,CARD-0854,MERCH-0854,20260737,4782.61,EUR,Approved,Mobile App,Transfer
TX-00855,CUST-0855,ACC-0855,CARD-0855,MERCH-0855,20260257,1698.49,INR,Approved,Online,Withdrawal
TX-00856,CUST-0856,ACC-0856,CARD-0856,MERCH-0856,20260345,938.15,GBP,Approved,Online,Withdrawal
TX-00857,CUST-0857,ACC-0857,CARD-0857,MERCH-0857,20260230,3461.88,USD,Declined,ATM,Transfer
TX-00858,CUST-0858,ACC-0858,CARD-0858,MERCH-0858,20260585,1839.9,INR,Reversed,ATM,Purchase
TX-00859,CUST-0859,ACC-0859,CARD-0859,MERCH-0859,20260786,3987.47,INR,Declined,Online,Purchase
TX-00860,CUST-0860,ACC-0860,CARD-0860,MERCH-0860,20260218,1337.27,EUR,Reversed,ATM,Purchase
TX-00861,CUST-0861,ACC-0861,CARD-0861,MERCH-0861,20260678,417.64,GBP,Approved,ATM,Withdrawal
TX-00862,CUST-0862,ACC-0862,CARD-0862,MERCH-0862,20260324,2125.38,EUR,Approved,Mobile App,Transfer
TX-00863,CUST-0863,ACC-0863,CARD-0863,MERCH-0863,20260577,2155.88,GBP,Reversed,Mobile App,Transfer
TX-00864,CUST-0864,ACC-0864,CARD-0864,MERCH-0864,20260817,4975.52,EUR,Declined,Mobile App,Transfer
TX-00865,CUST-0865,ACC-0865,CARD-0865,MERCH-0865,20260363,906.38,INR,Approved,POS,Withdrawal
TX-00866,CUST-0866,ACC-0866,CARD-0866,MERCH-0866,20260886,1472.36,INR,Reversed,ATM,Transfer
TX-00867,CUST-0867,ACC-0867,CARD-0867,MERCH-0867,20260478,517.48,USD,Reversed,Mobile App,Withdrawal
TX-00868,CUST-0868,ACC-0868,CARD-0868,MERCH-0868,20260272,1642.96,INR,Reversed,Mobile App,Withdrawal
TX-00869,CUST-0869,ACC-0869,CARD-0869,MERCH-0869,20260721,1481.72,CAD,Declined,Online,Purchase
TX-00870,CUST-0870,ACC-0870,CARD-0870,MERCH-0870,20260722,2232.35,INR,Approved,Mobile App,Transfer
TX-00871,CUST-0871,ACC-0871,CARD-0871,MERCH-0871,20260866,3589.73,CAD,Declined,Online,Transfer
TX-00872,CUST-0872,ACC-0872,CARD-0872,MERCH-0872,20260836,837.39,INR,Approved,ATM,Refund
TX-00873,CUST-0873,ACC-0873,CARD-0873,MERCH-0873,20260218,2222.32,CAD,Approved,Online,Purchase
TX-00874,CUST-0874,ACC-0874,CARD-0874,MERCH-0874,20260897,2238.41,CAD,Reversed,Mobile App,Withdrawal
TX-00875,CUST-0875,ACC-0875,CARD-0875,MERCH-0875,20260268,3635.44,INR,Reversed,POS,Purchase
TX-00876,CUST-0876,ACC-0876,CARD-0876,MERCH-0876,20260419,4558.48,CAD,Reversed,POS,Refund
TX-00877,CUST-0877,ACC-0877,CARD-0877,MERCH-0877,20260211,3076.18,USD,Approved,ATM,Purchase
TX-00878,CUST-0878,ACC-0878,CARD-0878,MERCH-0878,20260693,2177.53,GBP,Approved,Mobile App,Purchase
TX-00879,CUST-0879,ACC-0879,CARD-0879,MERCH-0879,20260127,3199.15,CAD,Reversed,ATM,Refund
TX-00880,CUST-0880,ACC-0880,CARD-0880,MERCH-0880,20260420,3958.43,CAD,Approved,Online,Purchase
TX-00881,CUST-0881,ACC-0881,CARD-0881,MERCH-0881,20260690,291.5,USD,Approved,ATM,Purchase
TX-00882,CUST-0882,ACC-0882,CARD-0882,MERCH-0882,20260794,3357.56,USD,Reversed,POS,Refund
TX-00883,CUST-0883,ACC-0883,CARD-0883,MERCH-0883,20260485,2034.02,EUR,Approved,ATM,Refund
TX-00884,CUST-0884,ACC-0884,CARD-0884,MERCH-0884,20260507,2567.86,GBP,Declined,Online,Withdrawal
TX-00885,CUST-0885,ACC-0885,CARD-0885,MERCH-0885,20260833,3750.74,EUR,Approved,Mobile App,Refund
TX-00886,CUST-0886,ACC-0886,CARD-0886,MERCH-0886,20260304,804.13,CAD,Declined,ATM,Transfer
TX-00887,CUST-0887,ACC-0887,CARD-0887,MERCH-0887,20260178,160.55,USD,Declined,Online,Transfer
TX-00888,CUST-0888,ACC-0888,CARD-0888,MERCH-0888,20260707,4244.1,CAD,Reversed,POS,Transfer
TX-00889,CUST-0889,ACC-0889,CARD-0889,MERCH-0889,20260808,3392.05,INR,Reversed,Mobile App,Withdrawal
TX-00890,CUST-0890,ACC-0890,CARD-0890,MERCH-0890,20260743,2193.67,GBP,Declined,ATM,Purchase
TX-00891,CUST-0891,ACC-0891,CARD-0891,MERCH-0891,20260349,635.52,INR,Approved,ATM,Refund
TX-00892,CUST-0892,ACC-0892,CARD-0892,MERCH-0892,20260205,1183.8,USD,Approved,POS,Withdrawal
TX-00893,CUST-0893,ACC-0893,CARD-0893,MERCH-0893,20260814,3227.59,USD,Approved,ATM,Purchase
TX-00894,CUST-0894,ACC-0894,CARD-0894,MERCH-0894,20260892,1813.94,USD,Declined,POS,Refund
TX-00895,CUST-0895,ACC-0895,CARD-0895,MERCH-0895,20260409,4747.59,GBP,Approved,POS,Purchase
TX-00896,CUST-0896,ACC-0896,CARD-0896,MERCH-0896,20260801,166.76,EUR,Reversed,Mobile App,Refund
TX-00897,CUST-0897,ACC-0897,CARD-0897,MERCH-0897,20260715,771.42,CAD,Reversed,POS,Transfer
TX-00898,CUST-0898,ACC-0898,CARD-0898,MERCH-0898,20260925,2252.36,CAD,Declined,POS,Refund
TX-00899,CUST-0899,ACC-0899,CARD-0899,MERCH-0899,20260224,1857.97,CAD,Approved,POS,Refund
TX-00900,CUST-0900,ACC-0900,CARD-0900,MERCH-0900,20260916,2222.48,CAD,Declined,ATM,Withdrawal
TX-00901,CUST-0901,ACC-0901,CARD-0901,MERCH-0901,20260680,389.04,CAD,Approved,POS,Withdrawal
TX-00902,CUST-0902,ACC-0902,CARD-0902,MERCH-0902,20260902,692.79,EUR,Approved,POS,Withdrawal
TX-00903,CUST-0903,ACC-0903,CARD-0903,MERCH-0903,20260143,1837.91,INR,Approved,POS,Transfer
TX-00904,CUST-0904,ACC-0904,CARD-0904,MERCH-0904,20260456,1575.36,GBP,Declined,POS,Transfer
TX-00905,CUST-0905,ACC-0905,CARD-0905,MERCH-0905,20260646,1397.06,INR,Approved,ATM,Refund
TX-00906,CUST-0906,ACC-0906,CARD-0906,MERCH-0906,20260539,4802.8,INR,Approved,POS,Withdrawal
TX-00907,CUST-0907,ACC-0907,CARD-0907,MERCH-0907,20260778,134.44,CAD,Approved,Online,Transfer
TX-00908,CUST-0908,ACC-0908,CARD-0908,MERCH-0908,20260480,934.31,CAD,Approved,Online,Transfer
TX-00909,CUST-0909,ACC-0909,CARD-0909,MERCH-0909,20260171,2591.14,EUR,Approved,Online,Refund
TX-00910,CUST-0910,ACC-0910,CARD-0910,MERCH-0910,20260619,4568.14,GBP,Approved,Mobile App,Refund
TX-00911,CUST-0911,ACC-0911,CARD-0911,MERCH-0911,20260764,593.22,USD,Approved,Online,Purchase
TX-00912,CUST-0912,ACC-0912,CARD-0912,MERCH-0912,20260450,3875.95,INR,Declined,Online,Purchase
TX-00913,CUST-0913,ACC-0913,CARD-0913,MERCH-0913,20260113,3521.67,USD,Approved,Mobile App,Refund
TX-00914,CUST-0914,ACC-0914,CARD-0914,MERCH-0914,20260531,1076.78,GBP,Approved,ATM,Purchase
TX-00915,CUST-0915,ACC-0915,CARD-0915,MERCH-0915,20260602,3061.33,INR,Approved,ATM,Transfer
TX-00916,CUST-0916,ACC-0916,CARD-0916,MERCH-0916,20260209,3471.43,USD,Approved,Mobile App,Refund
TX-00917,CUST-0917,ACC-0917,CARD-0917,MERCH-0917,20260544,4993.15,USD,Declined,ATM,Refund
TX-00918,CUST-0918,ACC-0918,CARD-0918,MERCH-0918,20260471,1004.89,EUR,Approved,Mobile App,Withdrawal
TX-00919,CUST-0919,ACC-0919,CARD-0919,MERCH-0919,20260751,682.96,GBP,Approved,POS,Transfer
TX-00920,CUST-0920,ACC-0920,CARD-0920,MERCH-0920,20260571,374.89,GBP,Declined,ATM,Transfer
TX-00921,CUST-0921,ACC-0921,CARD-0921,MERCH-0921,20260825,867.42,GBP,Reversed,Mobile App,Withdrawal
TX-00922,CUST-0922,ACC-0922,CARD-0922,MERCH-0922,20260257,3568.28,INR,Approved,POS,Purchase
TX-00923,CUST-0923,ACC-0923,CARD-0923,MERCH-0923,20260546,4986.33,EUR,Approved,POS,Refund
TX-00924,CUST-0924,ACC-0924,CARD-0924,MERCH-0924,20260281,4053.51,CAD,Declined,Online,Purchase
TX-00925,CUST-0925,ACC-0925,CARD-0925,MERCH-0925,20260852,4837.97,INR,Approved,Mobile App,Transfer
TX-00926,CUST-0926,ACC-0926,CARD-0926,MERCH-0926,20260635,4932.94,GBP,Declined,Mobile App,Purchase
TX-00927,CUST-0927,ACC-0927,CARD-0927,MERCH-0927,20260767,3340.86,INR,Declined,Online,Transfer
TX-00928,CUST-0928,ACC-0928,CARD-0928,MERCH-0928,20260377,3549.15,USD,Reversed,ATM,Refund
TX-00929,CUST-0929,ACC-0929,CARD-0929,MERCH-0929,20260731,2752.24,INR,Approved,Mobile App,Refund
TX-00930,CUST-0930,ACC-0930,CARD-0930,MERCH-0930,20260928,1455.36,INR,Approved,POS,Refund
TX-00931,CUST-0931,ACC-0931,CARD-0931,MERCH-0931,20260652,1503.28,GBP,Reversed,Mobile App,Withdrawal
TX-00932,CUST-0932,ACC-0932,CARD-0932,MERCH-0932,20260894,791.74,USD,Approved,Online,Withdrawal
TX-00933,CUST-0933,ACC-0933,CARD-0933,MERCH-0933,20260596,3549.27,GBP,Approved,Mobile App,Withdrawal
TX-00934,CUST-0934,ACC-0934,CARD-0934,MERCH-0934,20260577,3502.6,USD,Approved,ATM,Refund
TX-00935,CUST-0935,ACC-0935,CARD-0935,MERCH-0935,20260547,874.58,USD,Reversed,Online,Refund
TX-00936,CUST-0936,ACC-0936,CARD-0936,MERCH-0936,20260849,1810.65,USD,Declined,Online,Purchase
TX-00937,CUST-0937,ACC-0937,CARD-0937,MERCH-0937,20260707,1125.09,GBP,Approved,POS,Transfer
TX-00938,CUST-0938,ACC-0938,CARD-0938,MERCH-0938,20260375,4925.74,USD,Reversed,Mobile App,Withdrawal
TX-00939,CUST-0939,ACC-0939,CARD-0939,MERCH-0939,20260431,3961.37,EUR,Reversed,Online,Refund
TX-00940,CUST-0940,ACC-0940,CARD-0940,MERCH-0940,20260352,1187.5,EUR,Approved,ATM,Refund
TX-00941,CUST-0941,ACC-0941,CARD-0941,MERCH-0941,20260189,2472.64,CAD,Approved,ATM,Transfer
TX-00942,CUST-0942,ACC-0942,CARD-0942,MERCH-0942,20260386,1807.68,EUR,Approved,ATM,Withdrawal
TX-00943,CUST-0943,ACC-0943,CARD-0943,MERCH-0943,20260562,2863.53,CAD,Approved,POS,Withdrawal
TX-00944,CUST-0944,ACC-0944,CARD-0944,MERCH-0944,20260350,2339.69,EUR,Approved,ATM,Purchase
TX-00945,CUST-0945,ACC-0945,CARD-0945,MERCH-0945,20260869,4915.14,GBP,Approved,POS,Refund
TX-00946,CUST-0946,ACC-0946,CARD-0946,MERCH-0946,20260576,653.21,CAD,Approved,ATM,Purchase
TX-00947,CUST-0947,ACC-0947,CARD-0947,MERCH-0947,20260684,4421.81,INR,Declined,Mobile App,Refund
TX-00948,CUST-0948,ACC-0948,CARD-0948,MERCH-0948,20260725,333.41,INR,Approved,ATM,Transfer
TX-00949,CUST-0949,ACC-0949,CARD-0949,MERCH-0949,20260785,1993.81,EUR,Approved,ATM,Purchase
TX-00950,CUST-0950,ACC-0950,CARD-0950,MERCH-0950,20260489,3586.08,INR,Approved,POS,Refund
TX-00951,CUST-0951,ACC-0951,CARD-0951,MERCH-0951,20260445,2395.93,EUR,Approved,Mobile App,Withdrawal
TX-00952,CUST-0952,ACC-0952,CARD-0952,MERCH-0952,20260130,2056.92,EUR,Approved,Mobile App,Transfer
TX-00953,CUST-0953,ACC-0953,CARD-0953,MERCH-0953,20260607,2050.12,INR,Declined,POS,Refund
TX-00954,CUST-0954,ACC-0954,CARD-0954,MERCH-0954,20260433,2876.63,INR,Reversed,Mobile App,Purchase
TX-00955,CUST-0955,ACC-0955,CARD-0955,MERCH-0955,20260287,631.01,USD,Declined,ATM,Purchase
TX-00956,CUST-0956,ACC-0956,CARD-0956,MERCH-0956,20260600,1588.55,CAD,Approved,ATM,Refund
TX-00957,CUST-0957,ACC-0957,CARD-0957,MERCH-0957,20260318,375.45,EUR,Approved,Mobile App,Transfer
TX-00958,CUST-0958,ACC-0958,CARD-0958,MERCH-0958,20260464,2331.84,INR,Approved,ATM,Refund
TX-00959,CUST-0959,ACC-0959,CARD-0959,MERCH-0959,20260917,2589.21,CAD,Approved,Mobile App,Purchase
TX-00960,CUST-0960,ACC-0960,CARD-0960,MERCH-0960,20260365,646.03,INR,Declined,POS,Purchase
TX-00961,CUST-0961,ACC-0961,CARD-0961,MERCH-0961,20260449,4146.12,INR,Reversed,POS,Withdrawal
TX-00962,CUST-0962,ACC-0962,CARD-0962,MERCH-0962,20260387,2758.76,USD,Declined,POS,Withdrawal
TX-00963,CUST-0963,ACC-0963,CARD-0963,MERCH-0963,20260711,2940.99,EUR,Approved,Online,Purchase
TX-00964,CUST-0964,ACC-0964,CARD-0964,MERCH-0964,20260819,3840.07,EUR,Declined,ATM,Withdrawal
TX-00965,CUST-0965,ACC-0965,CARD-0965,MERCH-0965,20260383,649.52,GBP,Reversed,POS,Withdrawal
TX-00966,CUST-0966,ACC-0966,CARD-0966,MERCH-0966,20260670,2516.8,USD,Reversed,Mobile App,Refund
TX-00967,CUST-0967,ACC-0967,CARD-0967,MERCH-0967,20260111,4341.72,CAD,Approved,Mobile App,Transfer
TX-00968,CUST-0968,ACC-0968,CARD-0968,MERCH-0968,20260630,4157.8,USD,Approved,POS,Refund
TX-00969,CUST-0969,ACC-0969,CARD-0969,MERCH-0969,20260296,2592.92,CAD,Approved,POS,Refund
TX-00970,CUST-0970,ACC-0970,CARD-0970,MERCH-0970,20260188,1524.1,EUR,Approved,POS,Withdrawal
TX-00971,CUST-0971,ACC-0971,CARD-0971,MERCH-0971,20260348,814.02,GBP,Approved,Mobile App,Withdrawal
TX-00972,CUST-0972,ACC-0972,CARD-0972,MERCH-0972,20260838,4674.02,GBP,Approved,Online,Transfer
TX-00973,CUST-0973,ACC-0973,CARD-0973,MERCH-0973,20260517,1131.22,EUR,Approved,POS,Transfer
TX-00974,CUST-0974,ACC-0974,CARD-0974,MERCH-0974,20260601,4737.68,INR,Declined,Mobile App,Transfer
TX-00975,CUST-0975,ACC-0975,CARD-0975,MERCH-0975,20260669,2596.89,USD,Approved,Mobile App,Refund
TX-00976,CUST-0976,ACC-0976,CARD-0976,MERCH-0976,20260877,1423.82,GBP,Approved,POS,Transfer
TX-00977,CUST-0977,ACC-0977,CARD-0977,MERCH-0977,20260347,398.91,INR,Reversed,ATM,Purchase
TX-00978,CUST-0978,ACC-0978,CARD-0978,MERCH-0978,20260808,985.53,CAD,Approved,Mobile App,Purchase
TX-00979,CUST-0979,ACC-0979,CARD-0979,MERCH-0979,20260588,4781.98,GBP,Approved,ATM,Refund
TX-00980,CUST-0980,ACC-0980,CARD-0980,MERCH-0980,20260762,1375.88,CAD,Approved,ATM,Withdrawal
TX-00981,CUST-0981,ACC-0981,CARD-0981,MERCH-0981,20260829,3126.99,INR,Approved,Online,Transfer
TX-00982,CUST-0982,ACC-0982,CARD-0982,MERCH-0982,20260603,3074.07,CAD,Approved,Mobile App,Purchase
TX-00983,CUST-0983,ACC-0983,CARD-0983,MERCH-0983,20260559,471.67,INR,Declined,Online,Transfer
TX-00984,CUST-0984,ACC-0984,CARD-0984,MERCH-0984,20260912,3206.73,CAD,Reversed,POS,Purchase
TX-00985,CUST-0985,ACC-0985,CARD-0985,MERCH-0985,20260118,2961.08,USD,Approved,Online,Purchase
TX-00986,CUST-0986,ACC-0986,CARD-0986,MERCH-0986,20260196,2905.33,GBP,Approved,POS,Transfer
TX-00987,CUST-0987,ACC-0987,CARD-0987,MERCH-0987,20260402,860.15,GBP,Declined,ATM,Purchase
TX-00988,CUST-0988,ACC-0988,CARD-0988,MERCH-0988,20260327,3124.27,INR,Approved,Mobile App,Transfer
TX-00989,CUST-0989,ACC-0989,CARD-0989,MERCH-0989,20260515,4510.49,CAD,Approved,Online,Purchase
TX-00990,CUST-0990,ACC-0990,CARD-0990,MERCH-0990,20260809,1691.41,EUR,Reversed,Mobile App,Withdrawal
TX-00991,CUST-0991,ACC-0991,CARD-0991,MERCH-0991,20260350,4620.03,GBP,Approved,ATM,Refund
TX-00992,CUST-0992,ACC-0992,CARD-0992,MERCH-0992,20260414,210.77,CAD,Approved,ATM,Refund
TX-00993,CUST-0993,ACC-0993,CARD-0993,MERCH-0993,20260780,4319.59,CAD,Approved,ATM,Transfer
TX-00994,CUST-0994,ACC-0994,CARD-0994,MERCH-0994,20260696,410.71,USD,Reversed,ATM,Refund
TX-00995,CUST-0995,ACC-0995,CARD-0995,MERCH-0995,20260478,4742.99,EUR,Approved,ATM,Refund
TX-00996,CUST-0996,ACC-0996,CARD-0996,MERCH-0996,20260585,3856.26,GBP,Approved,ATM,Refund
TX-00997,CUST-0997,ACC-0997,CARD-0997,MERCH-0997,20260667,1326.96,USD,Declined,Online,Refund
TX-00998,CUST-0998,ACC-0998,CARD-0998,MERCH-0998,20260644,1057.99,EUR,Declined,Mobile App,Withdrawal
TX-00999,CUST-0999,ACC-0999,CARD-0999,MERCH-0999,20260453,2862.83,GBP,Approved,Online,Withdrawal
TX-01000,CUST-1000,ACC-1000,CARD-1000,MERCH-1000,20260536,3092.45,USD,Declined,ATM,Refund
